seed,delay,eligibility_accuracy,misassignment_accuracy,replay_accuracy,eligibility_minus_misassignment,eligibility_minus_replay,learned_parameters,eligibility_state_dimensions,replay_state_dimensions
0,1,0.890625,0.302734375,0.890625,0.587890625,0.0,16,16,32
0,4,0.875,0.48046875,0.875,0.39453125,0.0,16,16,32
0,16,0.890625,0.5234375,0.890625,0.3671875,0.0,16,16,32
0,64,0.873046875,0.615234375,0.873046875,0.2578125,0.0,16,16,32
1,1,0.90625,0.517578125,0.90625,0.388671875,0.0,16,16,32
1,4,0.900390625,0.404296875,0.900390625,0.49609375,0.0,16,16,32
1,16,0.86328125,0.548828125,0.86328125,0.314453125,0.0,16,16,32
1,64,0.908203125,0.5390625,0.908203125,0.369140625,0.0,16,16,32
2,1,0.904296875,0.453125,0.904296875,0.451171875,0.0,16,16,32
2,4,0.91796875,0.427734375,0.91796875,0.490234375,0.0,16,16,32
2,16,0.8984375,0.544921875,0.8984375,0.353515625,0.0,16,16,32
2,64,0.904296875,0.62109375,0.904296875,0.283203125,0.0,16,16,32
3,1,0.904296875,0.525390625,0.904296875,0.37890625,0.0,16,16,32
3,4,0.92578125,0.58203125,0.92578125,0.34375,0.0,16,16,32
3,16,0.8828125,0.328125,0.8828125,0.5546875,0.0,16,16,32
3,64,0.900390625,0.470703125,0.900390625,0.4296875,0.0,16,16,32
4,1,0.89453125,0.33984375,0.89453125,0.5546875,0.0,16,16,32
4,4,0.857421875,0.482421875,0.857421875,0.375,0.0,16,16,32
4,16,0.857421875,0.509765625,0.857421875,0.34765625,0.0,16,16,32
4,64,0.912109375,0.37109375,0.912109375,0.541015625,0.0,16,16,32
5,1,0.8828125,0.474609375,0.8828125,0.408203125,0.0,16,16,32
5,4,0.884765625,0.390625,0.884765625,0.494140625,0.0,16,16,32
5,16,0.908203125,0.3203125,0.908203125,0.587890625,0.0,16,16,32
5,64,0.869140625,0.33203125,0.869140625,0.537109375,0.0,16,16,32
6,1,0.89453125,0.509765625,0.89453125,0.384765625,0.0,16,16,32
6,4,0.900390625,0.416015625,0.900390625,0.484375,0.0,16,16,32
6,16,0.90625,0.474609375,0.90625,0.431640625,0.0,16,16,32
6,64,0.908203125,0.455078125,0.908203125,0.453125,0.0,16,16,32
7,1,0.8828125,0.453125,0.8828125,0.4296875,0.0,16,16,32
7,4,0.92578125,0.373046875,0.92578125,0.552734375,0.0,16,16,32
7,16,0.896484375,0.568359375,0.896484375,0.328125,0.0,16,16,32
7,64,0.845703125,0.494140625,0.845703125,0.3515625,0.0,16,16,32
8,1,0.869140625,0.486328125,0.869140625,0.3828125,0.0,16,16,32
8,4,0.900390625,0.705078125,0.900390625,0.1953125,0.0,16,16,32
8,16,0.880859375,0.51953125,0.880859375,0.361328125,0.0,16,16,32
8,64,0.9453125,0.423828125,0.9453125,0.521484375,0.0,16,16,32
9,1,0.87890625,0.51171875,0.87890625,0.3671875,0.0,16,16,32
9,4,0.916015625,0.453125,0.916015625,0.462890625,0.0,16,16,32
9,16,0.943359375,0.51953125,0.943359375,0.423828125,0.0,16,16,32
9,64,0.93359375,0.384765625,0.93359375,0.548828125,0.0,16,16,32
10,1,0.880859375,0.583984375,0.880859375,0.296875,0.0,16,16,32
10,4,0.923828125,0.57421875,0.923828125,0.349609375,0.0,16,16,32
10,16,0.896484375,0.5078125,0.896484375,0.388671875,0.0,16,16,32
10,64,0.900390625,0.451171875,0.900390625,0.44921875,0.0,16,16,32
11,1,0.919921875,0.490234375,0.919921875,0.4296875,0.0,16,16,32
11,4,0.904296875,0.5,0.904296875,0.404296875,0.0,16,16,32
11,16,0.927734375,0.513671875,0.927734375,0.4140625,0.0,16,16,32
11,64,0.900390625,0.5859375,0.900390625,0.314453125,0.0,16,16,32
12,1,0.8984375,0.40234375,0.8984375,0.49609375,0.0,16,16,32
12,4,0.884765625,0.5703125,0.884765625,0.314453125,0.0,16,16,32
12,16,0.939453125,0.45703125,0.939453125,0.482421875,0.0,16,16,32
12,64,0.90234375,0.59765625,0.90234375,0.3046875,0.0,16,16,32
13,1,0.896484375,0.400390625,0.896484375,0.49609375,0.0,16,16,32
13,4,0.880859375,0.517578125,0.880859375,0.36328125,0.0,16,16,32
13,16,0.94140625,0.53515625,0.94140625,0.40625,0.0,16,16,32
13,64,0.888671875,0.650390625,0.888671875,0.23828125,0.0,16,16,32
14,1,0.861328125,0.4921875,0.861328125,0.369140625,0.0,16,16,32
14,4,0.892578125,0.4921875,0.892578125,0.400390625,0.0,16,16,32
14,16,0.9296875,0.4921875,0.9296875,0.4375,0.0,16,16,32
14,64,0.900390625,0.51953125,0.900390625,0.380859375,0.0,16,16,32
15,1,0.896484375,0.591796875,0.896484375,0.3046875,0.0,16,16,32
15,4,0.875,0.4921875,0.875,0.3828125,0.0,16,16,32
15,16,0.923828125,0.5859375,0.923828125,0.337890625,0.0,16,16,32
15,64,0.861328125,0.455078125,0.861328125,0.40625,0.0,16,16,32
16,1,0.904296875,0.5546875,0.904296875,0.349609375,0.0,16,16,32
16,4,0.89453125,0.591796875,0.89453125,0.302734375,0.0,16,16,32
16,16,0.8984375,0.404296875,0.8984375,0.494140625,0.0,16,16,32
16,64,0.869140625,0.6171875,0.869140625,0.251953125,0.0,16,16,32
17,1,0.876953125,0.46484375,0.876953125,0.412109375,0.0,16,16,32
17,4,0.9140625,0.419921875,0.9140625,0.494140625,0.0,16,16,32
17,16,0.916015625,0.44140625,0.916015625,0.474609375,0.0,16,16,32
17,64,0.87890625,0.4609375,0.87890625,0.41796875,0.0,16,16,32
18,1,0.8828125,0.6015625,0.8828125,0.28125,0.0,16,16,32
18,4,0.9296875,0.599609375,0.9296875,0.330078125,0.0,16,16,32
18,16,0.849609375,0.390625,0.849609375,0.458984375,0.0,16,16,32
18,64,0.87890625,0.619140625,0.87890625,0.259765625,0.0,16,16,32
19,1,0.890625,0.33984375,0.890625,0.55078125,0.0,16,16,32
19,4,0.873046875,0.544921875,0.873046875,0.328125,0.0,16,16,32
19,16,0.896484375,0.552734375,0.896484375,0.34375,0.0,16,16,32
19,64,0.888671875,0.515625,0.888671875,0.373046875,0.0,16,16,32
20,1,0.8671875,0.61328125,0.8671875,0.25390625,0.0,16,16,32
20,4,0.884765625,0.55859375,0.884765625,0.326171875,0.0,16,16,32
20,16,0.8984375,0.54296875,0.8984375,0.35546875,0.0,16,16,32
20,64,0.896484375,0.31640625,0.896484375,0.580078125,0.0,16,16,32
21,1,0.87109375,0.3984375,0.87109375,0.47265625,0.0,16,16,32
21,4,0.8828125,0.419921875,0.8828125,0.462890625,0.0,16,16,32
21,16,0.890625,0.630859375,0.890625,0.259765625,0.0,16,16,32
21,64,0.888671875,0.4453125,0.888671875,0.443359375,0.0,16,16,32
22,1,0.896484375,0.576171875,0.896484375,0.3203125,0.0,16,16,32
22,4,0.908203125,0.583984375,0.908203125,0.32421875,0.0,16,16,32
22,16,0.8828125,0.5703125,0.8828125,0.3125,0.0,16,16,32
22,64,0.9140625,0.46484375,0.9140625,0.44921875,0.0,16,16,32
23,1,0.884765625,0.595703125,0.884765625,0.2890625,0.0,16,16,32
23,4,0.876953125,0.478515625,0.876953125,0.3984375,0.0,16,16,32
23,16,0.890625,0.595703125,0.890625,0.294921875,0.0,16,16,32
23,64,0.890625,0.45703125,0.890625,0.43359375,0.0,16,16,32
24,1,0.888671875,0.44921875,0.888671875,0.439453125,0.0,16,16,32
24,4,0.89453125,0.423828125,0.89453125,0.470703125,0.0,16,16,32
24,16,0.888671875,0.55859375,0.888671875,0.330078125,0.0,16,16,32
24,64,0.87109375,0.349609375,0.87109375,0.521484375,0.0,16,16,32
25,1,0.857421875,0.36328125,0.857421875,0.494140625,0.0,16,16,32
25,4,0.857421875,0.51171875,0.857421875,0.345703125,0.0,16,16,32
25,16,0.884765625,0.4921875,0.884765625,0.392578125,0.0,16,16,32
25,64,0.896484375,0.380859375,0.896484375,0.515625,0.0,16,16,32
26,1,0.89453125,0.439453125,0.89453125,0.455078125,0.0,16,16,32
26,4,0.91015625,0.53515625,0.91015625,0.375,0.0,16,16,32
26,16,0.931640625,0.560546875,0.931640625,0.37109375,0.0,16,16,32
26,64,0.9296875,0.486328125,0.9296875,0.443359375,0.0,16,16,32
27,1,0.896484375,0.634765625,0.896484375,0.26171875,0.0,16,16,32
27,4,0.912109375,0.56640625,0.912109375,0.345703125,0.0,16,16,32
27,16,0.9140625,0.564453125,0.9140625,0.349609375,0.0,16,16,32
27,64,0.923828125,0.482421875,0.923828125,0.44140625,0.0,16,16,32
28,1,0.900390625,0.46484375,0.900390625,0.435546875,0.0,16,16,32
28,4,0.876953125,0.44140625,0.876953125,0.435546875,0.0,16,16,32
28,16,0.884765625,0.607421875,0.884765625,0.27734375,0.0,16,16,32
28,64,0.8984375,0.353515625,0.8984375,0.544921875,0.0,16,16,32
29,1,0.884765625,0.5625,0.884765625,0.322265625,0.0,16,16,32
29,4,0.923828125,0.427734375,0.923828125,0.49609375,0.0,16,16,32
29,16,0.865234375,0.4609375,0.865234375,0.404296875,0.0,16,16,32
29,64,0.91796875,0.470703125,0.91796875,0.447265625,0.0,16,16,32
30,1,0.900390625,0.392578125,0.900390625,0.5078125,0.0,16,16,32
30,4,0.876953125,0.51953125,0.876953125,0.357421875,0.0,16,16,32
30,16,0.91015625,0.458984375,0.91015625,0.451171875,0.0,16,16,32
30,64,0.896484375,0.712890625,0.896484375,0.18359375,0.0,16,16,32
31,1,0.865234375,0.412109375,0.865234375,0.453125,0.0,16,16,32
31,4,0.923828125,0.42578125,0.923828125,0.498046875,0.0,16,16,32
31,16,0.876953125,0.458984375,0.876953125,0.41796875,0.0,16,16,32
31,64,0.9140625,0.640625,0.9140625,0.2734375,0.0,16,16,32
