seed,delay,arm,updates_applied,updates_possible,update_coverage
30,1,ELIGIBILITY_TRACE_32,6000,6000,1.0
30,1,EXACT_FIFO_32,6000,6000,1.0
30,1,EXACT_FIFO_128,6000,6000,1.0
30,1,EXACT_FIFO_512,6000,6000,1.0
30,1,EXACT_FIFO_2048,6000,6000,1.0
30,1,NO_TRACE_CURRENT_32,5999,6000,0.9998333333333334
30,1,EXACT_REPLAY,6000,6000,1.0
30,4,ELIGIBILITY_TRACE_32,6000,6000,1.0
30,4,EXACT_FIFO_32,1,6000,0.00016666666666666666
30,4,EXACT_FIFO_128,6000,6000,1.0
30,4,EXACT_FIFO_512,6000,6000,1.0
30,4,EXACT_FIFO_2048,6000,6000,1.0
30,4,NO_TRACE_CURRENT_32,5996,6000,0.9993333333333333
30,4,EXACT_REPLAY,6000,6000,1.0
30,16,ELIGIBILITY_TRACE_32,6000,6000,1.0
30,16,EXACT_FIFO_32,1,6000,0.00016666666666666666
30,16,EXACT_FIFO_128,4,6000,0.0006666666666666666
30,16,EXACT_FIFO_512,6000,6000,1.0
30,16,EXACT_FIFO_2048,6000,6000,1.0
30,16,NO_TRACE_CURRENT_32,5984,6000,0.9973333333333333
30,16,EXACT_REPLAY,6000,6000,1.0
30,64,ELIGIBILITY_TRACE_32,6000,6000,1.0
30,64,EXACT_FIFO_32,1,6000,0.00016666666666666666
30,64,EXACT_FIFO_128,4,6000,0.0006666666666666666
30,64,EXACT_FIFO_512,16,6000,0.0026666666666666666
30,64,EXACT_FIFO_2048,6000,6000,1.0
30,64,NO_TRACE_CURRENT_32,5936,6000,0.9893333333333333
30,64,EXACT_REPLAY,6000,6000,1.0
31,1,ELIGIBILITY_TRACE_32,6000,6000,1.0
31,1,EXACT_FIFO_32,6000,6000,1.0
31,1,EXACT_FIFO_128,6000,6000,1.0
31,1,EXACT_FIFO_512,6000,6000,1.0
31,1,EXACT_FIFO_2048,6000,6000,1.0
31,1,NO_TRACE_CURRENT_32,5999,6000,0.9998333333333334
31,1,EXACT_REPLAY,6000,6000,1.0
31,4,ELIGIBILITY_TRACE_32,6000,6000,1.0
31,4,EXACT_FIFO_32,1,6000,0.00016666666666666666
31,4,EXACT_FIFO_128,6000,6000,1.0
31,4,EXACT_FIFO_512,6000,6000,1.0
31,4,EXACT_FIFO_2048,6000,6000,1.0
31,4,NO_TRACE_CURRENT_32,5996,6000,0.9993333333333333
31,4,EXACT_REPLAY,6000,6000,1.0
31,16,ELIGIBILITY_TRACE_32,6000,6000,1.0
31,16,EXACT_FIFO_32,1,6000,0.00016666666666666666
31,16,EXACT_FIFO_128,4,6000,0.0006666666666666666
31,16,EXACT_FIFO_512,6000,6000,1.0
31,16,EXACT_FIFO_2048,6000,6000,1.0
31,16,NO_TRACE_CURRENT_32,5984,6000,0.9973333333333333
31,16,EXACT_REPLAY,6000,6000,1.0
31,64,ELIGIBILITY_TRACE_32,6000,6000,1.0
31,64,EXACT_FIFO_32,1,6000,0.00016666666666666666
31,64,EXACT_FIFO_128,4,6000,0.0006666666666666666
31,64,EXACT_FIFO_512,16,6000,0.0026666666666666666
31,64,EXACT_FIFO_2048,6000,6000,1.0
31,64,NO_TRACE_CURRENT_32,5936,6000,0.9893333333333333
31,64,EXACT_REPLAY,6000,6000,1.0
32,1,ELIGIBILITY_TRACE_32,6000,6000,1.0
32,1,EXACT_FIFO_32,6000,6000,1.0
32,1,EXACT_FIFO_128,6000,6000,1.0
32,1,EXACT_FIFO_512,6000,6000,1.0
32,1,EXACT_FIFO_2048,6000,6000,1.0
32,1,NO_TRACE_CURRENT_32,5999,6000,0.9998333333333334
32,1,EXACT_REPLAY,6000,6000,1.0
32,4,ELIGIBILITY_TRACE_32,6000,6000,1.0
32,4,EXACT_FIFO_32,1,6000,0.00016666666666666666
32,4,EXACT_FIFO_128,6000,6000,1.0
32,4,EXACT_FIFO_512,6000,6000,1.0
32,4,EXACT_FIFO_2048,6000,6000,1.0
32,4,NO_TRACE_CURRENT_32,5996,6000,0.9993333333333333
32,4,EXACT_REPLAY,6000,6000,1.0
32,16,ELIGIBILITY_TRACE_32,6000,6000,1.0
32,16,EXACT_FIFO_32,1,6000,0.00016666666666666666
32,16,EXACT_FIFO_128,4,6000,0.0006666666666666666
32,16,EXACT_FIFO_512,6000,6000,1.0
32,16,EXACT_FIFO_2048,6000,6000,1.0
32,16,NO_TRACE_CURRENT_32,5984,6000,0.9973333333333333
32,16,EXACT_REPLAY,6000,6000,1.0
32,64,ELIGIBILITY_TRACE_32,6000,6000,1.0
32,64,EXACT_FIFO_32,1,6000,0.00016666666666666666
32,64,EXACT_FIFO_128,4,6000,0.0006666666666666666
32,64,EXACT_FIFO_512,16,6000,0.0026666666666666666
32,64,EXACT_FIFO_2048,6000,6000,1.0
32,64,NO_TRACE_CURRENT_32,5936,6000,0.9893333333333333
32,64,EXACT_REPLAY,6000,6000,1.0
33,1,ELIGIBILITY_TRACE_32,6000,6000,1.0
33,1,EXACT_FIFO_32,6000,6000,1.0
33,1,EXACT_FIFO_128,6000,6000,1.0
33,1,EXACT_FIFO_512,6000,6000,1.0
33,1,EXACT_FIFO_2048,6000,6000,1.0
33,1,NO_TRACE_CURRENT_32,5999,6000,0.9998333333333334
33,1,EXACT_REPLAY,6000,6000,1.0
33,4,ELIGIBILITY_TRACE_32,6000,6000,1.0
33,4,EXACT_FIFO_32,1,6000,0.00016666666666666666
33,4,EXACT_FIFO_128,6000,6000,1.0
33,4,EXACT_FIFO_512,6000,6000,1.0
33,4,EXACT_FIFO_2048,6000,6000,1.0
33,4,NO_TRACE_CURRENT_32,5996,6000,0.9993333333333333
33,4,EXACT_REPLAY,6000,6000,1.0
33,16,ELIGIBILITY_TRACE_32,6000,6000,1.0
33,16,EXACT_FIFO_32,1,6000,0.00016666666666666666
33,16,EXACT_FIFO_128,4,6000,0.0006666666666666666
33,16,EXACT_FIFO_512,6000,6000,1.0
33,16,EXACT_FIFO_2048,6000,6000,1.0
33,16,NO_TRACE_CURRENT_32,5984,6000,0.9973333333333333
33,16,EXACT_REPLAY,6000,6000,1.0
33,64,ELIGIBILITY_TRACE_32,6000,6000,1.0
33,64,EXACT_FIFO_32,1,6000,0.00016666666666666666
33,64,EXACT_FIFO_128,4,6000,0.0006666666666666666
33,64,EXACT_FIFO_512,16,6000,0.0026666666666666666
33,64,EXACT_FIFO_2048,6000,6000,1.0
33,64,NO_TRACE_CURRENT_32,5936,6000,0.9893333333333333
33,64,EXACT_REPLAY,6000,6000,1.0
34,1,ELIGIBILITY_TRACE_32,6000,6000,1.0
34,1,EXACT_FIFO_32,6000,6000,1.0
34,1,EXACT_FIFO_128,6000,6000,1.0
34,1,EXACT_FIFO_512,6000,6000,1.0
34,1,EXACT_FIFO_2048,6000,6000,1.0
34,1,NO_TRACE_CURRENT_32,5999,6000,0.9998333333333334
34,1,EXACT_REPLAY,6000,6000,1.0
34,4,ELIGIBILITY_TRACE_32,6000,6000,1.0
34,4,EXACT_FIFO_32,1,6000,0.00016666666666666666
34,4,EXACT_FIFO_128,6000,6000,1.0
34,4,EXACT_FIFO_512,6000,6000,1.0
34,4,EXACT_FIFO_2048,6000,6000,1.0
34,4,NO_TRACE_CURRENT_32,5996,6000,0.9993333333333333
34,4,EXACT_REPLAY,6000,6000,1.0
34,16,ELIGIBILITY_TRACE_32,6000,6000,1.0
34,16,EXACT_FIFO_32,1,6000,0.00016666666666666666
34,16,EXACT_FIFO_128,4,6000,0.0006666666666666666
34,16,EXACT_FIFO_512,6000,6000,1.0
34,16,EXACT_FIFO_2048,6000,6000,1.0
34,16,NO_TRACE_CURRENT_32,5984,6000,0.9973333333333333
34,16,EXACT_REPLAY,6000,6000,1.0
34,64,ELIGIBILITY_TRACE_32,6000,6000,1.0
34,64,EXACT_FIFO_32,1,6000,0.00016666666666666666
34,64,EXACT_FIFO_128,4,6000,0.0006666666666666666
34,64,EXACT_FIFO_512,16,6000,0.0026666666666666666
34,64,EXACT_FIFO_2048,6000,6000,1.0
34,64,NO_TRACE_CURRENT_32,5936,6000,0.9893333333333333
34,64,EXACT_REPLAY,6000,6000,1.0
35,1,ELIGIBILITY_TRACE_32,6000,6000,1.0
35,1,EXACT_FIFO_32,6000,6000,1.0
35,1,EXACT_FIFO_128,6000,6000,1.0
35,1,EXACT_FIFO_512,6000,6000,1.0
35,1,EXACT_FIFO_2048,6000,6000,1.0
35,1,NO_TRACE_CURRENT_32,5999,6000,0.9998333333333334
35,1,EXACT_REPLAY,6000,6000,1.0
35,4,ELIGIBILITY_TRACE_32,6000,6000,1.0
35,4,EXACT_FIFO_32,1,6000,0.00016666666666666666
35,4,EXACT_FIFO_128,6000,6000,1.0
35,4,EXACT_FIFO_512,6000,6000,1.0
35,4,EXACT_FIFO_2048,6000,6000,1.0
35,4,NO_TRACE_CURRENT_32,5996,6000,0.9993333333333333
35,4,EXACT_REPLAY,6000,6000,1.0
35,16,ELIGIBILITY_TRACE_32,6000,6000,1.0
35,16,EXACT_FIFO_32,1,6000,0.00016666666666666666
35,16,EXACT_FIFO_128,4,6000,0.0006666666666666666
35,16,EXACT_FIFO_512,6000,6000,1.0
35,16,EXACT_FIFO_2048,6000,6000,1.0
35,16,NO_TRACE_CURRENT_32,5984,6000,0.9973333333333333
35,16,EXACT_REPLAY,6000,6000,1.0
35,64,ELIGIBILITY_TRACE_32,6000,6000,1.0
35,64,EXACT_FIFO_32,1,6000,0.00016666666666666666
35,64,EXACT_FIFO_128,4,6000,0.0006666666666666666
35,64,EXACT_FIFO_512,16,6000,0.0026666666666666666
35,64,EXACT_FIFO_2048,6000,6000,1.0
35,64,NO_TRACE_CURRENT_32,5936,6000,0.9893333333333333
35,64,EXACT_REPLAY,6000,6000,1.0
36,1,ELIGIBILITY_TRACE_32,6000,6000,1.0
36,1,EXACT_FIFO_32,6000,6000,1.0
36,1,EXACT_FIFO_128,6000,6000,1.0
36,1,EXACT_FIFO_512,6000,6000,1.0
36,1,EXACT_FIFO_2048,6000,6000,1.0
36,1,NO_TRACE_CURRENT_32,5999,6000,0.9998333333333334
36,1,EXACT_REPLAY,6000,6000,1.0
36,4,ELIGIBILITY_TRACE_32,6000,6000,1.0
36,4,EXACT_FIFO_32,1,6000,0.00016666666666666666
36,4,EXACT_FIFO_128,6000,6000,1.0
36,4,EXACT_FIFO_512,6000,6000,1.0
36,4,EXACT_FIFO_2048,6000,6000,1.0
36,4,NO_TRACE_CURRENT_32,5996,6000,0.9993333333333333
36,4,EXACT_REPLAY,6000,6000,1.0
36,16,ELIGIBILITY_TRACE_32,6000,6000,1.0
36,16,EXACT_FIFO_32,1,6000,0.00016666666666666666
36,16,EXACT_FIFO_128,4,6000,0.0006666666666666666
36,16,EXACT_FIFO_512,6000,6000,1.0
36,16,EXACT_FIFO_2048,6000,6000,1.0
36,16,NO_TRACE_CURRENT_32,5984,6000,0.9973333333333333
36,16,EXACT_REPLAY,6000,6000,1.0
36,64,ELIGIBILITY_TRACE_32,6000,6000,1.0
36,64,EXACT_FIFO_32,1,6000,0.00016666666666666666
36,64,EXACT_FIFO_128,4,6000,0.0006666666666666666
36,64,EXACT_FIFO_512,16,6000,0.0026666666666666666
36,64,EXACT_FIFO_2048,6000,6000,1.0
36,64,NO_TRACE_CURRENT_32,5936,6000,0.9893333333333333
36,64,EXACT_REPLAY,6000,6000,1.0
37,1,ELIGIBILITY_TRACE_32,6000,6000,1.0
37,1,EXACT_FIFO_32,6000,6000,1.0
37,1,EXACT_FIFO_128,6000,6000,1.0
37,1,EXACT_FIFO_512,6000,6000,1.0
37,1,EXACT_FIFO_2048,6000,6000,1.0
37,1,NO_TRACE_CURRENT_32,5999,6000,0.9998333333333334
37,1,EXACT_REPLAY,6000,6000,1.0
37,4,ELIGIBILITY_TRACE_32,6000,6000,1.0
37,4,EXACT_FIFO_32,1,6000,0.00016666666666666666
37,4,EXACT_FIFO_128,6000,6000,1.0
37,4,EXACT_FIFO_512,6000,6000,1.0
37,4,EXACT_FIFO_2048,6000,6000,1.0
37,4,NO_TRACE_CURRENT_32,5996,6000,0.9993333333333333
37,4,EXACT_REPLAY,6000,6000,1.0
37,16,ELIGIBILITY_TRACE_32,6000,6000,1.0
37,16,EXACT_FIFO_32,1,6000,0.00016666666666666666
37,16,EXACT_FIFO_128,4,6000,0.0006666666666666666
37,16,EXACT_FIFO_512,6000,6000,1.0
37,16,EXACT_FIFO_2048,6000,6000,1.0
37,16,NO_TRACE_CURRENT_32,5984,6000,0.9973333333333333
37,16,EXACT_REPLAY,6000,6000,1.0
37,64,ELIGIBILITY_TRACE_32,6000,6000,1.0
37,64,EXACT_FIFO_32,1,6000,0.00016666666666666666
37,64,EXACT_FIFO_128,4,6000,0.0006666666666666666
37,64,EXACT_FIFO_512,16,6000,0.0026666666666666666
37,64,EXACT_FIFO_2048,6000,6000,1.0
37,64,NO_TRACE_CURRENT_32,5936,6000,0.9893333333333333
37,64,EXACT_REPLAY,6000,6000,1.0
38,1,ELIGIBILITY_TRACE_32,6000,6000,1.0
38,1,EXACT_FIFO_32,6000,6000,1.0
38,1,EXACT_FIFO_128,6000,6000,1.0
38,1,EXACT_FIFO_512,6000,6000,1.0
38,1,EXACT_FIFO_2048,6000,6000,1.0
38,1,NO_TRACE_CURRENT_32,5999,6000,0.9998333333333334
38,1,EXACT_REPLAY,6000,6000,1.0
38,4,ELIGIBILITY_TRACE_32,6000,6000,1.0
38,4,EXACT_FIFO_32,1,6000,0.00016666666666666666
38,4,EXACT_FIFO_128,6000,6000,1.0
38,4,EXACT_FIFO_512,6000,6000,1.0
38,4,EXACT_FIFO_2048,6000,6000,1.0
38,4,NO_TRACE_CURRENT_32,5996,6000,0.9993333333333333
38,4,EXACT_REPLAY,6000,6000,1.0
38,16,ELIGIBILITY_TRACE_32,6000,6000,1.0
38,16,EXACT_FIFO_32,1,6000,0.00016666666666666666
38,16,EXACT_FIFO_128,4,6000,0.0006666666666666666
38,16,EXACT_FIFO_512,6000,6000,1.0
38,16,EXACT_FIFO_2048,6000,6000,1.0
38,16,NO_TRACE_CURRENT_32,5984,6000,0.9973333333333333
38,16,EXACT_REPLAY,6000,6000,1.0
38,64,ELIGIBILITY_TRACE_32,6000,6000,1.0
38,64,EXACT_FIFO_32,1,6000,0.00016666666666666666
38,64,EXACT_FIFO_128,4,6000,0.0006666666666666666
38,64,EXACT_FIFO_512,16,6000,0.0026666666666666666
38,64,EXACT_FIFO_2048,6000,6000,1.0
38,64,NO_TRACE_CURRENT_32,5936,6000,0.9893333333333333
38,64,EXACT_REPLAY,6000,6000,1.0
39,1,ELIGIBILITY_TRACE_32,6000,6000,1.0
39,1,EXACT_FIFO_32,6000,6000,1.0
39,1,EXACT_FIFO_128,6000,6000,1.0
39,1,EXACT_FIFO_512,6000,6000,1.0
39,1,EXACT_FIFO_2048,6000,6000,1.0
39,1,NO_TRACE_CURRENT_32,5999,6000,0.9998333333333334
39,1,EXACT_REPLAY,6000,6000,1.0
39,4,ELIGIBILITY_TRACE_32,6000,6000,1.0
39,4,EXACT_FIFO_32,1,6000,0.00016666666666666666
39,4,EXACT_FIFO_128,6000,6000,1.0
39,4,EXACT_FIFO_512,6000,6000,1.0
39,4,EXACT_FIFO_2048,6000,6000,1.0
39,4,NO_TRACE_CURRENT_32,5996,6000,0.9993333333333333
39,4,EXACT_REPLAY,6000,6000,1.0
39,16,ELIGIBILITY_TRACE_32,6000,6000,1.0
39,16,EXACT_FIFO_32,1,6000,0.00016666666666666666
39,16,EXACT_FIFO_128,4,6000,0.0006666666666666666
39,16,EXACT_FIFO_512,6000,6000,1.0
39,16,EXACT_FIFO_2048,6000,6000,1.0
39,16,NO_TRACE_CURRENT_32,5984,6000,0.9973333333333333
39,16,EXACT_REPLAY,6000,6000,1.0
39,64,ELIGIBILITY_TRACE_32,6000,6000,1.0
39,64,EXACT_FIFO_32,1,6000,0.00016666666666666666
39,64,EXACT_FIFO_128,4,6000,0.0006666666666666666
39,64,EXACT_FIFO_512,16,6000,0.0026666666666666666
39,64,EXACT_FIFO_2048,6000,6000,1.0
39,64,NO_TRACE_CURRENT_32,5936,6000,0.9893333333333333
39,64,EXACT_REPLAY,6000,6000,1.0
40,1,ELIGIBILITY_TRACE_32,6000,6000,1.0
40,1,EXACT_FIFO_32,6000,6000,1.0
40,1,EXACT_FIFO_128,6000,6000,1.0
40,1,EXACT_FIFO_512,6000,6000,1.0
40,1,EXACT_FIFO_2048,6000,6000,1.0
40,1,NO_TRACE_CURRENT_32,5999,6000,0.9998333333333334
40,1,EXACT_REPLAY,6000,6000,1.0
40,4,ELIGIBILITY_TRACE_32,6000,6000,1.0
40,4,EXACT_FIFO_32,1,6000,0.00016666666666666666
40,4,EXACT_FIFO_128,6000,6000,1.0
40,4,EXACT_FIFO_512,6000,6000,1.0
40,4,EXACT_FIFO_2048,6000,6000,1.0
40,4,NO_TRACE_CURRENT_32,5996,6000,0.9993333333333333
40,4,EXACT_REPLAY,6000,6000,1.0
40,16,ELIGIBILITY_TRACE_32,6000,6000,1.0
40,16,EXACT_FIFO_32,1,6000,0.00016666666666666666
40,16,EXACT_FIFO_128,4,6000,0.0006666666666666666
40,16,EXACT_FIFO_512,6000,6000,1.0
40,16,EXACT_FIFO_2048,6000,6000,1.0
40,16,NO_TRACE_CURRENT_32,5984,6000,0.9973333333333333
40,16,EXACT_REPLAY,6000,6000,1.0
40,64,ELIGIBILITY_TRACE_32,6000,6000,1.0
40,64,EXACT_FIFO_32,1,6000,0.00016666666666666666
40,64,EXACT_FIFO_128,4,6000,0.0006666666666666666
40,64,EXACT_FIFO_512,16,6000,0.0026666666666666666
40,64,EXACT_FIFO_2048,6000,6000,1.0
40,64,NO_TRACE_CURRENT_32,5936,6000,0.9893333333333333
40,64,EXACT_REPLAY,6000,6000,1.0
41,1,ELIGIBILITY_TRACE_32,6000,6000,1.0
41,1,EXACT_FIFO_32,6000,6000,1.0
41,1,EXACT_FIFO_128,6000,6000,1.0
41,1,EXACT_FIFO_512,6000,6000,1.0
41,1,EXACT_FIFO_2048,6000,6000,1.0
41,1,NO_TRACE_CURRENT_32,5999,6000,0.9998333333333334
41,1,EXACT_REPLAY,6000,6000,1.0
41,4,ELIGIBILITY_TRACE_32,6000,6000,1.0
41,4,EXACT_FIFO_32,1,6000,0.00016666666666666666
41,4,EXACT_FIFO_128,6000,6000,1.0
41,4,EXACT_FIFO_512,6000,6000,1.0
41,4,EXACT_FIFO_2048,6000,6000,1.0
41,4,NO_TRACE_CURRENT_32,5996,6000,0.9993333333333333
41,4,EXACT_REPLAY,6000,6000,1.0
41,16,ELIGIBILITY_TRACE_32,6000,6000,1.0
41,16,EXACT_FIFO_32,1,6000,0.00016666666666666666
41,16,EXACT_FIFO_128,4,6000,0.0006666666666666666
41,16,EXACT_FIFO_512,6000,6000,1.0
41,16,EXACT_FIFO_2048,6000,6000,1.0
41,16,NO_TRACE_CURRENT_32,5984,6000,0.9973333333333333
41,16,EXACT_REPLAY,6000,6000,1.0
41,64,ELIGIBILITY_TRACE_32,6000,6000,1.0
41,64,EXACT_FIFO_32,1,6000,0.00016666666666666666
41,64,EXACT_FIFO_128,4,6000,0.0006666666666666666
41,64,EXACT_FIFO_512,16,6000,0.0026666666666666666
41,64,EXACT_FIFO_2048,6000,6000,1.0
41,64,NO_TRACE_CURRENT_32,5936,6000,0.9893333333333333
41,64,EXACT_REPLAY,6000,6000,1.0
42,1,ELIGIBILITY_TRACE_32,6000,6000,1.0
42,1,EXACT_FIFO_32,6000,6000,1.0
42,1,EXACT_FIFO_128,6000,6000,1.0
42,1,EXACT_FIFO_512,6000,6000,1.0
42,1,EXACT_FIFO_2048,6000,6000,1.0
42,1,NO_TRACE_CURRENT_32,5999,6000,0.9998333333333334
42,1,EXACT_REPLAY,6000,6000,1.0
42,4,ELIGIBILITY_TRACE_32,6000,6000,1.0
42,4,EXACT_FIFO_32,1,6000,0.00016666666666666666
42,4,EXACT_FIFO_128,6000,6000,1.0
42,4,EXACT_FIFO_512,6000,6000,1.0
42,4,EXACT_FIFO_2048,6000,6000,1.0
42,4,NO_TRACE_CURRENT_32,5996,6000,0.9993333333333333
42,4,EXACT_REPLAY,6000,6000,1.0
42,16,ELIGIBILITY_TRACE_32,6000,6000,1.0
42,16,EXACT_FIFO_32,1,6000,0.00016666666666666666
42,16,EXACT_FIFO_128,4,6000,0.0006666666666666666
42,16,EXACT_FIFO_512,6000,6000,1.0
42,16,EXACT_FIFO_2048,6000,6000,1.0
42,16,NO_TRACE_CURRENT_32,5984,6000,0.9973333333333333
42,16,EXACT_REPLAY,6000,6000,1.0
42,64,ELIGIBILITY_TRACE_32,6000,6000,1.0
42,64,EXACT_FIFO_32,1,6000,0.00016666666666666666
42,64,EXACT_FIFO_128,4,6000,0.0006666666666666666
42,64,EXACT_FIFO_512,16,6000,0.0026666666666666666
42,64,EXACT_FIFO_2048,6000,6000,1.0
42,64,NO_TRACE_CURRENT_32,5936,6000,0.9893333333333333
42,64,EXACT_REPLAY,6000,6000,1.0
43,1,ELIGIBILITY_TRACE_32,6000,6000,1.0
43,1,EXACT_FIFO_32,6000,6000,1.0
43,1,EXACT_FIFO_128,6000,6000,1.0
43,1,EXACT_FIFO_512,6000,6000,1.0
43,1,EXACT_FIFO_2048,6000,6000,1.0
43,1,NO_TRACE_CURRENT_32,5999,6000,0.9998333333333334
43,1,EXACT_REPLAY,6000,6000,1.0
43,4,ELIGIBILITY_TRACE_32,6000,6000,1.0
43,4,EXACT_FIFO_32,1,6000,0.00016666666666666666
43,4,EXACT_FIFO_128,6000,6000,1.0
43,4,EXACT_FIFO_512,6000,6000,1.0
43,4,EXACT_FIFO_2048,6000,6000,1.0
43,4,NO_TRACE_CURRENT_32,5996,6000,0.9993333333333333
43,4,EXACT_REPLAY,6000,6000,1.0
43,16,ELIGIBILITY_TRACE_32,6000,6000,1.0
43,16,EXACT_FIFO_32,1,6000,0.00016666666666666666
43,16,EXACT_FIFO_128,4,6000,0.0006666666666666666
43,16,EXACT_FIFO_512,6000,6000,1.0
43,16,EXACT_FIFO_2048,6000,6000,1.0
43,16,NO_TRACE_CURRENT_32,5984,6000,0.9973333333333333
43,16,EXACT_REPLAY,6000,6000,1.0
43,64,ELIGIBILITY_TRACE_32,6000,6000,1.0
43,64,EXACT_FIFO_32,1,6000,0.00016666666666666666
43,64,EXACT_FIFO_128,4,6000,0.0006666666666666666
43,64,EXACT_FIFO_512,16,6000,0.0026666666666666666
43,64,EXACT_FIFO_2048,6000,6000,1.0
43,64,NO_TRACE_CURRENT_32,5936,6000,0.9893333333333333
43,64,EXACT_REPLAY,6000,6000,1.0
44,1,ELIGIBILITY_TRACE_32,6000,6000,1.0
44,1,EXACT_FIFO_32,6000,6000,1.0
44,1,EXACT_FIFO_128,6000,6000,1.0
44,1,EXACT_FIFO_512,6000,6000,1.0
44,1,EXACT_FIFO_2048,6000,6000,1.0
44,1,NO_TRACE_CURRENT_32,5999,6000,0.9998333333333334
44,1,EXACT_REPLAY,6000,6000,1.0
44,4,ELIGIBILITY_TRACE_32,6000,6000,1.0
44,4,EXACT_FIFO_32,1,6000,0.00016666666666666666
44,4,EXACT_FIFO_128,6000,6000,1.0
44,4,EXACT_FIFO_512,6000,6000,1.0
44,4,EXACT_FIFO_2048,6000,6000,1.0
44,4,NO_TRACE_CURRENT_32,5996,6000,0.9993333333333333
44,4,EXACT_REPLAY,6000,6000,1.0
44,16,ELIGIBILITY_TRACE_32,6000,6000,1.0
44,16,EXACT_FIFO_32,1,6000,0.00016666666666666666
44,16,EXACT_FIFO_128,4,6000,0.0006666666666666666
44,16,EXACT_FIFO_512,6000,6000,1.0
44,16,EXACT_FIFO_2048,6000,6000,1.0
44,16,NO_TRACE_CURRENT_32,5984,6000,0.9973333333333333
44,16,EXACT_REPLAY,6000,6000,1.0
44,64,ELIGIBILITY_TRACE_32,6000,6000,1.0
44,64,EXACT_FIFO_32,1,6000,0.00016666666666666666
44,64,EXACT_FIFO_128,4,6000,0.0006666666666666666
44,64,EXACT_FIFO_512,16,6000,0.0026666666666666666
44,64,EXACT_FIFO_2048,6000,6000,1.0
44,64,NO_TRACE_CURRENT_32,5936,6000,0.9893333333333333
44,64,EXACT_REPLAY,6000,6000,1.0
45,1,ELIGIBILITY_TRACE_32,6000,6000,1.0
45,1,EXACT_FIFO_32,6000,6000,1.0
45,1,EXACT_FIFO_128,6000,6000,1.0
45,1,EXACT_FIFO_512,6000,6000,1.0
45,1,EXACT_FIFO_2048,6000,6000,1.0
45,1,NO_TRACE_CURRENT_32,5999,6000,0.9998333333333334
45,1,EXACT_REPLAY,6000,6000,1.0
45,4,ELIGIBILITY_TRACE_32,6000,6000,1.0
45,4,EXACT_FIFO_32,1,6000,0.00016666666666666666
45,4,EXACT_FIFO_128,6000,6000,1.0
45,4,EXACT_FIFO_512,6000,6000,1.0
45,4,EXACT_FIFO_2048,6000,6000,1.0
45,4,NO_TRACE_CURRENT_32,5996,6000,0.9993333333333333
45,4,EXACT_REPLAY,6000,6000,1.0
45,16,ELIGIBILITY_TRACE_32,6000,6000,1.0
45,16,EXACT_FIFO_32,1,6000,0.00016666666666666666
45,16,EXACT_FIFO_128,4,6000,0.0006666666666666666
45,16,EXACT_FIFO_512,6000,6000,1.0
45,16,EXACT_FIFO_2048,6000,6000,1.0
45,16,NO_TRACE_CURRENT_32,5984,6000,0.9973333333333333
45,16,EXACT_REPLAY,6000,6000,1.0
45,64,ELIGIBILITY_TRACE_32,6000,6000,1.0
45,64,EXACT_FIFO_32,1,6000,0.00016666666666666666
45,64,EXACT_FIFO_128,4,6000,0.0006666666666666666
45,64,EXACT_FIFO_512,16,6000,0.0026666666666666666
45,64,EXACT_FIFO_2048,6000,6000,1.0
45,64,NO_TRACE_CURRENT_32,5936,6000,0.9893333333333333
45,64,EXACT_REPLAY,6000,6000,1.0
46,1,ELIGIBILITY_TRACE_32,6000,6000,1.0
46,1,EXACT_FIFO_32,6000,6000,1.0
46,1,EXACT_FIFO_128,6000,6000,1.0
46,1,EXACT_FIFO_512,6000,6000,1.0
46,1,EXACT_FIFO_2048,6000,6000,1.0
46,1,NO_TRACE_CURRENT_32,5999,6000,0.9998333333333334
46,1,EXACT_REPLAY,6000,6000,1.0
46,4,ELIGIBILITY_TRACE_32,6000,6000,1.0
46,4,EXACT_FIFO_32,1,6000,0.00016666666666666666
46,4,EXACT_FIFO_128,6000,6000,1.0
46,4,EXACT_FIFO_512,6000,6000,1.0
46,4,EXACT_FIFO_2048,6000,6000,1.0
46,4,NO_TRACE_CURRENT_32,5996,6000,0.9993333333333333
46,4,EXACT_REPLAY,6000,6000,1.0
46,16,ELIGIBILITY_TRACE_32,6000,6000,1.0
46,16,EXACT_FIFO_32,1,6000,0.00016666666666666666
46,16,EXACT_FIFO_128,4,6000,0.0006666666666666666
46,16,EXACT_FIFO_512,6000,6000,1.0
46,16,EXACT_FIFO_2048,6000,6000,1.0
46,16,NO_TRACE_CURRENT_32,5984,6000,0.9973333333333333
46,16,EXACT_REPLAY,6000,6000,1.0
46,64,ELIGIBILITY_TRACE_32,6000,6000,1.0
46,64,EXACT_FIFO_32,1,6000,0.00016666666666666666
46,64,EXACT_FIFO_128,4,6000,0.0006666666666666666
46,64,EXACT_FIFO_512,16,6000,0.0026666666666666666
46,64,EXACT_FIFO_2048,6000,6000,1.0
46,64,NO_TRACE_CURRENT_32,5936,6000,0.9893333333333333
46,64,EXACT_REPLAY,6000,6000,1.0
47,1,ELIGIBILITY_TRACE_32,6000,6000,1.0
47,1,EXACT_FIFO_32,6000,6000,1.0
47,1,EXACT_FIFO_128,6000,6000,1.0
47,1,EXACT_FIFO_512,6000,6000,1.0
47,1,EXACT_FIFO_2048,6000,6000,1.0
47,1,NO_TRACE_CURRENT_32,5999,6000,0.9998333333333334
47,1,EXACT_REPLAY,6000,6000,1.0
47,4,ELIGIBILITY_TRACE_32,6000,6000,1.0
47,4,EXACT_FIFO_32,1,6000,0.00016666666666666666
47,4,EXACT_FIFO_128,6000,6000,1.0
47,4,EXACT_FIFO_512,6000,6000,1.0
47,4,EXACT_FIFO_2048,6000,6000,1.0
47,4,NO_TRACE_CURRENT_32,5996,6000,0.9993333333333333
47,4,EXACT_REPLAY,6000,6000,1.0
47,16,ELIGIBILITY_TRACE_32,6000,6000,1.0
47,16,EXACT_FIFO_32,1,6000,0.00016666666666666666
47,16,EXACT_FIFO_128,4,6000,0.0006666666666666666
47,16,EXACT_FIFO_512,6000,6000,1.0
47,16,EXACT_FIFO_2048,6000,6000,1.0
47,16,NO_TRACE_CURRENT_32,5984,6000,0.9973333333333333
47,16,EXACT_REPLAY,6000,6000,1.0
47,64,ELIGIBILITY_TRACE_32,6000,6000,1.0
47,64,EXACT_FIFO_32,1,6000,0.00016666666666666666
47,64,EXACT_FIFO_128,4,6000,0.0006666666666666666
47,64,EXACT_FIFO_512,16,6000,0.0026666666666666666
47,64,EXACT_FIFO_2048,6000,6000,1.0
47,64,NO_TRACE_CURRENT_32,5936,6000,0.9893333333333333
47,64,EXACT_REPLAY,6000,6000,1.0
48,1,ELIGIBILITY_TRACE_32,6000,6000,1.0
48,1,EXACT_FIFO_32,6000,6000,1.0
48,1,EXACT_FIFO_128,6000,6000,1.0
48,1,EXACT_FIFO_512,6000,6000,1.0
48,1,EXACT_FIFO_2048,6000,6000,1.0
48,1,NO_TRACE_CURRENT_32,5999,6000,0.9998333333333334
48,1,EXACT_REPLAY,6000,6000,1.0
48,4,ELIGIBILITY_TRACE_32,6000,6000,1.0
48,4,EXACT_FIFO_32,1,6000,0.00016666666666666666
48,4,EXACT_FIFO_128,6000,6000,1.0
48,4,EXACT_FIFO_512,6000,6000,1.0
48,4,EXACT_FIFO_2048,6000,6000,1.0
48,4,NO_TRACE_CURRENT_32,5996,6000,0.9993333333333333
48,4,EXACT_REPLAY,6000,6000,1.0
48,16,ELIGIBILITY_TRACE_32,6000,6000,1.0
48,16,EXACT_FIFO_32,1,6000,0.00016666666666666666
48,16,EXACT_FIFO_128,4,6000,0.0006666666666666666
48,16,EXACT_FIFO_512,6000,6000,1.0
48,16,EXACT_FIFO_2048,6000,6000,1.0
48,16,NO_TRACE_CURRENT_32,5984,6000,0.9973333333333333
48,16,EXACT_REPLAY,6000,6000,1.0
48,64,ELIGIBILITY_TRACE_32,6000,6000,1.0
48,64,EXACT_FIFO_32,1,6000,0.00016666666666666666
48,64,EXACT_FIFO_128,4,6000,0.0006666666666666666
48,64,EXACT_FIFO_512,16,6000,0.0026666666666666666
48,64,EXACT_FIFO_2048,6000,6000,1.0
48,64,NO_TRACE_CURRENT_32,5936,6000,0.9893333333333333
48,64,EXACT_REPLAY,6000,6000,1.0
49,1,ELIGIBILITY_TRACE_32,6000,6000,1.0
49,1,EXACT_FIFO_32,6000,6000,1.0
49,1,EXACT_FIFO_128,6000,6000,1.0
49,1,EXACT_FIFO_512,6000,6000,1.0
49,1,EXACT_FIFO_2048,6000,6000,1.0
49,1,NO_TRACE_CURRENT_32,5999,6000,0.9998333333333334
49,1,EXACT_REPLAY,6000,6000,1.0
49,4,ELIGIBILITY_TRACE_32,6000,6000,1.0
49,4,EXACT_FIFO_32,1,6000,0.00016666666666666666
49,4,EXACT_FIFO_128,6000,6000,1.0
49,4,EXACT_FIFO_512,6000,6000,1.0
49,4,EXACT_FIFO_2048,6000,6000,1.0
49,4,NO_TRACE_CURRENT_32,5996,6000,0.9993333333333333
49,4,EXACT_REPLAY,6000,6000,1.0
49,16,ELIGIBILITY_TRACE_32,6000,6000,1.0
49,16,EXACT_FIFO_32,1,6000,0.00016666666666666666
49,16,EXACT_FIFO_128,4,6000,0.0006666666666666666
49,16,EXACT_FIFO_512,6000,6000,1.0
49,16,EXACT_FIFO_2048,6000,6000,1.0
49,16,NO_TRACE_CURRENT_32,5984,6000,0.9973333333333333
49,16,EXACT_REPLAY,6000,6000,1.0
49,64,ELIGIBILITY_TRACE_32,6000,6000,1.0
49,64,EXACT_FIFO_32,1,6000,0.00016666666666666666
49,64,EXACT_FIFO_128,4,6000,0.0006666666666666666
49,64,EXACT_FIFO_512,16,6000,0.0026666666666666666
49,64,EXACT_FIFO_2048,6000,6000,1.0
49,64,NO_TRACE_CURRENT_32,5936,6000,0.9893333333333333
49,64,EXACT_REPLAY,6000,6000,1.0
50,1,ELIGIBILITY_TRACE_32,6000,6000,1.0
50,1,EXACT_FIFO_32,6000,6000,1.0
50,1,EXACT_FIFO_128,6000,6000,1.0
50,1,EXACT_FIFO_512,6000,6000,1.0
50,1,EXACT_FIFO_2048,6000,6000,1.0
50,1,NO_TRACE_CURRENT_32,5999,6000,0.9998333333333334
50,1,EXACT_REPLAY,6000,6000,1.0
50,4,ELIGIBILITY_TRACE_32,6000,6000,1.0
50,4,EXACT_FIFO_32,1,6000,0.00016666666666666666
50,4,EXACT_FIFO_128,6000,6000,1.0
50,4,EXACT_FIFO_512,6000,6000,1.0
50,4,EXACT_FIFO_2048,6000,6000,1.0
50,4,NO_TRACE_CURRENT_32,5996,6000,0.9993333333333333
50,4,EXACT_REPLAY,6000,6000,1.0
50,16,ELIGIBILITY_TRACE_32,6000,6000,1.0
50,16,EXACT_FIFO_32,1,6000,0.00016666666666666666
50,16,EXACT_FIFO_128,4,6000,0.0006666666666666666
50,16,EXACT_FIFO_512,6000,6000,1.0
50,16,EXACT_FIFO_2048,6000,6000,1.0
50,16,NO_TRACE_CURRENT_32,5984,6000,0.9973333333333333
50,16,EXACT_REPLAY,6000,6000,1.0
50,64,ELIGIBILITY_TRACE_32,6000,6000,1.0
50,64,EXACT_FIFO_32,1,6000,0.00016666666666666666
50,64,EXACT_FIFO_128,4,6000,0.0006666666666666666
50,64,EXACT_FIFO_512,16,6000,0.0026666666666666666
50,64,EXACT_FIFO_2048,6000,6000,1.0
50,64,NO_TRACE_CURRENT_32,5936,6000,0.9893333333333333
50,64,EXACT_REPLAY,6000,6000,1.0
51,1,ELIGIBILITY_TRACE_32,6000,6000,1.0
51,1,EXACT_FIFO_32,6000,6000,1.0
51,1,EXACT_FIFO_128,6000,6000,1.0
51,1,EXACT_FIFO_512,6000,6000,1.0
51,1,EXACT_FIFO_2048,6000,6000,1.0
51,1,NO_TRACE_CURRENT_32,5999,6000,0.9998333333333334
51,1,EXACT_REPLAY,6000,6000,1.0
51,4,ELIGIBILITY_TRACE_32,6000,6000,1.0
51,4,EXACT_FIFO_32,1,6000,0.00016666666666666666
51,4,EXACT_FIFO_128,6000,6000,1.0
51,4,EXACT_FIFO_512,6000,6000,1.0
51,4,EXACT_FIFO_2048,6000,6000,1.0
51,4,NO_TRACE_CURRENT_32,5996,6000,0.9993333333333333
51,4,EXACT_REPLAY,6000,6000,1.0
51,16,ELIGIBILITY_TRACE_32,6000,6000,1.0
51,16,EXACT_FIFO_32,1,6000,0.00016666666666666666
51,16,EXACT_FIFO_128,4,6000,0.0006666666666666666
51,16,EXACT_FIFO_512,6000,6000,1.0
51,16,EXACT_FIFO_2048,6000,6000,1.0
51,16,NO_TRACE_CURRENT_32,5984,6000,0.9973333333333333
51,16,EXACT_REPLAY,6000,6000,1.0
51,64,ELIGIBILITY_TRACE_32,6000,6000,1.0
51,64,EXACT_FIFO_32,1,6000,0.00016666666666666666
51,64,EXACT_FIFO_128,4,6000,0.0006666666666666666
51,64,EXACT_FIFO_512,16,6000,0.0026666666666666666
51,64,EXACT_FIFO_2048,6000,6000,1.0
51,64,NO_TRACE_CURRENT_32,5936,6000,0.9893333333333333
51,64,EXACT_REPLAY,6000,6000,1.0
52,1,ELIGIBILITY_TRACE_32,6000,6000,1.0
52,1,EXACT_FIFO_32,6000,6000,1.0
52,1,EXACT_FIFO_128,6000,6000,1.0
52,1,EXACT_FIFO_512,6000,6000,1.0
52,1,EXACT_FIFO_2048,6000,6000,1.0
52,1,NO_TRACE_CURRENT_32,5999,6000,0.9998333333333334
52,1,EXACT_REPLAY,6000,6000,1.0
52,4,ELIGIBILITY_TRACE_32,6000,6000,1.0
52,4,EXACT_FIFO_32,1,6000,0.00016666666666666666
52,4,EXACT_FIFO_128,6000,6000,1.0
52,4,EXACT_FIFO_512,6000,6000,1.0
52,4,EXACT_FIFO_2048,6000,6000,1.0
52,4,NO_TRACE_CURRENT_32,5996,6000,0.9993333333333333
52,4,EXACT_REPLAY,6000,6000,1.0
52,16,ELIGIBILITY_TRACE_32,6000,6000,1.0
52,16,EXACT_FIFO_32,1,6000,0.00016666666666666666
52,16,EXACT_FIFO_128,4,6000,0.0006666666666666666
52,16,EXACT_FIFO_512,6000,6000,1.0
52,16,EXACT_FIFO_2048,6000,6000,1.0
52,16,NO_TRACE_CURRENT_32,5984,6000,0.9973333333333333
52,16,EXACT_REPLAY,6000,6000,1.0
52,64,ELIGIBILITY_TRACE_32,6000,6000,1.0
52,64,EXACT_FIFO_32,1,6000,0.00016666666666666666
52,64,EXACT_FIFO_128,4,6000,0.0006666666666666666
52,64,EXACT_FIFO_512,16,6000,0.0026666666666666666
52,64,EXACT_FIFO_2048,6000,6000,1.0
52,64,NO_TRACE_CURRENT_32,5936,6000,0.9893333333333333
52,64,EXACT_REPLAY,6000,6000,1.0
53,1,ELIGIBILITY_TRACE_32,6000,6000,1.0
53,1,EXACT_FIFO_32,6000,6000,1.0
53,1,EXACT_FIFO_128,6000,6000,1.0
53,1,EXACT_FIFO_512,6000,6000,1.0
53,1,EXACT_FIFO_2048,6000,6000,1.0
53,1,NO_TRACE_CURRENT_32,5999,6000,0.9998333333333334
53,1,EXACT_REPLAY,6000,6000,1.0
53,4,ELIGIBILITY_TRACE_32,6000,6000,1.0
53,4,EXACT_FIFO_32,1,6000,0.00016666666666666666
53,4,EXACT_FIFO_128,6000,6000,1.0
53,4,EXACT_FIFO_512,6000,6000,1.0
53,4,EXACT_FIFO_2048,6000,6000,1.0
53,4,NO_TRACE_CURRENT_32,5996,6000,0.9993333333333333
53,4,EXACT_REPLAY,6000,6000,1.0
53,16,ELIGIBILITY_TRACE_32,6000,6000,1.0
53,16,EXACT_FIFO_32,1,6000,0.00016666666666666666
53,16,EXACT_FIFO_128,4,6000,0.0006666666666666666
53,16,EXACT_FIFO_512,6000,6000,1.0
53,16,EXACT_FIFO_2048,6000,6000,1.0
53,16,NO_TRACE_CURRENT_32,5984,6000,0.9973333333333333
53,16,EXACT_REPLAY,6000,6000,1.0
53,64,ELIGIBILITY_TRACE_32,6000,6000,1.0
53,64,EXACT_FIFO_32,1,6000,0.00016666666666666666
53,64,EXACT_FIFO_128,4,6000,0.0006666666666666666
53,64,EXACT_FIFO_512,16,6000,0.0026666666666666666
53,64,EXACT_FIFO_2048,6000,6000,1.0
53,64,NO_TRACE_CURRENT_32,5936,6000,0.9893333333333333
53,64,EXACT_REPLAY,6000,6000,1.0
54,1,ELIGIBILITY_TRACE_32,6000,6000,1.0
54,1,EXACT_FIFO_32,6000,6000,1.0
54,1,EXACT_FIFO_128,6000,6000,1.0
54,1,EXACT_FIFO_512,6000,6000,1.0
54,1,EXACT_FIFO_2048,6000,6000,1.0
54,1,NO_TRACE_CURRENT_32,5999,6000,0.9998333333333334
54,1,EXACT_REPLAY,6000,6000,1.0
54,4,ELIGIBILITY_TRACE_32,6000,6000,1.0
54,4,EXACT_FIFO_32,1,6000,0.00016666666666666666
54,4,EXACT_FIFO_128,6000,6000,1.0
54,4,EXACT_FIFO_512,6000,6000,1.0
54,4,EXACT_FIFO_2048,6000,6000,1.0
54,4,NO_TRACE_CURRENT_32,5996,6000,0.9993333333333333
54,4,EXACT_REPLAY,6000,6000,1.0
54,16,ELIGIBILITY_TRACE_32,6000,6000,1.0
54,16,EXACT_FIFO_32,1,6000,0.00016666666666666666
54,16,EXACT_FIFO_128,4,6000,0.0006666666666666666
54,16,EXACT_FIFO_512,6000,6000,1.0
54,16,EXACT_FIFO_2048,6000,6000,1.0
54,16,NO_TRACE_CURRENT_32,5984,6000,0.9973333333333333
54,16,EXACT_REPLAY,6000,6000,1.0
54,64,ELIGIBILITY_TRACE_32,6000,6000,1.0
54,64,EXACT_FIFO_32,1,6000,0.00016666666666666666
54,64,EXACT_FIFO_128,4,6000,0.0006666666666666666
54,64,EXACT_FIFO_512,16,6000,0.0026666666666666666
54,64,EXACT_FIFO_2048,6000,6000,1.0
54,64,NO_TRACE_CURRENT_32,5936,6000,0.9893333333333333
54,64,EXACT_REPLAY,6000,6000,1.0
55,1,ELIGIBILITY_TRACE_32,6000,6000,1.0
55,1,EXACT_FIFO_32,6000,6000,1.0
55,1,EXACT_FIFO_128,6000,6000,1.0
55,1,EXACT_FIFO_512,6000,6000,1.0
55,1,EXACT_FIFO_2048,6000,6000,1.0
55,1,NO_TRACE_CURRENT_32,5999,6000,0.9998333333333334
55,1,EXACT_REPLAY,6000,6000,1.0
55,4,ELIGIBILITY_TRACE_32,6000,6000,1.0
55,4,EXACT_FIFO_32,1,6000,0.00016666666666666666
55,4,EXACT_FIFO_128,6000,6000,1.0
55,4,EXACT_FIFO_512,6000,6000,1.0
55,4,EXACT_FIFO_2048,6000,6000,1.0
55,4,NO_TRACE_CURRENT_32,5996,6000,0.9993333333333333
55,4,EXACT_REPLAY,6000,6000,1.0
55,16,ELIGIBILITY_TRACE_32,6000,6000,1.0
55,16,EXACT_FIFO_32,1,6000,0.00016666666666666666
55,16,EXACT_FIFO_128,4,6000,0.0006666666666666666
55,16,EXACT_FIFO_512,6000,6000,1.0
55,16,EXACT_FIFO_2048,6000,6000,1.0
55,16,NO_TRACE_CURRENT_32,5984,6000,0.9973333333333333
55,16,EXACT_REPLAY,6000,6000,1.0
55,64,ELIGIBILITY_TRACE_32,6000,6000,1.0
55,64,EXACT_FIFO_32,1,6000,0.00016666666666666666
55,64,EXACT_FIFO_128,4,6000,0.0006666666666666666
55,64,EXACT_FIFO_512,16,6000,0.0026666666666666666
55,64,EXACT_FIFO_2048,6000,6000,1.0
55,64,NO_TRACE_CURRENT_32,5936,6000,0.9893333333333333
55,64,EXACT_REPLAY,6000,6000,1.0
56,1,ELIGIBILITY_TRACE_32,6000,6000,1.0
56,1,EXACT_FIFO_32,6000,6000,1.0
56,1,EXACT_FIFO_128,6000,6000,1.0
56,1,EXACT_FIFO_512,6000,6000,1.0
56,1,EXACT_FIFO_2048,6000,6000,1.0
56,1,NO_TRACE_CURRENT_32,5999,6000,0.9998333333333334
56,1,EXACT_REPLAY,6000,6000,1.0
56,4,ELIGIBILITY_TRACE_32,6000,6000,1.0
56,4,EXACT_FIFO_32,1,6000,0.00016666666666666666
56,4,EXACT_FIFO_128,6000,6000,1.0
56,4,EXACT_FIFO_512,6000,6000,1.0
56,4,EXACT_FIFO_2048,6000,6000,1.0
56,4,NO_TRACE_CURRENT_32,5996,6000,0.9993333333333333
56,4,EXACT_REPLAY,6000,6000,1.0
56,16,ELIGIBILITY_TRACE_32,6000,6000,1.0
56,16,EXACT_FIFO_32,1,6000,0.00016666666666666666
56,16,EXACT_FIFO_128,4,6000,0.0006666666666666666
56,16,EXACT_FIFO_512,6000,6000,1.0
56,16,EXACT_FIFO_2048,6000,6000,1.0
56,16,NO_TRACE_CURRENT_32,5984,6000,0.9973333333333333
56,16,EXACT_REPLAY,6000,6000,1.0
56,64,ELIGIBILITY_TRACE_32,6000,6000,1.0
56,64,EXACT_FIFO_32,1,6000,0.00016666666666666666
56,64,EXACT_FIFO_128,4,6000,0.0006666666666666666
56,64,EXACT_FIFO_512,16,6000,0.0026666666666666666
56,64,EXACT_FIFO_2048,6000,6000,1.0
56,64,NO_TRACE_CURRENT_32,5936,6000,0.9893333333333333
56,64,EXACT_REPLAY,6000,6000,1.0
57,1,ELIGIBILITY_TRACE_32,6000,6000,1.0
57,1,EXACT_FIFO_32,6000,6000,1.0
57,1,EXACT_FIFO_128,6000,6000,1.0
57,1,EXACT_FIFO_512,6000,6000,1.0
57,1,EXACT_FIFO_2048,6000,6000,1.0
57,1,NO_TRACE_CURRENT_32,5999,6000,0.9998333333333334
57,1,EXACT_REPLAY,6000,6000,1.0
57,4,ELIGIBILITY_TRACE_32,6000,6000,1.0
57,4,EXACT_FIFO_32,1,6000,0.00016666666666666666
57,4,EXACT_FIFO_128,6000,6000,1.0
57,4,EXACT_FIFO_512,6000,6000,1.0
57,4,EXACT_FIFO_2048,6000,6000,1.0
57,4,NO_TRACE_CURRENT_32,5996,6000,0.9993333333333333
57,4,EXACT_REPLAY,6000,6000,1.0
57,16,ELIGIBILITY_TRACE_32,6000,6000,1.0
57,16,EXACT_FIFO_32,1,6000,0.00016666666666666666
57,16,EXACT_FIFO_128,4,6000,0.0006666666666666666
57,16,EXACT_FIFO_512,6000,6000,1.0
57,16,EXACT_FIFO_2048,6000,6000,1.0
57,16,NO_TRACE_CURRENT_32,5984,6000,0.9973333333333333
57,16,EXACT_REPLAY,6000,6000,1.0
57,64,ELIGIBILITY_TRACE_32,6000,6000,1.0
57,64,EXACT_FIFO_32,1,6000,0.00016666666666666666
57,64,EXACT_FIFO_128,4,6000,0.0006666666666666666
57,64,EXACT_FIFO_512,16,6000,0.0026666666666666666
57,64,EXACT_FIFO_2048,6000,6000,1.0
57,64,NO_TRACE_CURRENT_32,5936,6000,0.9893333333333333
57,64,EXACT_REPLAY,6000,6000,1.0
58,1,ELIGIBILITY_TRACE_32,6000,6000,1.0
58,1,EXACT_FIFO_32,6000,6000,1.0
58,1,EXACT_FIFO_128,6000,6000,1.0
58,1,EXACT_FIFO_512,6000,6000,1.0
58,1,EXACT_FIFO_2048,6000,6000,1.0
58,1,NO_TRACE_CURRENT_32,5999,6000,0.9998333333333334
58,1,EXACT_REPLAY,6000,6000,1.0
58,4,ELIGIBILITY_TRACE_32,6000,6000,1.0
58,4,EXACT_FIFO_32,1,6000,0.00016666666666666666
58,4,EXACT_FIFO_128,6000,6000,1.0
58,4,EXACT_FIFO_512,6000,6000,1.0
58,4,EXACT_FIFO_2048,6000,6000,1.0
58,4,NO_TRACE_CURRENT_32,5996,6000,0.9993333333333333
58,4,EXACT_REPLAY,6000,6000,1.0
58,16,ELIGIBILITY_TRACE_32,6000,6000,1.0
58,16,EXACT_FIFO_32,1,6000,0.00016666666666666666
58,16,EXACT_FIFO_128,4,6000,0.0006666666666666666
58,16,EXACT_FIFO_512,6000,6000,1.0
58,16,EXACT_FIFO_2048,6000,6000,1.0
58,16,NO_TRACE_CURRENT_32,5984,6000,0.9973333333333333
58,16,EXACT_REPLAY,6000,6000,1.0
58,64,ELIGIBILITY_TRACE_32,6000,6000,1.0
58,64,EXACT_FIFO_32,1,6000,0.00016666666666666666
58,64,EXACT_FIFO_128,4,6000,0.0006666666666666666
58,64,EXACT_FIFO_512,16,6000,0.0026666666666666666
58,64,EXACT_FIFO_2048,6000,6000,1.0
58,64,NO_TRACE_CURRENT_32,5936,6000,0.9893333333333333
58,64,EXACT_REPLAY,6000,6000,1.0
59,1,ELIGIBILITY_TRACE_32,6000,6000,1.0
59,1,EXACT_FIFO_32,6000,6000,1.0
59,1,EXACT_FIFO_128,6000,6000,1.0
59,1,EXACT_FIFO_512,6000,6000,1.0
59,1,EXACT_FIFO_2048,6000,6000,1.0
59,1,NO_TRACE_CURRENT_32,5999,6000,0.9998333333333334
59,1,EXACT_REPLAY,6000,6000,1.0
59,4,ELIGIBILITY_TRACE_32,6000,6000,1.0
59,4,EXACT_FIFO_32,1,6000,0.00016666666666666666
59,4,EXACT_FIFO_128,6000,6000,1.0
59,4,EXACT_FIFO_512,6000,6000,1.0
59,4,EXACT_FIFO_2048,6000,6000,1.0
59,4,NO_TRACE_CURRENT_32,5996,6000,0.9993333333333333
59,4,EXACT_REPLAY,6000,6000,1.0
59,16,ELIGIBILITY_TRACE_32,6000,6000,1.0
59,16,EXACT_FIFO_32,1,6000,0.00016666666666666666
59,16,EXACT_FIFO_128,4,6000,0.0006666666666666666
59,16,EXACT_FIFO_512,6000,6000,1.0
59,16,EXACT_FIFO_2048,6000,6000,1.0
59,16,NO_TRACE_CURRENT_32,5984,6000,0.9973333333333333
59,16,EXACT_REPLAY,6000,6000,1.0
59,64,ELIGIBILITY_TRACE_32,6000,6000,1.0
59,64,EXACT_FIFO_32,1,6000,0.00016666666666666666
59,64,EXACT_FIFO_128,4,6000,0.0006666666666666666
59,64,EXACT_FIFO_512,16,6000,0.0026666666666666666
59,64,EXACT_FIFO_2048,6000,6000,1.0
59,64,NO_TRACE_CURRENT_32,5936,6000,0.9893333333333333
59,64,EXACT_REPLAY,6000,6000,1.0
