source_group,source_group_label,within_group_session_index,cell_index_within_session,eligible_reward_trials
1,1-s expert,1,1,117
1,1-s expert,1,9,117
1,1-s expert,1,16,117
1,1-s expert,1,24,117
1,1-s expert,1,31,117
1,1-s expert,1,39,117
1,1-s expert,1,47,117
1,1-s expert,2,6,110
1,1-s expert,2,14,110
1,1-s expert,2,22,110
1,1-s expert,2,29,110
1,1-s expert,2,37,110
1,1-s expert,2,44,110
1,1-s expert,2,52,110
1,1-s expert,2,60,110
1,1-s expert,2,67,110
1,1-s expert,2,75,110
1,1-s expert,3,6,64
1,1-s expert,3,14,64
1,1-s expert,3,22,64
1,1-s expert,4,2,96
1,1-s expert,4,10,96
1,1-s expert,4,17,96
1,1-s expert,5,1,94
1,1-s expert,5,9,94
1,1-s expert,5,16,94
1,1-s expert,5,24,94
1,1-s expert,5,32,94
1,1-s expert,5,39,94
1,1-s expert,5,47,94
1,1-s expert,5,54,94
1,1-s expert,5,62,94
3,2-s expert,1,1,122
3,2-s expert,1,17,122
3,2-s expert,1,33,122
3,2-s expert,1,49,122
3,2-s expert,1,65,122
3,2-s expert,2,15,120
3,2-s expert,2,31,120
3,2-s expert,2,47,120
3,2-s expert,2,62,120
3,2-s expert,2,78,120
3,2-s expert,2,94,120
3,2-s expert,2,110,120
3,2-s expert,3,10,121
3,2-s expert,3,26,121
3,2-s expert,4,15,49
3,2-s expert,4,31,49
3,2-s expert,4,47,49
3,2-s expert,4,63,49
3,2-s expert,4,79,49
3,2-s expert,4,95,49
3,2-s expert,5,4,61
3,2-s expert,5,20,61
3,2-s expert,5,36,61
3,2-s expert,5,52,61
3,2-s expert,5,67,61
3,2-s expert,6,4,120
3,2-s expert,6,20,120
3,2-s expert,6,36,120
3,2-s expert,6,52,120
3,2-s expert,6,68,120
3,2-s expert,6,84,120
3,2-s expert,6,100,120
