mapping,contrast,mean_error_difference_seconds,seed_bootstrap_95ci,positive_seeds,seeds,resampling_unit
ALIGNED,GRU_PROFILE_BPTT_MINUS_GRU_CLOCK_BPTT,-0.021504757301168468,"[-0.0970322400243121, 0.019567259187962885]",9,12,task seed
ALIGNED,BIO_PROFILE_ELIGIBILITY_MINUS_BIO_PROFILE_NO_TRACE,-0.0009100000000000219,"[-0.002770000000000023, 0.0008851249999999852]",3,12,task seed
ALIGNED,BIO_PROFILE_ELIGIBILITY_MINUS_GENERIC_RBF_ELIGIBILITY,0.6954752929564667,"[0.6843534745294266, 0.7061452522332207]",12,12,task seed
ALIGNED,BIO_PROFILE_ELIGIBILITY_MINUS_GRU_PROFILE_BPTT,0.7395860577563366,"[0.7299784583744763, 0.7486324325839715]",12,12,task seed
ALIGNED,BIO_PROFILE_ELIGIBILITY_MINUS_EMPIRICAL_TIMER,0.7606343049404011,"[0.7514448569580506, 0.7696391288600786]",12,12,task seed
REVERSED,GRU_PROFILE_BPTT_MINUS_GRU_CLOCK_BPTT,-0.03953403243495215,"[-0.12011051794529197, 0.005956452532421287]",5,12,task seed
REVERSED,BIO_PROFILE_ELIGIBILITY_MINUS_BIO_PROFILE_NO_TRACE,0.0006099999999999902,"[-0.0011650000000000642, 0.0024400000000000164]",7,12,task seed
REVERSED,BIO_PROFILE_ELIGIBILITY_MINUS_GENERIC_RBF_ELIGIBILITY,0.700762593854294,"[0.693722434711264, 0.7078089289968009]",12,12,task seed
REVERSED,BIO_PROFILE_ELIGIBILITY_MINUS_GRU_PROFILE_BPTT,0.7470069037330269,"[0.7386115423492884, 0.7552244351942347]",12,12,task seed
REVERSED,BIO_PROFILE_ELIGIBILITY_MINUS_EMPIRICAL_TIMER,0.7662194129276384,"[0.7585105175268081, 0.7736434243294552]",12,12,task seed
