training_seed,train_size,kappa,mode_minus_constant_accuracy
74000,64,-0.50,-0.01953125
74000,64,-0.40,0.0078125
74000,64,-0.30,0.01171875
74000,64,-0.20,0.0234375
74000,64,-0.10,0.03515625
74000,64,-0.00,0.04296875
74000,64,0.10,0.0625
74000,64,0.20,0.07421875
74000,64,0.30,0.09375
74000,64,0.40,0.08984375
74000,64,0.50,0.09375
74000,256,-0.50,-0.125
74000,256,-0.40,-0.1171875
74000,256,-0.30,-0.1015625
74000,256,-0.20,-0.0703125
74000,256,-0.10,-0.03515625
74000,256,-0.00,-0.0078125
74000,256,0.10,0.0078125
74000,256,0.20,0.0390625
74000,256,0.30,0.0546875
74000,256,0.40,0.046875
74000,256,0.50,0.0625
74000,1024,-0.50,-0.15234375
74000,1024,-0.40,-0.12109375
74000,1024,-0.30,-0.1015625
74000,1024,-0.20,-0.09375
74000,1024,-0.10,-0.0546875
74000,1024,-0.00,-0.0234375
74000,1024,0.10,0.01171875
74000,1024,0.20,0.03125
74000,1024,0.30,0.046875
74000,1024,0.40,0.06640625
74000,1024,0.50,0.07421875
74001,64,-0.50,-0.12109375
74001,64,-0.40,-0.09765625
74001,64,-0.30,-0.0546875
74001,64,-0.20,-0.03125
74001,64,-0.10,-0.015625
74001,64,-0.00,0.0078125
74001,64,0.10,0.03125
74001,64,0.20,0.046875
74001,64,0.30,0.0546875
74001,64,0.40,0.0625
74001,64,0.50,0.09765625
74001,256,-0.50,-0.16015625
74001,256,-0.40,-0.14453125
74001,256,-0.30,-0.1328125
74001,256,-0.20,-0.11328125
74001,256,-0.10,-0.078125
74001,256,-0.00,-0.06640625
74001,256,0.10,-0.0625
74001,256,0.20,-0.0390625
74001,256,0.30,-0.00390625
74001,256,0.40,0.02734375
74001,256,0.50,0.0546875
74001,1024,-0.50,-0.12109375
74001,1024,-0.40,-0.09765625
74001,1024,-0.30,-0.09375
74001,1024,-0.20,-0.0703125
74001,1024,-0.10,-0.05078125
74001,1024,-0.00,-0.03125
74001,1024,0.10,-0.0078125
74001,1024,0.20,0.0078125
74001,1024,0.30,0.0078125
74001,1024,0.40,-0.00390625
74001,1024,0.50,-0.00390625
74002,64,-0.50,-0.16015625
74002,64,-0.40,-0.125
74002,64,-0.30,-0.09765625
74002,64,-0.20,-0.08203125
74002,64,-0.10,-0.05859375
74002,64,-0.00,-0.0390625
74002,64,0.10,-0.01953125
74002,64,0.20,0.00390625
74002,64,0.30,0.02734375
74002,64,0.40,0.03515625
74002,64,0.50,0.0390625
74002,256,-0.50,-0.14453125
74002,256,-0.40,-0.11328125
74002,256,-0.30,-0.1015625
74002,256,-0.20,-0.09375
74002,256,-0.10,-0.078125
74002,256,-0.00,-0.05078125
74002,256,0.10,-0.015625
74002,256,0.20,0.00390625
74002,256,0.30,0.01171875
74002,256,0.40,0.03125
74002,256,0.50,0.046875
74002,1024,-0.50,-0.0859375
74002,1024,-0.40,-0.0625
74002,1024,-0.30,-0.05078125
74002,1024,-0.20,-0.01953125
74002,1024,-0.10,0.0078125
74002,1024,-0.00,0.0234375
74002,1024,0.10,0.03515625
74002,1024,0.20,0.046875
74002,1024,0.30,0.06640625
74002,1024,0.40,0.09375
74002,1024,0.50,0.10546875
74003,64,-0.50,-0.0703125
74003,64,-0.40,-0.07421875
74003,64,-0.30,-0.06640625
74003,64,-0.20,-0.06640625
74003,64,-0.10,-0.0546875
74003,64,-0.00,-0.03515625
74003,64,0.10,-0.01171875
74003,64,0.20,-0.0078125
74003,64,0.30,0.0078125
74003,64,0.40,0.0234375
74003,64,0.50,0.0390625
74003,256,-0.50,-0.203125
74003,256,-0.40,-0.1953125
74003,256,-0.30,-0.171875
74003,256,-0.20,-0.16015625
74003,256,-0.10,-0.13671875
74003,256,-0.00,-0.10546875
74003,256,0.10,-0.0703125
74003,256,0.20,-0.04296875
74003,256,0.30,-0.0078125
74003,256,0.40,0.01171875
74003,256,0.50,0.02734375
74003,1024,-0.50,-0.203125
74003,1024,-0.40,-0.16796875
74003,1024,-0.30,-0.1484375
74003,1024,-0.20,-0.140625
74003,1024,-0.10,-0.125
74003,1024,-0.00,-0.08203125
74003,1024,0.10,-0.0546875
74003,1024,0.20,-0.03125
74003,1024,0.30,-0.02734375
74003,1024,0.40,-0.00390625
74003,1024,0.50,0.01953125
74004,64,-0.50,-0.05859375
74004,64,-0.40,-0.046875
74004,64,-0.30,-0.03125
74004,64,-0.20,-0.01953125
74004,64,-0.10,-0.0078125
74004,64,-0.00,0.015625
74004,64,0.10,0.03125
74004,64,0.20,0.046875
74004,64,0.30,0.0703125
74004,64,0.40,0.08984375
74004,64,0.50,0.1171875
74004,256,-0.50,-0.07421875
74004,256,-0.40,-0.0546875
74004,256,-0.30,-0.0390625
74004,256,-0.20,-0.03515625
74004,256,-0.10,-0.01171875
74004,256,-0.00,0.0078125
74004,256,0.10,0.02734375
74004,256,0.20,0.046875
74004,256,0.30,0.0859375
74004,256,0.40,0.0859375
74004,256,0.50,0.09375
74004,1024,-0.50,-0.09765625
74004,1024,-0.40,-0.07421875
74004,1024,-0.30,-0.046875
74004,1024,-0.20,-0.02734375
74004,1024,-0.10,-0.015625
74004,1024,-0.00,0.0
74004,1024,0.10,0.015625
74004,1024,0.20,0.046875
74004,1024,0.30,0.0546875
74004,1024,0.40,0.08203125
74004,1024,0.50,0.09765625
74005,64,-0.50,-0.1015625
74005,64,-0.40,-0.08203125
74005,64,-0.30,-0.0625
74005,64,-0.20,-0.0390625
74005,64,-0.10,-0.03125
74005,64,-0.00,-0.00390625
74005,64,0.10,0.0078125
74005,64,0.20,0.02734375
74005,64,0.30,0.0390625
74005,64,0.40,0.05078125
74005,64,0.50,0.0625
74005,256,-0.50,-0.109375
74005,256,-0.40,-0.08984375
74005,256,-0.30,-0.07421875
74005,256,-0.20,-0.06640625
74005,256,-0.10,-0.046875
74005,256,-0.00,-0.03515625
74005,256,0.10,-0.015625
74005,256,0.20,-0.00390625
74005,256,0.30,0.0234375
74005,256,0.40,0.046875
74005,256,0.50,0.0546875
74005,1024,-0.50,-0.1328125
74005,1024,-0.40,-0.11328125
74005,1024,-0.30,-0.09765625
74005,1024,-0.20,-0.08203125
74005,1024,-0.10,-0.0625
74005,1024,-0.00,-0.0390625
74005,1024,0.10,-0.03125
74005,1024,0.20,-0.0234375
74005,1024,0.30,-0.01171875
74005,1024,0.40,0.02734375
74005,1024,0.50,0.046875
74006,64,-0.50,-0.12890625
74006,64,-0.40,-0.12109375
74006,64,-0.30,-0.09765625
74006,64,-0.20,-0.078125
74006,64,-0.10,-0.05859375
74006,64,-0.00,-0.02734375
74006,64,0.10,-0.0234375
74006,64,0.20,0.00390625
74006,64,0.30,0.02734375
74006,64,0.40,0.0390625
74006,64,0.50,0.0703125
74006,256,-0.50,-0.15234375
74006,256,-0.40,-0.12890625
74006,256,-0.30,-0.09375
74006,256,-0.20,-0.0625
74006,256,-0.10,-0.046875
74006,256,-0.00,-0.02734375
74006,256,0.10,-0.01171875
74006,256,0.20,0.00390625
74006,256,0.30,0.0390625
74006,256,0.40,0.0546875
74006,256,0.50,0.07421875
74006,1024,-0.50,-0.171875
74006,1024,-0.40,-0.140625
74006,1024,-0.30,-0.1328125
74006,1024,-0.20,-0.11328125
74006,1024,-0.10,-0.09375
74006,1024,-0.00,-0.078125
74006,1024,0.10,-0.05078125
74006,1024,0.20,-0.01171875
74006,1024,0.30,0.0
74006,1024,0.40,0.0234375
74006,1024,0.50,0.046875
74007,64,-0.50,-0.0703125
74007,64,-0.40,-0.04296875
74007,64,-0.30,-0.03515625
74007,64,-0.20,-0.03125
74007,64,-0.10,-0.03515625
74007,64,-0.00,-0.02734375
74007,64,0.10,-0.015625
74007,64,0.20,-0.00390625
74007,64,0.30,0.015625
74007,64,0.40,0.046875
74007,64,0.50,0.05078125
74007,256,-0.50,-0.12890625
74007,256,-0.40,-0.1015625
74007,256,-0.30,-0.07421875
74007,256,-0.20,-0.046875
74007,256,-0.10,-0.03125
74007,256,-0.00,-0.0234375
74007,256,0.10,0.0078125
74007,256,0.20,0.03125
74007,256,0.30,0.0625
74007,256,0.40,0.0859375
74007,256,0.50,0.08984375
74007,1024,-0.50,-0.05078125
74007,1024,-0.40,-0.03125
74007,1024,-0.30,-0.02734375
74007,1024,-0.20,-0.015625
74007,1024,-0.10,-0.0078125
74007,1024,-0.00,0.015625
74007,1024,0.10,0.046875
74007,1024,0.20,0.05859375
74007,1024,0.30,0.07421875
74007,1024,0.40,0.08203125
74007,1024,0.50,0.09765625
74008,64,-0.50,-0.078125
74008,64,-0.40,-0.06640625
74008,64,-0.30,-0.05078125
74008,64,-0.20,-0.0390625
74008,64,-0.10,-0.03125
74008,64,-0.00,-0.0078125
74008,64,0.10,0.0078125
74008,64,0.20,0.02734375
74008,64,0.30,0.02734375
74008,64,0.40,0.03125
74008,64,0.50,0.03515625
74008,256,-0.50,-0.1328125
74008,256,-0.40,-0.0859375
74008,256,-0.30,-0.0703125
74008,256,-0.20,-0.046875
74008,256,-0.10,-0.03125
74008,256,-0.00,-0.0078125
74008,256,0.10,-0.00390625
74008,256,0.20,0.015625
74008,256,0.30,0.03515625
74008,256,0.40,0.04296875
74008,256,0.50,0.05859375
74008,1024,-0.50,-0.16796875
74008,1024,-0.40,-0.1328125
74008,1024,-0.30,-0.109375
74008,1024,-0.20,-0.06640625
74008,1024,-0.10,-0.04296875
74008,1024,-0.00,-0.02734375
74008,1024,0.10,-0.015625
74008,1024,0.20,0.01171875
74008,1024,0.30,0.0546875
74008,1024,0.40,0.06640625
74008,1024,0.50,0.06640625
74009,64,-0.50,-0.08203125
74009,64,-0.40,-0.078125
74009,64,-0.30,-0.0703125
74009,64,-0.20,-0.0390625
74009,64,-0.10,-0.02734375
74009,64,-0.00,-0.01953125
74009,64,0.10,0.00390625
74009,64,0.20,0.00390625
74009,64,0.30,0.02734375
74009,64,0.40,0.01171875
74009,64,0.50,0.03125
74009,256,-0.50,-0.16015625
74009,256,-0.40,-0.14453125
74009,256,-0.30,-0.13671875
74009,256,-0.20,-0.1171875
74009,256,-0.10,-0.08203125
74009,256,-0.00,-0.0703125
74009,256,0.10,-0.046875
74009,256,0.20,-0.03515625
74009,256,0.30,-0.0078125
74009,256,0.40,0.00390625
74009,256,0.50,0.046875
74009,1024,-0.50,-0.078125
74009,1024,-0.40,-0.07421875
74009,1024,-0.30,-0.05859375
74009,1024,-0.20,-0.046875
74009,1024,-0.10,-0.03125
74009,1024,-0.00,-0.01171875
74009,1024,0.10,-0.0078125
74009,1024,0.20,0.01171875
74009,1024,0.30,0.0234375
74009,1024,0.40,0.03515625
74009,1024,0.50,0.046875
74010,64,-0.50,-0.02734375
74010,64,-0.40,-0.015625
74010,64,-0.30,-0.00390625
74010,64,-0.20,0.0078125
74010,64,-0.10,0.015625
74010,64,-0.00,0.015625
74010,64,0.10,0.02734375
74010,64,0.20,0.03125
74010,64,0.30,0.04296875
74010,64,0.40,0.0546875
74010,64,0.50,0.06640625
74010,256,-0.50,-0.16796875
74010,256,-0.40,-0.14453125
74010,256,-0.30,-0.09375
74010,256,-0.20,-0.06640625
74010,256,-0.10,-0.05859375
74010,256,-0.00,-0.02734375
74010,256,0.10,-0.015625
74010,256,0.20,0.0234375
74010,256,0.30,0.04296875
74010,256,0.40,0.046875
74010,256,0.50,0.0703125
74010,1024,-0.50,-0.1796875
74010,1024,-0.40,-0.14453125
74010,1024,-0.30,-0.11328125
74010,1024,-0.20,-0.0859375
74010,1024,-0.10,-0.046875
74010,1024,-0.00,-0.03125
74010,1024,0.10,-0.02734375
74010,1024,0.20,0.0
74010,1024,0.30,0.0078125
74010,1024,0.40,0.03125
74010,1024,0.50,0.05859375
74011,64,-0.50,-0.0703125
74011,64,-0.40,-0.05078125
74011,64,-0.30,-0.0390625
74011,64,-0.20,-0.0078125
74011,64,-0.10,0.015625
74011,64,-0.00,0.03125
74011,64,0.10,0.0546875
74011,64,0.20,0.07421875
74011,64,0.30,0.1015625
74011,64,0.40,0.1328125
74011,64,0.50,0.140625
74011,256,-0.50,-0.14453125
74011,256,-0.40,-0.11328125
74011,256,-0.30,-0.1171875
74011,256,-0.20,-0.08984375
74011,256,-0.10,-0.0625
74011,256,-0.00,-0.03515625
74011,256,0.10,0.01953125
74011,256,0.20,0.02734375
74011,256,0.30,0.07421875
74011,256,0.40,0.09375
74011,256,0.50,0.1171875
74011,1024,-0.50,-0.1328125
74011,1024,-0.40,-0.125
74011,1024,-0.30,-0.11328125
74011,1024,-0.20,-0.0625
74011,1024,-0.10,-0.0234375
74011,1024,-0.00,0.0
74011,1024,0.10,0.01953125
74011,1024,0.20,0.046875
74011,1024,0.30,0.07421875
74011,1024,0.40,0.10546875
74011,1024,0.50,0.1171875
74012,64,-0.50,-0.16796875
74012,64,-0.40,-0.1484375
74012,64,-0.30,-0.125
74012,64,-0.20,-0.09765625
74012,64,-0.10,-0.0625
74012,64,-0.00,-0.046875
74012,64,0.10,-0.02734375
74012,64,0.20,-0.00390625
74012,64,0.30,0.00390625
74012,64,0.40,0.015625
74012,64,0.50,0.03125
74012,256,-0.50,-0.140625
74012,256,-0.40,-0.12890625
74012,256,-0.30,-0.109375
74012,256,-0.20,-0.09765625
74012,256,-0.10,-0.0859375
74012,256,-0.00,-0.0546875
74012,256,0.10,-0.02734375
74012,256,0.20,-0.01171875
74012,256,0.30,-0.01171875
74012,256,0.40,0.015625
74012,256,0.50,0.0234375
74012,1024,-0.50,-0.1484375
74012,1024,-0.40,-0.13671875
74012,1024,-0.30,-0.109375
74012,1024,-0.20,-0.1015625
74012,1024,-0.10,-0.08203125
74012,1024,-0.00,-0.03515625
74012,1024,0.10,-0.0234375
74012,1024,0.20,-0.015625
74012,1024,0.30,-0.0078125
74012,1024,0.40,0.00390625
74012,1024,0.50,0.02734375
74013,64,-0.50,-0.08984375
74013,64,-0.40,-0.078125
74013,64,-0.30,-0.046875
74013,64,-0.20,-0.0390625
74013,64,-0.10,-0.015625
74013,64,-0.00,0.01171875
74013,64,0.10,0.03515625
74013,64,0.20,0.05859375
74013,64,0.30,0.06640625
74013,64,0.40,0.078125
74013,64,0.50,0.0859375
74013,256,-0.50,-0.12890625
74013,256,-0.40,-0.09765625
74013,256,-0.30,-0.0625
74013,256,-0.20,-0.04296875
74013,256,-0.10,-0.01171875
74013,256,-0.00,0.01171875
74013,256,0.10,0.04296875
74013,256,0.20,0.07421875
74013,256,0.30,0.0859375
74013,256,0.40,0.1015625
74013,256,0.50,0.1015625
74013,1024,-0.50,-0.05859375
74013,1024,-0.40,-0.0625
74013,1024,-0.30,-0.05078125
74013,1024,-0.20,-0.046875
74013,1024,-0.10,-0.04296875
74013,1024,-0.00,-0.0234375
74013,1024,0.10,0.0
74013,1024,0.20,0.0078125
74013,1024,0.30,0.03125
74013,1024,0.40,0.03515625
74013,1024,0.50,0.05859375
74014,64,-0.50,-0.1171875
74014,64,-0.40,-0.1015625
74014,64,-0.30,-0.0703125
74014,64,-0.20,-0.0390625
74014,64,-0.10,-0.0078125
74014,64,-0.00,-0.0078125
74014,64,0.10,0.015625
74014,64,0.20,0.03515625
74014,64,0.30,0.046875
74014,64,0.40,0.0703125
74014,64,0.50,0.0859375
74014,256,-0.50,-0.15625
74014,256,-0.40,-0.1171875
74014,256,-0.30,-0.11328125
74014,256,-0.20,-0.09375
74014,256,-0.10,-0.07421875
74014,256,-0.00,-0.03515625
74014,256,0.10,-0.00390625
74014,256,0.20,0.0234375
74014,256,0.30,0.05078125
74014,256,0.40,0.07421875
74014,256,0.50,0.09765625
74014,1024,-0.50,-0.1640625
74014,1024,-0.40,-0.13671875
74014,1024,-0.30,-0.12109375
74014,1024,-0.20,-0.1015625
74014,1024,-0.10,-0.0859375
74014,1024,-0.00,-0.05859375
74014,1024,0.10,-0.03125
74014,1024,0.20,0.015625
74014,1024,0.30,0.0390625
74014,1024,0.40,0.046875
74014,1024,0.50,0.046875
74015,64,-0.50,-0.078125
74015,64,-0.40,-0.046875
74015,64,-0.30,-0.01953125
74015,64,-0.20,-0.00390625
74015,64,-0.10,-0.0078125
74015,64,-0.00,0.0
74015,64,0.10,0.01171875
74015,64,0.20,0.03515625
74015,64,0.30,0.06640625
74015,64,0.40,0.07421875
74015,64,0.50,0.08984375
74015,256,-0.50,-0.10546875
74015,256,-0.40,-0.109375
74015,256,-0.30,-0.08203125
74015,256,-0.20,-0.0546875
74015,256,-0.10,-0.04296875
74015,256,-0.00,-0.0234375
74015,256,0.10,-0.01171875
74015,256,0.20,-0.0078125
74015,256,0.30,-0.01171875
74015,256,0.40,0.01171875
74015,256,0.50,0.046875
74015,1024,-0.50,-0.08203125
74015,1024,-0.40,-0.05078125
74015,1024,-0.30,-0.02734375
74015,1024,-0.20,0.0
74015,1024,-0.10,-0.0078125
74015,1024,-0.00,0.01171875
74015,1024,0.10,0.01953125
74015,1024,0.20,0.03125
74015,1024,0.30,0.05078125
74015,1024,0.40,0.0703125
74015,1024,0.50,0.07421875
74016,64,-0.50,-0.109375
74016,64,-0.40,-0.1015625
74016,64,-0.30,-0.0859375
74016,64,-0.20,-0.0703125
74016,64,-0.10,-0.03125
74016,64,-0.00,-0.015625
74016,64,0.10,0.0
74016,64,0.20,0.01953125
74016,64,0.30,0.03515625
74016,64,0.40,0.05078125
74016,64,0.50,0.06640625
74016,256,-0.50,-0.14453125
74016,256,-0.40,-0.13671875
74016,256,-0.30,-0.1015625
74016,256,-0.20,-0.1015625
74016,256,-0.10,-0.0625
74016,256,-0.00,-0.046875
74016,256,0.10,-0.01171875
74016,256,0.20,0.0078125
74016,256,0.30,0.03515625
74016,256,0.40,0.0390625
74016,256,0.50,0.0625
74016,1024,-0.50,-0.17578125
74016,1024,-0.40,-0.1484375
74016,1024,-0.30,-0.10546875
74016,1024,-0.20,-0.078125
74016,1024,-0.10,-0.06640625
74016,1024,-0.00,-0.06640625
74016,1024,0.10,-0.0546875
74016,1024,0.20,-0.046875
74016,1024,0.30,-0.00390625
74016,1024,0.40,0.0
74016,1024,0.50,0.01953125
74017,64,-0.50,-0.10546875
74017,64,-0.40,-0.078125
74017,64,-0.30,-0.0703125
74017,64,-0.20,-0.05078125
74017,64,-0.10,-0.03515625
74017,64,-0.00,-0.0078125
74017,64,0.10,0.00390625
74017,64,0.20,0.015625
74017,64,0.30,0.046875
74017,64,0.40,0.0703125
74017,64,0.50,0.07421875
74017,256,-0.50,-0.1640625
74017,256,-0.40,-0.15234375
74017,256,-0.30,-0.11328125
74017,256,-0.20,-0.07421875
74017,256,-0.10,-0.046875
74017,256,-0.00,-0.01953125
74017,256,0.10,0.015625
74017,256,0.20,0.046875
74017,256,0.30,0.06640625
74017,256,0.40,0.0859375
74017,256,0.50,0.1015625
74017,1024,-0.50,-0.1015625
74017,1024,-0.40,-0.08203125
74017,1024,-0.30,-0.07421875
74017,1024,-0.20,-0.046875
74017,1024,-0.10,-0.01953125
74017,1024,-0.00,0.00390625
74017,1024,0.10,0.0078125
74017,1024,0.20,0.05078125
74017,1024,0.30,0.06640625
74017,1024,0.40,0.09375
74017,1024,0.50,0.1015625
74018,64,-0.50,-0.1484375
74018,64,-0.40,-0.10546875
74018,64,-0.30,-0.09375
74018,64,-0.20,-0.09375
74018,64,-0.10,-0.06640625
74018,64,-0.00,-0.03515625
74018,64,0.10,0.00390625
74018,64,0.20,0.03125
74018,64,0.30,0.0390625
74018,64,0.40,0.04296875
74018,64,0.50,0.05859375
74018,256,-0.50,-0.16796875
74018,256,-0.40,-0.15234375
74018,256,-0.30,-0.12109375
74018,256,-0.20,-0.0859375
74018,256,-0.10,-0.0703125
74018,256,-0.00,-0.0390625
74018,256,0.10,-0.01953125
74018,256,0.20,-0.00390625
74018,256,0.30,0.01953125
74018,256,0.40,0.046875
74018,256,0.50,0.0625
74018,1024,-0.50,-0.1796875
74018,1024,-0.40,-0.16796875
74018,1024,-0.30,-0.1328125
74018,1024,-0.20,-0.08984375
74018,1024,-0.10,-0.06640625
74018,1024,-0.00,-0.0546875
74018,1024,0.10,-0.02734375
74018,1024,0.20,0.0
74018,1024,0.30,0.0078125
74018,1024,0.40,0.015625
74018,1024,0.50,0.0390625
74019,64,-0.50,-0.0546875
74019,64,-0.40,-0.02734375
74019,64,-0.30,-0.015625
74019,64,-0.20,0.0
74019,64,-0.10,0.01953125
74019,64,-0.00,0.0390625
74019,64,0.10,0.05859375
74019,64,0.20,0.0703125
74019,64,0.30,0.078125
74019,64,0.40,0.0703125
74019,64,0.50,0.0859375
74019,256,-0.50,-0.18359375
74019,256,-0.40,-0.16796875
74019,256,-0.30,-0.140625
74019,256,-0.20,-0.1328125
74019,256,-0.10,-0.11328125
74019,256,-0.00,-0.0625
74019,256,0.10,-0.04296875
74019,256,0.20,-0.00390625
74019,256,0.30,0.0078125
74019,256,0.40,0.0078125
74019,256,0.50,0.00390625
74019,1024,-0.50,-0.12890625
74019,1024,-0.40,-0.140625
74019,1024,-0.30,-0.10546875
74019,1024,-0.20,-0.09375
74019,1024,-0.10,-0.078125
74019,1024,-0.00,-0.05859375
74019,1024,0.10,-0.0390625
74019,1024,0.20,-0.01171875
74019,1024,0.30,0.00390625
74019,1024,0.40,0.0078125
74019,1024,0.50,0.0390625
74020,64,-0.50,-0.14453125
74020,64,-0.40,-0.125
74020,64,-0.30,-0.08203125
74020,64,-0.20,-0.05078125
74020,64,-0.10,-0.01953125
74020,64,-0.00,-0.0078125
74020,64,0.10,0.00390625
74020,64,0.20,0.0234375
74020,64,0.30,0.05859375
74020,64,0.40,0.06640625
74020,64,0.50,0.08203125
74020,256,-0.50,-0.15625
74020,256,-0.40,-0.13671875
74020,256,-0.30,-0.09375
74020,256,-0.20,-0.078125
74020,256,-0.10,-0.05859375
74020,256,-0.00,-0.03125
74020,256,0.10,-0.00390625
74020,256,0.20,0.015625
74020,256,0.30,0.03515625
74020,256,0.40,0.046875
74020,256,0.50,0.078125
74020,1024,-0.50,-0.13671875
74020,1024,-0.40,-0.1171875
74020,1024,-0.30,-0.11328125
74020,1024,-0.20,-0.08984375
74020,1024,-0.10,-0.09375
74020,1024,-0.00,-0.078125
74020,1024,0.10,-0.0546875
74020,1024,0.20,-0.0234375
74020,1024,0.30,-0.00390625
74020,1024,0.40,0.0234375
74020,1024,0.50,0.0390625
74021,64,-0.50,-0.140625
74021,64,-0.40,-0.1328125
74021,64,-0.30,-0.109375
74021,64,-0.20,-0.1015625
74021,64,-0.10,-0.07421875
74021,64,-0.00,-0.05078125
74021,64,0.10,-0.03125
74021,64,0.20,-0.01171875
74021,64,0.30,0.03515625
74021,64,0.40,0.046875
74021,64,0.50,0.07421875
74021,256,-0.50,-0.10546875
74021,256,-0.40,-0.08984375
74021,256,-0.30,-0.078125
74021,256,-0.20,-0.078125
74021,256,-0.10,-0.03515625
74021,256,-0.00,-0.015625
74021,256,0.10,0.01171875
74021,256,0.20,0.00390625
74021,256,0.30,0.03125
74021,256,0.40,0.046875
74021,256,0.50,0.0625
74021,1024,-0.50,-0.11328125
74021,1024,-0.40,-0.10546875
74021,1024,-0.30,-0.08984375
74021,1024,-0.20,-0.07421875
74021,1024,-0.10,-0.03515625
74021,1024,-0.00,-0.01953125
74021,1024,0.10,-0.00390625
74021,1024,0.20,0.00390625
74021,1024,0.30,0.0078125
74021,1024,0.40,0.03125
74021,1024,0.50,0.046875
74022,64,-0.50,-0.08203125
74022,64,-0.40,-0.06640625
74022,64,-0.30,-0.04296875
74022,64,-0.20,-0.02734375
74022,64,-0.10,-0.01953125
74022,64,-0.00,0.01171875
74022,64,0.10,0.03515625
74022,64,0.20,0.046875
74022,64,0.30,0.05859375
74022,64,0.40,0.078125
74022,64,0.50,0.09375
74022,256,-0.50,-0.17578125
74022,256,-0.40,-0.1484375
74022,256,-0.30,-0.1171875
74022,256,-0.20,-0.09765625
74022,256,-0.10,-0.0703125
74022,256,-0.00,-0.046875
74022,256,0.10,-0.02734375
74022,256,0.20,-0.00390625
74022,256,0.30,0.0390625
74022,256,0.40,0.046875
74022,256,0.50,0.07421875
74022,1024,-0.50,-0.1640625
74022,1024,-0.40,-0.1484375
74022,1024,-0.30,-0.109375
74022,1024,-0.20,-0.07421875
74022,1024,-0.10,-0.04296875
74022,1024,-0.00,-0.03125
74022,1024,0.10,0.0078125
74022,1024,0.20,0.0234375
74022,1024,0.30,0.03515625
74022,1024,0.40,0.06640625
74022,1024,0.50,0.07421875
74023,64,-0.50,-0.08203125
74023,64,-0.40,-0.0703125
74023,64,-0.30,-0.05859375
74023,64,-0.20,-0.0390625
74023,64,-0.10,-0.01953125
74023,64,-0.00,0.0078125
74023,64,0.10,0.01953125
74023,64,0.20,0.046875
74023,64,0.30,0.05859375
74023,64,0.40,0.06640625
74023,64,0.50,0.06640625
74023,256,-0.50,-0.12890625
74023,256,-0.40,-0.109375
74023,256,-0.30,-0.0703125
74023,256,-0.20,-0.05078125
74023,256,-0.10,-0.0390625
74023,256,-0.00,-0.02734375
74023,256,0.10,-0.01953125
74023,256,0.20,0.0
74023,256,0.30,0.01953125
74023,256,0.40,0.0234375
74023,256,0.50,0.03515625
74023,1024,-0.50,-0.12890625
74023,1024,-0.40,-0.10546875
74023,1024,-0.30,-0.1015625
74023,1024,-0.20,-0.07421875
74023,1024,-0.10,-0.04296875
74023,1024,-0.00,-0.02734375
74023,1024,0.10,-0.0078125
74023,1024,0.20,0.0078125
74023,1024,0.30,0.0234375
74023,1024,0.40,0.05078125
74023,1024,0.50,0.05859375
74024,64,-0.50,-0.1484375
74024,64,-0.40,-0.12109375
74024,64,-0.30,-0.08203125
74024,64,-0.20,-0.06640625
74024,64,-0.10,-0.046875
74024,64,-0.00,-0.0078125
74024,64,0.10,0.00390625
74024,64,0.20,0.03125
74024,64,0.30,0.0390625
74024,64,0.40,0.05078125
74024,64,0.50,0.0703125
74024,256,-0.50,-0.09375
74024,256,-0.40,-0.08203125
74024,256,-0.30,-0.0703125
74024,256,-0.20,-0.04296875
74024,256,-0.10,-0.01953125
74024,256,-0.00,-0.00390625
74024,256,0.10,0.015625
74024,256,0.20,0.05078125
74024,256,0.30,0.0625
74024,256,0.40,0.0703125
74024,256,0.50,0.08203125
74024,1024,-0.50,-0.14453125
74024,1024,-0.40,-0.12890625
74024,1024,-0.30,-0.125
74024,1024,-0.20,-0.125
74024,1024,-0.10,-0.1171875
74024,1024,-0.00,-0.08984375
74024,1024,0.10,-0.04296875
74024,1024,0.20,-0.0234375
74024,1024,0.30,0.00390625
74024,1024,0.40,0.0234375
74024,1024,0.50,0.06640625
74025,64,-0.50,-0.0703125
74025,64,-0.40,-0.06640625
74025,64,-0.30,-0.0546875
74025,64,-0.20,-0.0234375
74025,64,-0.10,-0.015625
74025,64,-0.00,0.00390625
74025,64,0.10,0.02734375
74025,64,0.20,0.0390625
74025,64,0.30,0.0625
74025,64,0.40,0.09375
74025,64,0.50,0.10546875
74025,256,-0.50,-0.17578125
74025,256,-0.40,-0.15234375
74025,256,-0.30,-0.11328125
74025,256,-0.20,-0.09765625
74025,256,-0.10,-0.0625
74025,256,-0.00,-0.05078125
74025,256,0.10,-0.02734375
74025,256,0.20,0.015625
74025,256,0.30,0.0390625
74025,256,0.40,0.0625
74025,256,0.50,0.07421875
74025,1024,-0.50,-0.1640625
74025,1024,-0.40,-0.12890625
74025,1024,-0.30,-0.10546875
74025,1024,-0.20,-0.08203125
74025,1024,-0.10,-0.078125
74025,1024,-0.00,-0.06640625
74025,1024,0.10,-0.05078125
74025,1024,0.20,-0.02734375
74025,1024,0.30,-0.01953125
74025,1024,0.40,0.01171875
74025,1024,0.50,0.015625
74026,64,-0.50,-0.20703125
74026,64,-0.40,-0.1796875
74026,64,-0.30,-0.15234375
74026,64,-0.20,-0.12109375
74026,64,-0.10,-0.10546875
74026,64,-0.00,-0.07421875
74026,64,0.10,-0.046875
74026,64,0.20,-0.015625
74026,64,0.30,-0.00390625
74026,64,0.40,0.0234375
74026,64,0.50,0.04296875
74026,256,-0.50,-0.1796875
74026,256,-0.40,-0.1484375
74026,256,-0.30,-0.1484375
74026,256,-0.20,-0.1328125
74026,256,-0.10,-0.1015625
74026,256,-0.00,-0.0703125
74026,256,0.10,-0.05078125
74026,256,0.20,-0.0390625
74026,256,0.30,-0.00390625
74026,256,0.40,0.0234375
74026,256,0.50,0.0390625
74026,1024,-0.50,-0.171875
74026,1024,-0.40,-0.14453125
74026,1024,-0.30,-0.13671875
74026,1024,-0.20,-0.11328125
74026,1024,-0.10,-0.08984375
74026,1024,-0.00,-0.07421875
74026,1024,0.10,-0.05078125
74026,1024,0.20,-0.02734375
74026,1024,0.30,-0.00390625
74026,1024,0.40,0.01953125
74026,1024,0.50,0.03125
74027,64,-0.50,-0.11328125
74027,64,-0.40,-0.09765625
74027,64,-0.30,-0.08984375
74027,64,-0.20,-0.0703125
74027,64,-0.10,-0.0390625
74027,64,-0.00,-0.0078125
74027,64,0.10,0.03125
74027,64,0.20,0.03515625
74027,64,0.30,0.0546875
74027,64,0.40,0.07421875
74027,64,0.50,0.08984375
74027,256,-0.50,-0.19921875
74027,256,-0.40,-0.16796875
74027,256,-0.30,-0.13671875
74027,256,-0.20,-0.109375
74027,256,-0.10,-0.09375
74027,256,-0.00,-0.08984375
74027,256,0.10,-0.05078125
74027,256,0.20,-0.01953125
74027,256,0.30,0.01171875
74027,256,0.40,0.03125
74027,256,0.50,0.0703125
74027,1024,-0.50,-0.16015625
74027,1024,-0.40,-0.140625
74027,1024,-0.30,-0.12109375
74027,1024,-0.20,-0.12109375
74027,1024,-0.10,-0.10546875
74027,1024,-0.00,-0.05859375
74027,1024,0.10,-0.04296875
74027,1024,0.20,-0.0078125
74027,1024,0.30,0.0234375
74027,1024,0.40,0.046875
74027,1024,0.50,0.0703125
74028,64,-0.50,-0.03515625
74028,64,-0.40,-0.0234375
74028,64,-0.30,-0.01171875
74028,64,-0.20,-0.00390625
74028,64,-0.10,0.0078125
74028,64,-0.00,0.0078125
74028,64,0.10,0.01171875
74028,64,0.20,0.015625
74028,64,0.30,0.0234375
74028,64,0.40,0.03125
74028,64,0.50,0.0546875
74028,256,-0.50,-0.13671875
74028,256,-0.40,-0.12109375
74028,256,-0.30,-0.08984375
74028,256,-0.20,-0.078125
74028,256,-0.10,-0.0546875
74028,256,-0.00,-0.01953125
74028,256,0.10,-0.01171875
74028,256,0.20,0.01171875
74028,256,0.30,0.0390625
74028,256,0.40,0.05859375
74028,256,0.50,0.06640625
74028,1024,-0.50,-0.125
74028,1024,-0.40,-0.10546875
74028,1024,-0.30,-0.0859375
74028,1024,-0.20,-0.0546875
74028,1024,-0.10,-0.04296875
74028,1024,-0.00,-0.02734375
74028,1024,0.10,-0.00390625
74028,1024,0.20,0.02734375
74028,1024,0.30,0.0390625
74028,1024,0.40,0.0703125
74028,1024,0.50,0.109375
74029,64,-0.50,-0.19140625
74029,64,-0.40,-0.16796875
74029,64,-0.30,-0.12890625
74029,64,-0.20,-0.10546875
74029,64,-0.10,-0.0703125
74029,64,-0.00,-0.046875
74029,64,0.10,-0.02734375
74029,64,0.20,0.00390625
74029,64,0.30,0.015625
74029,64,0.40,0.03515625
74029,64,0.50,0.05078125
74029,256,-0.50,-0.203125
74029,256,-0.40,-0.16015625
74029,256,-0.30,-0.1171875
74029,256,-0.20,-0.109375
74029,256,-0.10,-0.078125
74029,256,-0.00,-0.0625
74029,256,0.10,-0.0390625
74029,256,0.20,0.0
74029,256,0.30,0.0078125
74029,256,0.40,0.03515625
74029,256,0.50,0.0546875
74029,1024,-0.50,-0.15234375
74029,1024,-0.40,-0.13671875
74029,1024,-0.30,-0.11328125
74029,1024,-0.20,-0.109375
74029,1024,-0.10,-0.08984375
74029,1024,-0.00,-0.0703125
74029,1024,0.10,-0.015625
74029,1024,0.20,0.0
74029,1024,0.30,0.03125
74029,1024,0.40,0.05078125
74029,1024,0.50,0.08203125
