training_seed,train_size,arm,parameter_count,updates,batch_size,sample_tokens,training_seconds,initial_loss,final_10_update_loss,parameters_json
74000,64,MODE_GAIN_FILTER,4,250,16,128000,0.19878620887175202,1.0605398416519165,0.7887187361717224,"[5.397673606872559, -2.5826587677001953, 1.591230034828186, 0.18180158734321594]"
74000,64,CONSTANT_GAIN_FILTER,3,250,16,128000,0.13419904187321663,1.0605398416519165,0.9092090904712677,"[4.441807746887207, -1.7849953174591064, 0.19893941283226013]"
74000,64,LINEAR_BILINEAR_RNN,5,250,16,128000,0.2603193330578506,0.9765415191650391,0.8958071827888489,"[0.3331682085990906, -0.06107620894908905, 0.5981848239898682, 2.556523561477661, 1.5217087268829346]"
74000,256,MODE_GAIN_FILTER,4,250,16,128000,0.19192345906049013,1.0886049270629883,0.8347432255744934,"[5.883802890777588, -2.633608341217041, 1.4999631643295288, 0.027666347101330757]"
74000,256,CONSTANT_GAIN_FILTER,3,250,16,128000,0.1369863753207028,1.0886049270629883,0.9019415080547333,"[5.538620471954346, -1.7810372114181519, 0.030966229736804962]"
74000,256,LINEAR_BILINEAR_RNN,5,250,16,128000,0.262059458065778,0.9838787913322449,0.9109409511089325,"[0.43386876583099365, -0.04288960620760918, 0.39676961302757263, 2.5542852878570557, 1.6320408582687378]"
74000,1024,MODE_GAIN_FILTER,4,250,16,128000,0.19160875026136637,1.017533302307129,0.872854483127594,"[5.994917392730713, -2.595292329788208, 1.422894835472107, 0.04187444597482681]"
74000,1024,CONSTANT_GAIN_FILTER,3,250,16,128000,0.13380970805883408,1.017533302307129,0.9233979284763336,"[5.71149206161499, -1.9038811922073364, 0.04893753305077553]"
74000,1024,LINEAR_BILINEAR_RNN,5,250,16,128000,0.2614496247842908,0.9755865335464478,0.9358687281608582,"[0.35616162419319153, 0.0476980060338974, 0.44033414125442505, 2.622825860977173, 1.8763779401779175]"
74001,64,MODE_GAIN_FILTER,4,250,16,128000,0.1915415828116238,0.9640523791313171,0.8069791853427887,"[5.81300687789917, -2.40921950340271, 1.2016088962554932, -0.09727586805820465]"
74001,64,CONSTANT_GAIN_FILTER,3,250,16,128000,0.13366733398288488,0.9640523791313171,0.8435917496681213,"[5.518406867980957, -1.8223233222961426, -0.15387962758541107]"
74001,64,LINEAR_BILINEAR_RNN,5,250,16,128000,0.2591945421881974,0.979232132434845,0.9137963235378266,"[0.32847246527671814, -0.08690465986728668, 0.49069494009017944, 2.696774959564209, 2.167140245437622]"
74001,256,MODE_GAIN_FILTER,4,250,16,128000,0.19281912501901388,0.9489682912826538,0.8202958822250366,"[6.022536277770996, -2.6068365573883057, 1.557193636894226, -0.011419860646128654]"
74001,256,CONSTANT_GAIN_FILTER,3,250,16,128000,0.13544454192742705,0.9489682912826538,0.9009902060031891,"[5.717665672302246, -1.8204948902130127, 0.005059011746197939]"
74001,256,LINEAR_BILINEAR_RNN,5,250,16,128000,0.26190683292225003,0.9787037968635559,0.9238094031810761,"[0.4341232478618622, 0.05026894062757492, 0.4618743658065796, 2.641663074493408, 2.0370876789093018]"
74001,1024,MODE_GAIN_FILTER,4,250,16,128000,0.18996379198506474,0.9023603200912476,0.8128291010856629,"[5.929810523986816, -2.605074405670166, 1.5451184511184692, 0.054624445736408234]"
74001,1024,CONSTANT_GAIN_FILTER,3,250,16,128000,0.13397762505337596,0.9023603200912476,0.878588730096817,"[5.673679828643799, -1.8025246858596802, 0.04032085835933685]"
74001,1024,LINEAR_BILINEAR_RNN,5,250,16,128000,0.2618324998766184,0.9795972108840942,0.9086805522441864,"[0.4353487491607666, 0.004348402377218008, 0.40114477276802063, 2.5733373165130615, 1.6792618036270142]"
74002,64,MODE_GAIN_FILTER,4,250,16,128000,0.1903915419243276,1.0531660318374634,0.7905901908874512,"[6.054691314697266, -2.5788800716400146, 1.8789479732513428, 0.039903730154037476]"
74002,64,CONSTANT_GAIN_FILTER,3,250,16,128000,0.13430554093793035,1.0531660318374634,0.9127906024456024,"[5.756520748138428, -1.8858357667922974, 0.06875167042016983]"
74002,64,LINEAR_BILINEAR_RNN,5,250,16,128000,0.2604594170115888,0.9854061603546143,0.930827158689499,"[0.4054577052593231, -0.011576211079955101, 0.4251246452331543, 2.581630229949951, 0.8588482141494751]"
74002,256,MODE_GAIN_FILTER,4,250,16,128000,0.19377641705796123,0.9793721437454224,0.8004279911518097,"[5.965288162231445, -2.6107311248779297, 1.5348106622695923, 0.007254310883581638]"
74002,256,CONSTANT_GAIN_FILTER,3,250,16,128000,0.1369298747740686,0.9793721437454224,0.888507753610611,"[5.744584560394287, -1.9183858633041382, 0.02917023003101349]"
74002,256,LINEAR_BILINEAR_RNN,5,250,16,128000,0.2607991248369217,0.9826146960258484,0.9200618684291839,"[0.4322560727596283, 0.02516636624932289, 0.4185953438282013, 2.5408475399017334, 1.5174493789672852]"
74002,1024,MODE_GAIN_FILTER,4,250,16,128000,0.18827470811083913,0.9786916375160217,0.8344759345054626,"[6.0108442306518555, -2.5728840827941895, 1.4913873672485352, -0.04570744186639786]"
74002,1024,CONSTANT_GAIN_FILTER,3,250,16,128000,0.1329495832324028,0.9786916375160217,0.9108332574367524,"[5.700144290924072, -1.8586902618408203, -0.05907205864787102]"
74002,1024,LINEAR_BILINEAR_RNN,5,250,16,128000,0.26183708291500807,0.9892707467079163,0.9267339468002319,"[0.42227014899253845, -0.022377094253897667, 0.40954655408859253, 2.5530519485473633, 1.6734256744384766]"
74003,64,MODE_GAIN_FILTER,4,250,16,128000,0.19080195808783174,1.0402820110321045,0.8151206195354461,"[5.400811195373535, -2.176844358444214, 1.1124279499053955, 0.1053270697593689]"
74003,64,CONSTANT_GAIN_FILTER,3,250,16,128000,0.13649533269926906,1.0402820110321045,0.8716323554515839,"[5.055180072784424, -1.5684864521026611, 0.1637319177389145]"
74003,64,LINEAR_BILINEAR_RNN,5,250,16,128000,0.2642362080514431,0.9812592267990112,0.9026258826255799,"[0.4095001220703125, 0.0809580534696579, 0.40112635493278503, 2.4992823600769043, 1.530024766921997]"
74003,256,MODE_GAIN_FILTER,4,250,16,128000,0.19400012539699674,0.9932632446289062,0.8545046269893646,"[5.880783557891846, -2.3958888053894043, 1.4538460969924927, -0.009194293059408665]"
74003,256,CONSTANT_GAIN_FILTER,3,250,16,128000,0.13499491708353162,0.9932632446289062,0.9056693851947785,"[5.583638668060303, -1.6907596588134766, 0.046108949929475784]"
74003,256,LINEAR_BILINEAR_RNN,5,250,16,128000,0.2579983747564256,0.9889552593231201,0.9346797108650208,"[0.44739505648612976, 0.09009452909231186, 0.33052223920822144, 2.538553237915039, 1.3473275899887085]"
74003,1024,MODE_GAIN_FILTER,4,250,16,128000,0.19196162512525916,1.1175904273986816,0.8267053902149201,"[5.833186626434326, -2.6069767475128174, 1.468513011932373, -0.010154327377676964]"
74003,1024,CONSTANT_GAIN_FILTER,3,250,16,128000,0.135602000169456,1.1175904273986816,0.917580658197403,"[5.544972896575928, -1.8573319911956787, 0.011109825223684311]"
74003,1024,LINEAR_BILINEAR_RNN,5,250,16,128000,0.25913470797240734,0.9850208163261414,0.9313255488872528,"[0.3976544141769409, 0.04366971552371979, 0.40775859355926514, 2.522433042526245, 1.2299271821975708]"
74004,64,MODE_GAIN_FILTER,4,250,16,128000,0.1940162922255695,0.9210905432701111,0.7836235821247101,"[6.124042510986328, -2.6573407649993896, 1.744171142578125, -0.1133587583899498]"
74004,64,CONSTANT_GAIN_FILTER,3,250,16,128000,0.13525770790874958,0.9210905432701111,0.8906218051910401,"[5.787669658660889, -1.6837527751922607, -0.1266101747751236]"
74004,64,LINEAR_BILINEAR_RNN,5,250,16,128000,0.2620379589498043,0.9738832712173462,0.9144050121307373,"[0.5403070449829102, -0.062281686812639236, 0.3128182888031006, 2.593313217163086, 1.826847791671753]"
74004,256,MODE_GAIN_FILTER,4,250,16,128000,0.19276887504383922,0.9801548719406128,0.8219713032245636,"[5.666416168212891, -2.362192153930664, 1.486430048942566, -0.06346286088228226]"
74004,256,CONSTANT_GAIN_FILTER,3,250,16,128000,0.13546579191461205,0.9801548719406128,0.8818409204483032,"[5.448269844055176, -1.7060587406158447, -0.09153043478727341]"
74004,256,LINEAR_BILINEAR_RNN,5,250,16,128000,0.2614241661503911,0.9815288782119751,0.9374437093734741,"[0.4052601456642151, -0.03115270473062992, 0.3563437759876251, 2.5313644409179688, 1.1101590394973755]"
74004,1024,MODE_GAIN_FILTER,4,250,16,128000,0.18889683298766613,0.9903092384338379,0.8239873170852661,"[5.9454755783081055, -2.552032947540283, 1.5298504829406738, -0.019599920138716698]"
74004,1024,CONSTANT_GAIN_FILTER,3,250,16,128000,0.13474454171955585,0.9903092384338379,0.8973387837409973,"[5.649508953094482, -1.7471622228622437, -0.017595747485756874]"
74004,1024,LINEAR_BILINEAR_RNN,5,250,16,128000,0.2613591253757477,0.9780289530754089,0.9410213768482208,"[0.45947331190109253, 0.01511497050523758, 0.3380163311958313, 2.5310604572296143, 1.6610809564590454]"
74005,64,MODE_GAIN_FILTER,4,250,16,128000,0.1911120000295341,1.0823057889938354,0.8545234739780426,"[4.763941764831543, -2.3729212284088135, 0.9841806888580322, 0.09855283796787262]"
74005,64,CONSTANT_GAIN_FILTER,3,250,16,128000,0.13444841699674726,1.0823057889938354,0.8864466309547424,"[4.7366623878479, -2.0063085556030273, 0.12010848522186279]"
74005,64,LINEAR_BILINEAR_RNN,5,250,16,128000,0.2580688754096627,0.9968658685684204,0.9423278331756592,"[0.3498431146144867, 0.04070042446255684, 0.36355066299438477, 2.535188913345337, 1.7666020393371582]"
74005,256,MODE_GAIN_FILTER,4,250,16,128000,0.19052920769900084,0.9795281887054443,0.8088543891906739,"[5.657576560974121, -2.4472057819366455, 1.3446941375732422, 0.09438927471637726]"
74005,256,CONSTANT_GAIN_FILTER,3,250,16,128000,0.1380804581567645,0.9795281887054443,0.8459669947624207,"[5.574167251586914, -1.8709309101104736, 0.10956864058971405]"
74005,256,LINEAR_BILINEAR_RNN,5,250,16,128000,0.2669404996559024,0.9831583499908447,0.9071627676486969,"[0.44870835542678833, 0.004728706553578377, 0.34998807311058044, 2.5024471282958984, 1.727333664894104]"
74005,1024,MODE_GAIN_FILTER,4,250,16,128000,0.19329412514343858,0.9534728527069092,0.8349043488502502,"[5.966772556304932, -2.622291326522827, 1.456362009048462, 0.06655566394329071]"
74005,1024,CONSTANT_GAIN_FILTER,3,250,16,128000,0.13546254113316536,0.9534728527069092,0.8980037808418274,"[5.671435356140137, -1.9120537042617798, 0.06851285696029663]"
74005,1024,LINEAR_BILINEAR_RNN,5,250,16,128000,0.2607408748008311,0.9744189977645874,0.9250072419643403,"[0.340193510055542, -0.011442656628787518, 0.4354037344455719, 2.553600311279297, 1.7374804019927979]"
74006,64,MODE_GAIN_FILTER,4,250,16,128000,0.1916994582861662,1.010285496711731,0.7818441748619079,"[5.973981857299805, -2.5101001262664795, 1.4139341115951538, 0.12695612013339996]"
74006,64,CONSTANT_GAIN_FILTER,3,250,16,128000,0.13477116590365767,1.010285496711731,0.8377258241176605,"[5.632659912109375, -1.7385450601577759, 0.1577790230512619]"
74006,64,LINEAR_BILINEAR_RNN,5,250,16,128000,0.26074541732668877,0.9779905080795288,0.9075619995594024,"[0.5214912295341492, -0.06664570420980453, 0.34483617544174194, 2.58036208152771, 1.830674648284912]"
74006,256,MODE_GAIN_FILTER,4,250,16,128000,0.19100958295166492,0.9379857778549194,0.8077406406402587,"[6.019279956817627, -2.5546674728393555, 1.4813557863235474, 0.0974264144897461]"
74006,256,CONSTANT_GAIN_FILTER,3,250,16,128000,0.13389108330011368,0.9379857778549194,0.8858946204185486,"[5.770464897155762, -1.8240671157836914, 0.0946727767586708]"
74006,256,LINEAR_BILINEAR_RNN,5,250,16,128000,0.26104379212483764,0.9817241430282593,0.926348352432251,"[0.4792828857898712, -0.012998870573937893, 0.32486483454704285, 2.5647287368774414, 1.7736064195632935]"
74006,1024,MODE_GAIN_FILTER,4,250,16,128000,0.19360416661947966,0.9866258502006531,0.8145976662635803,"[6.013223648071289, -2.5896482467651367, 1.5234285593032837, 0.0014962299028411508]"
74006,1024,CONSTANT_GAIN_FILTER,3,250,16,128000,0.13656108360737562,0.9866258502006531,0.8738132834434509,"[5.7661261558532715, -1.8025660514831543, 0.0008363972883671522]"
74006,1024,LINEAR_BILINEAR_RNN,5,250,16,128000,0.2596644158475101,0.9757800102233887,0.91723353266716,"[0.4496474266052246, -0.0377405546605587, 0.4008435010910034, 2.5694503784179688, 1.7124719619750977]"
74007,64,MODE_GAIN_FILTER,4,250,16,128000,0.1928552919998765,0.9408131837844849,0.7841993689537048,"[4.79164457321167, -2.402804374694824, 1.2767562866210938, -0.10435589402914047]"
74007,64,CONSTANT_GAIN_FILTER,3,250,16,128000,0.13582629058510065,0.9408131837844849,0.8377015769481659,"[4.714940547943115, -1.7905449867248535, -0.1525525599718094]"
74007,64,LINEAR_BILINEAR_RNN,5,250,16,128000,0.25922983326017857,0.9718304872512817,0.9153457999229431,"[0.29429882764816284, -0.01859358325600624, 0.4837210178375244, 2.619385004043579, 2.0795156955718994]"
74007,256,MODE_GAIN_FILTER,4,250,16,128000,0.1947411671280861,0.984437108039856,0.8620364189147949,"[5.966226577758789, -2.6105542182922363, 1.5288366079330444, -0.04237303137779236]"
74007,256,CONSTANT_GAIN_FILTER,3,250,16,128000,0.13684683293104172,0.984437108039856,0.9154562711715698,"[5.747871398925781, -1.8439099788665771, -0.0776330828666687]"
74007,256,LINEAR_BILINEAR_RNN,5,250,16,128000,0.25876899994909763,0.9780278205871582,0.9280165255069732,"[0.4042394757270813, -0.04348766431212425, 0.4085765779018402, 2.581429958343506, 1.9549435377120972]"
74007,1024,MODE_GAIN_FILTER,4,250,16,128000,0.19117633299902081,1.1358476877212524,0.8442259728908539,"[5.838286876678467, -2.578906774520874, 1.5578536987304688, 0.10752741992473602]"
74007,1024,CONSTANT_GAIN_FILTER,3,250,16,128000,0.13560250028967857,1.1358476877212524,0.9268361270427704,"[5.516551971435547, -1.7878427505493164, 0.14172007143497467]"
74007,1024,LINEAR_BILINEAR_RNN,5,250,16,128000,0.258887792006135,0.9866375923156738,0.9256930947303772,"[0.397219717502594, 0.023808086290955544, 0.4072781801223755, 2.577836513519287, 1.7502551078796387]"
74008,64,MODE_GAIN_FILTER,4,250,16,128000,0.19388766679912806,1.0219603776931763,0.8473611891269683,"[5.707971572875977, -1.9394654035568237, 0.9526830911636353, -0.17220671474933624]"
74008,64,CONSTANT_GAIN_FILTER,3,250,16,128000,0.13459770800545812,1.0219603776931763,0.8771371424198151,"[5.611847877502441, -1.7203680276870728, -0.17714983224868774]"
74008,64,LINEAR_BILINEAR_RNN,5,250,16,128000,0.25828733295202255,0.9881055355072021,0.9485512793064117,"[0.6497440934181213, 0.0199945829808712, 0.2812167704105377, 2.5385358333587646, 0.32367393374443054]"
74008,256,MODE_GAIN_FILTER,4,250,16,128000,0.19105558283627033,1.0429612398147583,0.8305725812911987,"[5.82749605178833, -2.633976459503174, 1.526072382926941, -0.07632580399513245]"
74008,256,CONSTANT_GAIN_FILTER,3,250,16,128000,0.13540183287113905,1.0429612398147583,0.8965837478637695,"[5.531198501586914, -1.873889684677124, -0.08087508380413055]"
74008,256,LINEAR_BILINEAR_RNN,5,250,16,128000,0.25966816721484065,0.9836036562919617,0.9105265021324158,"[0.3647092282772064, -0.06284742057323456, 0.4591379463672638, 2.558436870574951, 1.676870346069336]"
74008,1024,MODE_GAIN_FILTER,4,250,16,128000,0.18929308280348778,0.9833086729049683,0.834161001443863,"[5.938260555267334, -2.620058059692383, 1.5353974103927612, 0.016857311129570007]"
74008,1024,CONSTANT_GAIN_FILTER,3,250,16,128000,0.13318479200825095,0.9833086729049683,0.9346612155437469,"[5.636785984039307, -1.906322717666626, 0.030625078827142715]"
74008,1024,LINEAR_BILINEAR_RNN,5,250,16,128000,0.2620284166187048,0.9801672101020813,0.9146288216114045,"[0.36145105957984924, -0.019528402015566826, 0.4647219777107239, 2.575395107269287, 1.8416141271591187]"
74009,64,MODE_GAIN_FILTER,4,250,16,128000,0.1916979169473052,0.9402785897254944,0.8537309646606446,"[5.807314395904541, -2.6790246963500977, 1.423100471496582, -0.003798574674874544]"
74009,64,CONSTANT_GAIN_FILTER,3,250,16,128000,0.1361081670038402,0.9402785897254944,0.9273262917995453,"[5.434586524963379, -1.950223684310913, 0.0004749065265059471]"
74009,64,LINEAR_BILINEAR_RNN,5,250,16,128000,0.26048904191702604,0.9809138774871826,0.9227690458297729,"[0.26688912510871887, 0.0619063600897789, 0.5446652770042419, 2.6822831630706787, 2.1483237743377686]"
74009,256,MODE_GAIN_FILTER,4,250,16,128000,0.1913479999639094,1.0301355123519897,0.8534074425697327,"[5.673004627227783, -2.5865511894226074, 1.2988632917404175, 0.050835661590099335]"
74009,256,CONSTANT_GAIN_FILTER,3,250,16,128000,0.13433566596359015,1.0301355123519897,0.9127391934394836,"[5.454136848449707, -1.9277490377426147, 0.05004952847957611]"
74009,256,LINEAR_BILINEAR_RNN,5,250,16,128000,0.25989433424547315,0.979496955871582,0.9234953820705414,"[0.3465326428413391, -0.0348832830786705, 0.3903544247150421, 2.561701774597168, 1.8904004096984863]"
74009,1024,MODE_GAIN_FILTER,4,250,16,128000,0.19017020799219608,1.03436279296875,0.8398567736148834,"[5.830916404724121, -2.547074317932129, 1.4279519319534302, -0.005893641151487827]"
74009,1024,CONSTANT_GAIN_FILTER,3,250,16,128000,0.13588812528178096,1.03436279296875,0.90456463098526,"[5.585423469543457, -1.8296279907226562, -0.009970324113965034]"
74009,1024,LINEAR_BILINEAR_RNN,5,250,16,128000,0.26290562469512224,0.9807315468788147,0.9335659742355347,"[0.35246941447257996, -0.0673501268029213, 0.49060121178627014, 2.5976366996765137, 1.8617430925369263]"
74010,64,MODE_GAIN_FILTER,4,250,16,128000,0.19220075011253357,1.0377132892608643,0.8061052560806274,"[4.385557651519775, -2.1221277713775635, 1.0969237089157104, -0.23973548412322998]"
74010,64,CONSTANT_GAIN_FILTER,3,250,16,128000,0.13637779094278812,1.0377132892608643,0.8592513024806976,"[4.162398338317871, -1.6718498468399048, -0.31127989292144775]"
74010,64,LINEAR_BILINEAR_RNN,5,250,16,128000,0.26471837516874075,0.9806322455406189,0.9399474322795868,"[0.35435912013053894, 0.20369400084018707, 0.449597030878067, 2.543212652206421, -0.8221856355667114]"
74010,256,MODE_GAIN_FILTER,4,250,16,128000,0.19427675008773804,0.9685949683189392,0.8149406135082244,"[5.755904197692871, -2.5349020957946777, 1.5363422632217407, -0.0037642507813870907]"
74010,256,CONSTANT_GAIN_FILTER,3,250,16,128000,0.13702004216611385,0.9685949683189392,0.9001851737499237,"[5.399162292480469, -1.7070825099945068, -0.006200670730322599]"
74010,256,LINEAR_BILINEAR_RNN,5,250,16,128000,0.26398158306255937,0.9819375872612,0.9188105762004852,"[0.4117019772529602, 0.0023459545336663723, 0.4412800669670105, 2.574805498123169, 1.6989976167678833]"
74010,1024,MODE_GAIN_FILTER,4,250,16,128000,0.19384341733530164,0.952672004699707,0.8425691545009613,"[5.7120161056518555, -2.6133203506469727, 1.4796096086502075, -0.022732434794306755]"
74010,1024,CONSTANT_GAIN_FILTER,3,250,16,128000,0.1365335830487311,0.952672004699707,0.9248860776424408,"[5.296912670135498, -1.817892074584961, -0.011656031012535095]"
74010,1024,LINEAR_BILINEAR_RNN,5,250,16,128000,0.2591172498650849,0.9783644676208496,0.9275433957576752,"[0.34268704056739807, -0.04200940579175949, 0.43912044167518616, 2.5473411083221436, 1.7470623254776]"
74011,64,MODE_GAIN_FILTER,4,250,16,128000,0.19233549991622567,1.0244567394256592,0.797370707988739,"[5.728145122528076, -2.6009182929992676, 1.4673491716384888, 0.10630909353494644]"
74011,64,CONSTANT_GAIN_FILTER,3,250,16,128000,0.13544633332639933,1.0244567394256592,0.8756831467151642,"[5.261245250701904, -1.8229116201400757, 0.1328926831483841]"
74011,64,LINEAR_BILINEAR_RNN,5,250,16,128000,0.2600642079487443,0.979430079460144,0.9059380948543548,"[0.32621338963508606, 0.05834953486919403, 0.5556853413581848, 2.5925474166870117, 1.885654330253601]"
74011,256,MODE_GAIN_FILTER,4,250,16,128000,0.1892424998804927,0.9498123526573181,0.7912330329418182,"[5.90647554397583, -2.497711420059204, 1.3469969034194946, -0.024545010179281235]"
74011,256,CONSTANT_GAIN_FILTER,3,250,16,128000,0.13340841699391603,0.9498123526573181,0.8490117609500885,"[5.657379150390625, -1.84249746799469, -0.02666189707815647]"
74011,256,LINEAR_BILINEAR_RNN,5,250,16,128000,0.26373779214918613,0.9832123517990112,0.9057411789894104,"[0.4444880485534668, 0.07502178102731705, 0.42194509506225586, 2.5562868118286133, 1.7167116403579712]"
74011,1024,MODE_GAIN_FILTER,4,250,16,128000,0.19222470792010427,1.0886688232421875,0.8540607631206513,"[5.889416694641113, -2.4888288974761963, 1.3843345642089844, 0.03751964867115021]"
74011,1024,CONSTANT_GAIN_FILTER,3,250,16,128000,0.13296395912766457,1.0886688232421875,0.9363784432411194,"[5.70693826675415, -1.7768276929855347, 0.06849564611911774]"
74011,1024,LINEAR_BILINEAR_RNN,5,250,16,128000,0.25730033311992884,0.9844396114349365,0.9201678097248077,"[0.4712328016757965, 0.05008017271757126, 0.3615034222602844, 2.5406458377838135, 1.7758427858352661]"
74012,64,MODE_GAIN_FILTER,4,250,16,128000,0.18931762501597404,1.1228394508361816,0.924513179063797,"[5.208808898925781, -2.7136127948760986, 1.6077044010162354, 0.05384631082415581]"
74012,64,CONSTANT_GAIN_FILTER,3,250,16,128000,0.1339750410988927,1.1228394508361816,1.0095971047878265,"[3.792874813079834, -1.9628218412399292, 0.003803085535764694]"
74012,64,LINEAR_BILINEAR_RNN,5,250,16,128000,0.2609040839597583,0.991436779499054,0.9674915432929992,"[0.2365121841430664, -0.027940373867750168, 0.5087230205535889, 2.6254379749298096, -0.7386530637741089]"
74012,256,MODE_GAIN_FILTER,4,250,16,128000,0.19029716635122895,1.008273720741272,0.819475120306015,"[6.128355979919434, -2.674718141555786, 1.711266040802002, -0.037628937512636185]"
74012,256,CONSTANT_GAIN_FILTER,3,250,16,128000,0.13379679108038545,1.008273720741272,0.9044712722301483,"[5.6632914543151855, -1.754665493965149, -0.06205056235194206]"
74012,256,LINEAR_BILINEAR_RNN,5,250,16,128000,0.25824729166924953,0.9815020561218262,0.9448059499263763,"[0.38353803753852844, -0.03813423961400986, 0.3815596401691437, 2.522322654724121, 1.6033426523208618]"
74012,1024,MODE_GAIN_FILTER,4,250,16,128000,0.18914066581055522,1.0165777206420898,0.8582284152507782,"[6.026278018951416, -2.574178457260132, 1.526533842086792, -0.02815181389451027]"
74012,1024,CONSTANT_GAIN_FILTER,3,250,16,128000,0.1363849169574678,1.0165777206420898,0.9211063206195831,"[5.699117660522461, -1.8278298377990723, -0.04496927559375763]"
74012,1024,LINEAR_BILINEAR_RNN,5,250,16,128000,0.26274179108440876,0.9784786105155945,0.9395201325416564,"[0.3295581042766571, 0.048841968178749084, 0.43313950300216675, 2.5491437911987305, 1.7037901878356934]"
74013,64,MODE_GAIN_FILTER,4,250,16,128000,0.19191095791757107,0.9992983341217041,0.7750312626361847,"[6.024165630340576, -2.792368173599243, 1.8449203968048096, 0.041241154074668884]"
74013,64,CONSTANT_GAIN_FILTER,3,250,16,128000,0.13582954136654735,0.9992983341217041,0.9052588760852813,"[5.54373836517334, -1.8815250396728516, -0.00902771670371294]"
74013,64,LINEAR_BILINEAR_RNN,5,250,16,128000,0.2616529590450227,0.9809963703155518,0.8840162992477417,"[0.4135611355304718, -0.08220569044351578, 0.5801610946655273, 2.5413036346435547, 1.237000823020935]"
74013,256,MODE_GAIN_FILTER,4,250,16,128000,0.1917008338496089,0.9622889757156372,0.8313346683979035,"[6.01060676574707, -2.6781728267669678, 1.6745846271514893, 0.09940709173679352]"
74013,256,CONSTANT_GAIN_FILTER,3,250,16,128000,0.13700829073786736,0.9622889757156372,0.9217315077781677,"[5.575258731842041, -1.8720824718475342, 0.11135633289813995]"
74013,256,LINEAR_BILINEAR_RNN,5,250,16,128000,0.2584404172375798,0.9795526266098022,0.905338728427887,"[0.4140877425670624, 0.02605418860912323, 0.5289446115493774, 2.5111682415008545, 1.5724035501480103]"
74013,1024,MODE_GAIN_FILTER,4,250,16,128000,0.19413312477990985,0.9634330868721008,0.8220727324485779,"[5.93289041519165, -2.5408554077148438, 1.5157240629196167, -0.10323505848646164]"
74013,1024,CONSTANT_GAIN_FILTER,3,250,16,128000,0.1358963749371469,0.9634330868721008,0.898969542980194,"[5.573113918304443, -1.6692994832992554, -0.09473071992397308]"
74013,1024,LINEAR_BILINEAR_RNN,5,250,16,128000,0.2626861659809947,0.9770069122314453,0.9248380184173584,"[0.35885706543922424, 0.00829120073467493, 0.4572237730026245, 2.5672054290771484, 1.8934117555618286]"
74014,64,MODE_GAIN_FILTER,4,250,16,128000,0.19180600019171834,0.930592954158783,0.8420427083969116,"[4.851417541503906, -2.4907567501068115, 1.4222016334533691, -0.09174658358097076]"
74014,64,CONSTANT_GAIN_FILTER,3,250,16,128000,0.1351184998638928,0.930592954158783,0.9022981107234955,"[4.470914840698242, -1.8389301300048828, -0.15364409983158112]"
74014,64,LINEAR_BILINEAR_RNN,5,250,16,128000,0.2632498750463128,0.9780576825141907,0.9299038290977478,"[0.3615131676197052, -0.07880183309316635, 0.39238518476486206, 2.602094888687134, 2.128931760787964]"
74014,256,MODE_GAIN_FILTER,4,250,16,128000,0.19246066687628627,1.0147762298583984,0.7726390063762665,"[6.001260757446289, -2.6478471755981445, 1.7402231693267822, -0.06409571319818497]"
74014,256,CONSTANT_GAIN_FILTER,3,250,16,128000,0.13494187500327826,1.0147762298583984,0.8829739928245545,"[5.69273042678833, -1.8970736265182495, -0.09947022050619125]"
74014,256,LINEAR_BILINEAR_RNN,5,250,16,128000,0.2599064167588949,0.9798294901847839,0.912128621339798,"[0.34492379426956177, 0.02241043746471405, 0.5419325232505798, 2.5589945316314697, 1.791323184967041]"
74014,1024,MODE_GAIN_FILTER,4,250,16,128000,0.20641116704791784,0.9515746831893921,0.8338425993919373,"[5.950423717498779, -2.557595729827881, 1.624817967414856, -0.04390598461031914]"
74014,1024,CONSTANT_GAIN_FILTER,3,250,16,128000,0.13453791616484523,0.9515746831893921,0.927104514837265,"[5.645813941955566, -1.8038491010665894, -0.07724397629499435]"
74014,1024,LINEAR_BILINEAR_RNN,5,250,16,128000,0.2646586252376437,0.9832761287689209,0.9313944220542908,"[0.391315758228302, -0.026895202696323395, 0.3757152259349823, 2.529299259185791, 1.4682618379592896]"
74015,64,MODE_GAIN_FILTER,4,250,16,128000,0.1923994580283761,1.0079954862594604,0.7851267516613006,"[5.248412132263184, -2.470062017440796, 1.3317737579345703, -0.12172546982765198]"
74015,64,CONSTANT_GAIN_FILTER,3,250,16,128000,0.1359964581206441,1.0079954862594604,0.857178145647049,"[4.6668477058410645, -1.738406777381897, -0.16949144005775452]"
74015,64,LINEAR_BILINEAR_RNN,5,250,16,128000,0.2610734160989523,0.9775494933128357,0.918804258108139,"[0.3357982039451599, -0.040935005992650986, 0.35071420669555664, 2.6349117755889893, 2.167484998703003]"
74015,256,MODE_GAIN_FILTER,4,250,16,128000,0.19000208377838135,1.0866429805755615,0.8675017774105072,"[5.790152072906494, -2.620391845703125, 1.3454093933105469, -0.022502360865473747]"
74015,256,CONSTANT_GAIN_FILTER,3,250,16,128000,0.13466845778748393,1.0866429805755615,0.9400979399681091,"[5.4747490882873535, -1.9055724143981934, -0.04970553144812584]"
74015,256,LINEAR_BILINEAR_RNN,5,250,16,128000,0.263799041043967,0.9955811500549316,0.9208003878593445,"[0.33042553067207336, -0.011801548302173615, 0.42940399050712585, 2.6396842002868652, 2.24418306350708]"
74015,1024,MODE_GAIN_FILTER,4,250,16,128000,0.18912287475541234,1.010068655014038,0.7995144903659821,"[6.007387638092041, -2.555034875869751, 1.5545308589935303, -0.14129109680652618]"
74015,1024,CONSTANT_GAIN_FILTER,3,250,16,128000,0.1329215420410037,1.010068655014038,0.8887680053710938,"[5.731520652770996, -1.8085973262786865, -0.1463736742734909]"
74015,1024,LINEAR_BILINEAR_RNN,5,250,16,128000,0.26003508316352963,0.9793698787689209,0.9301148474216461,"[0.3989729583263397, 0.0546361468732357, 0.3587406873703003, 2.5608773231506348, 1.633392333984375]"
74016,64,MODE_GAIN_FILTER,4,250,16,128000,0.19147370802238584,0.9396414756774902,0.8599842309951782,"[4.267553329467773, -2.1964335441589355, 1.084334135055542, -0.08938422799110413]"
74016,64,CONSTANT_GAIN_FILTER,3,250,16,128000,0.13481837511062622,0.9396414756774902,0.8997216045856475,"[4.062244415283203, -1.655265212059021, -0.1500488519668579]"
74016,64,LINEAR_BILINEAR_RNN,5,250,16,128000,0.2640763749368489,0.9862963557243347,0.9290497481822968,"[0.2991294264793396, -0.044495731592178345, 0.42242950201034546, 2.6195898056030273, 1.842256784439087]"
74016,256,MODE_GAIN_FILTER,4,250,16,128000,0.19105650018900633,0.9597105979919434,0.8188326478004455,"[5.715421676635742, -2.535444498062134, 1.5755831003189087, -0.11002340167760849]"
74016,256,CONSTANT_GAIN_FILTER,3,250,16,128000,0.1342049171216786,0.9597105979919434,0.9075688600540162,"[5.407365322113037, -1.8066455125808716, -0.1285979449748993]"
74016,256,LINEAR_BILINEAR_RNN,5,250,16,128000,0.26172133395448327,0.9794489741325378,0.9104185163974762,"[0.4050329029560089, 0.04167555645108223, 0.5065327286720276, 2.513212203979492, 1.1954740285873413]"
74016,1024,MODE_GAIN_FILTER,4,250,16,128000,0.193636666983366,0.9308900833129883,0.8065482199192047,"[6.018882751464844, -2.6220202445983887, 1.6397887468338013, 0.010848065838217735]"
74016,1024,CONSTANT_GAIN_FILTER,3,250,16,128000,0.13652295898646116,0.9308900833129883,0.89569850564003,"[5.710066318511963, -1.7275642156600952, -0.00923411175608635]"
74016,1024,LINEAR_BILINEAR_RNN,5,250,16,128000,0.26303208293393254,0.9866777658462524,0.9315357804298401,"[0.48132994771003723, -0.046003952622413635, 0.39485785365104675, 2.560452938079834, 1.7009999752044678]"
74017,64,MODE_GAIN_FILTER,4,250,16,128000,0.19220274966210127,0.9372243881225586,0.821231234073639,"[5.596249580383301, -2.2057816982269287, 1.0890103578567505, 0.01084371842443943]"
74017,64,CONSTANT_GAIN_FILTER,3,250,16,128000,0.1346891662105918,0.9372243881225586,0.8812013089656829,"[5.603918075561523, -1.746207356452942, 0.02661544270813465]"
74017,64,LINEAR_BILINEAR_RNN,5,250,16,128000,0.26043654093518853,0.9813081622123718,0.9278383791446686,"[0.4853028953075409, -0.043793387711048126, 0.36962890625, 2.5521416664123535, 1.1630795001983643]"
74017,256,MODE_GAIN_FILTER,4,250,16,128000,0.1911137499846518,1.0267151594161987,0.8135303735733033,"[5.885277271270752, -2.5211994647979736, 1.5378659963607788, -0.033954475075006485]"
74017,256,CONSTANT_GAIN_FILTER,3,250,16,128000,0.13553083315491676,1.0267151594161987,0.913447105884552,"[5.629666805267334, -1.8145396709442139, -0.029678337275981903]"
74017,256,LINEAR_BILINEAR_RNN,5,250,16,128000,0.26094008423388004,0.9831673502922058,0.9245111405849457,"[0.38355037569999695, 0.01625794544816017, 0.44715553522109985, 2.547093629837036, 1.5762362480163574]"
74017,1024,MODE_GAIN_FILTER,4,250,16,128000,0.1910715838894248,0.9314907789230347,0.8602820813655854,"[5.961463451385498, -2.564382553100586, 1.5164223909378052, -0.037200454622507095]"
74017,1024,CONSTANT_GAIN_FILTER,3,250,16,128000,0.13466179184615612,0.9314907789230347,0.9351507961750031,"[5.697413921356201, -1.7464842796325684, -0.08117277920246124]"
74017,1024,LINEAR_BILINEAR_RNN,5,250,16,128000,0.26210891688242555,0.9858999848365784,0.9324505448341369,"[0.4575095474720001, -0.009715607389807701, 0.3151574730873108, 2.5310587882995605, 1.6218533515930176]"
74018,64,MODE_GAIN_FILTER,4,250,16,128000,0.1929229167290032,1.0999324321746826,0.8692310869693756,"[5.688377857208252, -2.346346616744995, 1.1741660833358765, -0.04812844470143318]"
74018,64,CONSTANT_GAIN_FILTER,3,250,16,128000,0.13515408290550113,1.0999324321746826,0.8977425873279572,"[5.610071182250977, -1.8425291776657104, -0.04020492732524872]"
74018,64,LINEAR_BILINEAR_RNN,5,250,16,128000,0.2606455418281257,0.9908045530319214,0.934793746471405,"[0.32731086015701294, -0.011610332876443863, 0.40333741903305054, 2.6253151893615723, 1.9210108518600464]"
74018,256,MODE_GAIN_FILTER,4,250,16,128000,0.1907282918691635,1.1123830080032349,0.8141234397888184,"[5.841820240020752, -2.4233508110046387, 1.352813482284546, -0.027211880311369896]"
74018,256,CONSTANT_GAIN_FILTER,3,250,16,128000,0.13629541685804725,1.1123830080032349,0.8778372824192047,"[5.614191055297852, -1.7887645959854126, -0.0431375615298748]"
74018,256,LINEAR_BILINEAR_RNN,5,250,16,128000,0.2592225419357419,0.9829874038696289,0.9175557136535645,"[0.3882153332233429, 0.026569578796625137, 0.4214155077934265, 2.556154251098633, 1.819445252418518]"
74018,1024,MODE_GAIN_FILTER,4,250,16,128000,0.19062420818954706,1.0131518840789795,0.8376291513442993,"[5.702067852020264, -2.5893454551696777, 1.5534234046936035, 0.0747983381152153]"
74018,1024,CONSTANT_GAIN_FILTER,3,250,16,128000,0.13532470818609,1.0131518840789795,0.9243192732334137,"[5.4610161781311035, -1.840468168258667, 0.06328307837247849]"
74018,1024,LINEAR_BILINEAR_RNN,5,250,16,128000,0.2621269579976797,0.9756032824516296,0.9405937433242798,"[0.41118428111076355, -0.008355889469385147, 0.4190598428249359, 2.5063555240631104, 1.543180227279663]"
74019,64,MODE_GAIN_FILTER,4,250,16,128000,0.18730725022032857,0.9454737901687622,0.7465000331401825,"[5.532747745513916, -2.2569406032562256, 1.3830029964447021, -0.2218238264322281]"
74019,64,CONSTANT_GAIN_FILTER,3,250,16,128000,0.13238895777612925,0.9454737901687622,0.829741632938385,"[5.008173942565918, -1.5721139907836914, -0.2617153227329254]"
74019,64,LINEAR_BILINEAR_RNN,5,250,16,128000,0.2609339579939842,0.9701127409934998,0.9058682918548584,"[0.5066624283790588, 0.0013890048721805215, 0.4434455633163452, 2.562854051589966, 1.2156774997711182]"
74019,256,MODE_GAIN_FILTER,4,250,16,128000,0.19062620773911476,0.918843150138855,0.7892649590969085,"[5.9111247062683105, -2.5467021465301514, 1.5511224269866943, -0.021755032241344452]"
74019,256,CONSTANT_GAIN_FILTER,3,250,16,128000,0.13385495822876692,0.918843150138855,0.8624694883823395,"[5.702399253845215, -1.7736085653305054, -0.010510019958019257]"
74019,256,LINEAR_BILINEAR_RNN,5,250,16,128000,0.2608449589461088,0.974475622177124,0.9117695927619934,"[0.48219534754753113, 0.003804856212809682, 0.3780125379562378, 2.5312368869781494, 1.5074714422225952]"
74019,1024,MODE_GAIN_FILTER,4,250,16,128000,0.19239037530496716,0.9932648539543152,0.8406512200832367,"[5.87719202041626, -2.593035936355591, 1.4018875360488892, 0.02474895864725113]"
74019,1024,CONSTANT_GAIN_FILTER,3,250,16,128000,0.13543004216626287,0.9932648539543152,0.8878976404666901,"[5.639133930206299, -1.8098989725112915, 0.05450838431715965]"
74019,1024,LINEAR_BILINEAR_RNN,5,250,16,128000,0.26088862493634224,0.9815868735313416,0.9167018473148346,"[0.4370356798171997, 0.08191724866628647, 0.41074225306510925, 2.5477101802825928, 1.8611321449279785]"
74020,64,MODE_GAIN_FILTER,4,250,16,128000,0.191277917008847,1.050595998764038,0.8124900102615357,"[5.9205641746521, -2.7161316871643066, 1.646682858467102, 0.04917796701192856]"
74020,64,CONSTANT_GAIN_FILTER,3,250,16,128000,0.13402104191482067,1.050595998764038,0.871162885427475,"[5.456851482391357, -1.7420413494110107, 0.11689337342977524]"
74020,64,LINEAR_BILINEAR_RNN,5,250,16,128000,0.2595573328435421,0.9824718236923218,0.9013424992561341,"[0.4904003143310547, 0.009107974357903004, 0.42391976714134216, 2.571890115737915, 2.004232406616211]"
74020,256,MODE_GAIN_FILTER,4,250,16,128000,0.19151200028136373,1.0552887916564941,0.8617526352405548,"[5.755529403686523, -2.565833806991577, 1.4318389892578125, 0.014996014535427094]"
74020,256,CONSTANT_GAIN_FILTER,3,250,16,128000,0.13579254085198045,1.0552887916564941,0.9065848767757416,"[5.525269031524658, -1.7796577215194702, 0.0712328627705574]"
74020,256,LINEAR_BILINEAR_RNN,5,250,16,128000,0.25980458268895745,0.9823881387710571,0.909331876039505,"[0.43839728832244873, 0.046111006289720535, 0.33074480295181274, 2.5717573165893555, 1.7878412008285522]"
74020,1024,MODE_GAIN_FILTER,4,250,16,128000,0.1897287080064416,0.8931725025177002,0.855348402261734,"[5.65660285949707, -2.5917694568634033, 1.4196332693099976, -0.05882563814520836]"
74020,1024,CONSTANT_GAIN_FILTER,3,250,16,128000,0.1334847081452608,0.8931725025177002,0.9018396615982056,"[5.373021125793457, -1.7649681568145752, -0.07432541251182556]"
74020,1024,LINEAR_BILINEAR_RNN,5,250,16,128000,0.26235479209572077,0.9743248224258423,0.927972811460495,"[0.380161315202713, 0.008704359643161297, 0.4077957272529602, 2.5466537475585938, 1.868034839630127]"
74021,64,MODE_GAIN_FILTER,4,250,16,128000,0.1923112920485437,0.8928182721138,0.7435075104236603,"[6.007656097412109, -2.577340602874756, 1.70962393283844, -0.037696339190006256]"
74021,64,CONSTANT_GAIN_FILTER,3,250,16,128000,0.1368405418470502,0.8928182721138,0.8265952885150909,"[5.773087024688721, -1.6456409692764282, -0.03178999572992325]"
74021,64,LINEAR_BILINEAR_RNN,5,250,16,128000,0.2586326249875128,0.9573549032211304,0.8545284152030945,"[0.5091797113418579, 0.00636829249560833, 0.49941471219062805, 2.6270997524261475, 1.9950072765350342]"
74021,256,MODE_GAIN_FILTER,4,250,16,128000,0.18956070765852928,0.9239329099655151,0.7843480229377746,"[5.8925347328186035, -2.578444719314575, 1.572741985321045, 0.025660255923867226]"
74021,256,CONSTANT_GAIN_FILTER,3,250,16,128000,0.13410854060202837,0.9239329099655151,0.8629004120826721,"[5.664048671722412, -1.77682363986969, 0.041744694113731384]"
74021,256,LINEAR_BILINEAR_RNN,5,250,16,128000,0.26118962513282895,0.9759159684181213,0.8991068303585052,"[0.46205103397369385, 0.060441870242357254, 0.4081214666366577, 2.5395796298980713, 1.9796860218048096]"
74021,1024,MODE_GAIN_FILTER,4,250,16,128000,0.19318149983882904,0.9498751163482666,0.8336875915527344,"[5.811098575592041, -2.513333320617676, 1.531116247177124, 0.03419918194413185]"
74021,1024,CONSTANT_GAIN_FILTER,3,250,16,128000,0.13433058327063918,0.9498751163482666,0.9348828613758087,"[5.521342754364014, -1.7927577495574951, 0.020348060876131058]"
74021,1024,LINEAR_BILINEAR_RNN,5,250,16,128000,0.25908683286979795,0.9800633192062378,0.9076321125030518,"[0.3363247215747833, -0.008666576817631721, 0.5215274095535278, 2.570509910583496, 1.9444650411605835]"
74022,64,MODE_GAIN_FILTER,4,250,16,128000,0.19228287506848574,1.0764400959014893,0.8089883863925934,"[4.960837364196777, -2.5181069374084473, 1.2901618480682373, -0.09479328989982605]"
74022,64,CONSTANT_GAIN_FILTER,3,250,16,128000,0.13557595806196332,1.0764400959014893,0.8900050759315491,"[4.82375955581665, -1.818498969078064, -0.14300307631492615]"
74022,64,LINEAR_BILINEAR_RNN,5,250,16,128000,0.2597965830937028,0.9875372648239136,0.9111505508422851,"[0.3543747365474701, -0.03841438889503479, 0.4449019134044647, 2.58844256401062, 1.8731495141983032]"
74022,256,MODE_GAIN_FILTER,4,250,16,128000,0.19001345802098513,1.0125172138214111,0.8485413253307342,"[5.853046417236328, -2.6337687969207764, 1.4759838581085205, 0.05842825025320053]"
74022,256,CONSTANT_GAIN_FILTER,3,250,16,128000,0.135086708702147,1.0125172138214111,0.9336754560470581,"[5.516196250915527, -1.8716912269592285, 0.03719551861286163]"
74022,256,LINEAR_BILINEAR_RNN,5,250,16,128000,0.2640194999985397,0.9875696897506714,0.9269604682922363,"[0.296136736869812, -0.06454168260097504, 0.4037233889102936, 2.535841941833496, 1.9653676748275757]"
74022,1024,MODE_GAIN_FILTER,4,250,16,128000,0.19428933318704367,1.0399346351623535,0.8571279585361481,"[5.923012733459473, -2.6847164630889893, 1.5539547204971313, 0.02975056879222393]"
74022,1024,CONSTANT_GAIN_FILTER,3,250,16,128000,0.13723129220306873,1.0399346351623535,0.9214423477649689,"[5.659147262573242, -1.7710586786270142, 0.032751116901636124]"
74022,1024,LINEAR_BILINEAR_RNN,5,250,16,128000,0.26313900016248226,0.979764461517334,0.9180274784564972,"[0.41693994402885437, 0.06647263467311859, 0.3783235549926758, 2.53963303565979, 1.8189148902893066]"
74023,64,MODE_GAIN_FILTER,4,250,16,128000,0.19311570841819048,1.017967939376831,0.8676492631435394,"[5.357150554656982, -2.3591291904449463, 1.0077279806137085, -0.06698982417583466]"
74023,64,CONSTANT_GAIN_FILTER,3,250,16,128000,0.13650195812806487,1.017967939376831,0.8944725155830383,"[5.422924041748047, -1.967604160308838, -0.09337340295314789]"
74023,64,LINEAR_BILINEAR_RNN,5,250,16,128000,0.2652298752218485,0.9876097440719604,0.946562510728836,"[0.4183434844017029, -0.08193060755729675, 0.28684738278388977, 2.500382423400879, 1.6655800342559814]"
74023,256,MODE_GAIN_FILTER,4,250,16,128000,0.19462550012394786,1.0236389636993408,0.8266014993190766,"[5.942604064941406, -2.380890369415283, 1.4569730758666992, -0.03572353348135948]"
74023,256,CONSTANT_GAIN_FILTER,3,250,16,128000,0.13684033369645476,1.0236389636993408,0.8959922730922699,"[5.751968860626221, -1.7993545532226562, -0.05140912905335426]"
74023,256,LINEAR_BILINEAR_RNN,5,250,16,128000,0.26275437511503696,0.9868719577789307,0.9330879390239716,"[0.40053901076316833, -0.009224782697856426, 0.3459150493144989, 2.472428560256958, 1.5969830751419067]"
74023,1024,MODE_GAIN_FILTER,4,250,16,128000,0.19110754178836942,0.9360705018043518,0.8466315507888794,"[5.8949761390686035, -2.5661442279815674, 1.536454200744629, -0.01602540910243988]"
74023,1024,CONSTANT_GAIN_FILTER,3,250,16,128000,0.13630887493491173,0.9360705018043518,0.8891146540641784,"[5.615707874298096, -1.7857327461242676, 0.009802859276533127]"
74023,1024,LINEAR_BILINEAR_RNN,5,250,16,128000,0.2631086250767112,0.9793630242347717,0.9303890585899353,"[0.39517125487327576, -0.003609363455325365, 0.4698237180709839, 2.5555365085601807, 1.5662435293197632]"
74024,64,MODE_GAIN_FILTER,4,250,16,128000,0.19227045821025968,1.0142428874969482,0.7819595634937286,"[6.051488399505615, -2.5204739570617676, 1.5571154356002808, 0.007638557814061642]"
74024,64,CONSTANT_GAIN_FILTER,3,250,16,128000,0.13582275016233325,1.0142428874969482,0.886077493429184,"[5.800222873687744, -1.8424758911132812, 0.03209531307220459]"
74024,64,LINEAR_BILINEAR_RNN,5,250,16,128000,0.262533999979496,0.9840295314788818,0.9072192907333374,"[0.44834426045417786, -0.05793781578540802, 0.3980073630809784, 2.4810945987701416, 1.7902891635894775]"
74024,256,MODE_GAIN_FILTER,4,250,16,128000,0.18948604119941592,0.9899671673774719,0.7541706025600433,"[5.865594387054443, -2.5709593296051025, 1.4608304500579834, 0.1424238383769989]"
74024,256,CONSTANT_GAIN_FILTER,3,250,16,128000,0.1349552497267723,0.9899671673774719,0.8532530009746552,"[5.499361038208008, -1.7944188117980957, 0.1460009217262268]"
74024,256,LINEAR_BILINEAR_RNN,5,250,16,128000,0.2622011248022318,0.9867266416549683,0.9245225727558136,"[0.4838967025279999, -0.017782505601644516, 0.39542675018310547, 2.5684711933135986, 1.5647668838500977]"
74024,1024,MODE_GAIN_FILTER,4,250,16,128000,0.191300000064075,1.0185279846191406,0.7983203828334808,"[5.979481220245361, -2.647587537765503, 1.6287968158721924, -0.07551213353872299]"
74024,1024,CONSTANT_GAIN_FILTER,3,250,16,128000,0.1354247499257326,1.0185279846191406,0.9019813120365143,"[5.526393890380859, -1.8025716543197632, -0.06431188434362411]"
74024,1024,LINEAR_BILINEAR_RNN,5,250,16,128000,0.26225933339446783,0.9803082942962646,0.9203558504581452,"[0.461323082447052, 0.008180207572877407, 0.3831513822078705, 2.5340967178344727, 1.6984491348266602]"
74025,64,MODE_GAIN_FILTER,4,250,16,128000,0.18863491714000702,0.9989765882492065,0.7887663245201111,"[5.6619391441345215, -2.7237865924835205, 1.546108603477478, 0.1304067224264145]"
74025,64,CONSTANT_GAIN_FILTER,3,250,16,128000,0.13510208297520876,0.9989765882492065,0.8996861159801484,"[5.298931121826172, -2.0286452770233154, 0.13865330815315247]"
74025,64,LINEAR_BILINEAR_RNN,5,250,16,128000,0.2605745419859886,0.9750012755393982,0.9177273631095886,"[0.26211386919021606, -0.07747796177864075, 0.5279757380485535, 2.599623680114746, 1.81748366355896]"
74025,256,MODE_GAIN_FILTER,4,250,16,128000,0.18803475005552173,0.9718647003173828,0.781316488981247,"[6.155267715454102, -2.6819770336151123, 1.6047554016113281, 0.006005248986184597]"
74025,256,CONSTANT_GAIN_FILTER,3,250,16,128000,0.13510808302089572,0.9718647003173828,0.8764011263847351,"[5.890944004058838, -1.8507813215255737, 0.02041437104344368]"
74025,256,LINEAR_BILINEAR_RNN,5,250,16,128000,0.26250941725447774,0.9782578945159912,0.913932716846466,"[0.46711108088493347, -0.008285298012197018, 0.45007389783859253, 2.525787830352783, 1.5615400075912476]"
74025,1024,MODE_GAIN_FILTER,4,250,16,128000,0.19120408268645406,1.0226287841796875,0.8088285088539123,"[5.903698444366455, -2.5852980613708496, 1.5983860492706299, -0.06315986067056656]"
74025,1024,CONSTANT_GAIN_FILTER,3,250,16,128000,0.1358217909000814,1.0226287841796875,0.8814151167869568,"[5.590085983276367, -1.8588411808013916, -0.054243054240942]"
74025,1024,LINEAR_BILINEAR_RNN,5,250,16,128000,0.2602544594556093,0.9808009266853333,0.9200867772102356,"[0.40934497117996216, -0.027165459468960762, 0.4196197986602783, 2.5294790267944336, 1.6857805252075195]"
74026,64,MODE_GAIN_FILTER,4,250,16,128000,0.18935666605830193,0.9802554249763489,0.7697383821010589,"[6.2757978439331055, -2.7469029426574707, 1.6387628316879272, 0.011542481370270252]"
74026,64,CONSTANT_GAIN_FILTER,3,250,16,128000,0.13475483423098922,0.9802554249763489,0.8597166299819946,"[5.994783878326416, -1.861993432044983, 0.019527174532413483]"
74026,64,LINEAR_BILINEAR_RNN,5,250,16,128000,0.2577155423350632,0.982582151889801,0.8908036172389984,"[0.4742185175418854, 0.001998734660446644, 0.5324524641036987, 2.6830356121063232, 2.0936436653137207]"
74026,256,MODE_GAIN_FILTER,4,250,16,128000,0.19029804086312652,0.9730521440505981,0.7818329274654389,"[5.923193454742432, -2.5721254348754883, 1.6253721714019775, 0.00021303235553205013]"
74026,256,CONSTANT_GAIN_FILTER,3,250,16,128000,0.13494920916855335,0.9730521440505981,0.8645633637905121,"[5.601289749145508, -1.7439247369766235, 0.0023519438691437244]"
74026,256,LINEAR_BILINEAR_RNN,5,250,16,128000,0.2591092078946531,0.9769108295440674,0.9030211687088012,"[0.5066462159156799, -0.03410954773426056, 0.36067304015159607, 2.549208402633667, 1.8463811874389648]"
74026,1024,MODE_GAIN_FILTER,4,250,16,128000,0.19015516620129347,0.9542948007583618,0.8473739683628082,"[5.964609622955322, -2.5164382457733154, 1.4420950412750244, -0.013520215637981892]"
74026,1024,CONSTANT_GAIN_FILTER,3,250,16,128000,0.13451287476345897,0.9542948007583618,0.9019645750522614,"[5.730481147766113, -1.7398509979248047, 0.002689518965780735]"
74026,1024,LINEAR_BILINEAR_RNN,5,250,16,128000,0.26087016705423594,0.9764503240585327,0.9265287518501282,"[0.4683002531528473, 0.011266380548477173, 0.3315276801586151, 2.563295602798462, 1.7889413833618164]"
74027,64,MODE_GAIN_FILTER,4,250,16,128000,0.19179204106330872,1.0181479454040527,0.85653515458107,"[5.94915771484375, -2.6607699394226074, 1.455417513847351, -0.07193251699209213]"
74027,64,CONSTANT_GAIN_FILTER,3,250,16,128000,0.1346654170192778,1.0181479454040527,0.9434468626976014,"[5.592963218688965, -1.867089867591858, -0.09157473593950272]"
74027,64,LINEAR_BILINEAR_RNN,5,250,16,128000,0.26238329196348786,0.9853866696357727,0.9292138099670411,"[0.36537110805511475, -0.002834629500284791, 0.3976331949234009, 2.4986727237701416, 1.7093981504440308]"
74027,256,MODE_GAIN_FILTER,4,250,16,128000,0.1913745841011405,1.0436606407165527,0.7841924786567688,"[6.0201287269592285, -2.638046979904175, 1.7191534042358398, 0.018129047006368637]"
74027,256,CONSTANT_GAIN_FILTER,3,250,16,128000,0.13466954184696078,1.0436606407165527,0.8858235120773316,"[5.729514122009277, -1.7945895195007324, 0.01554025337100029]"
74027,256,LINEAR_BILINEAR_RNN,5,250,16,128000,0.2593955830670893,0.9941781759262085,0.9200133562088013,"[0.419857919216156, -0.05421198159456253, 0.4044845700263977, 2.5454816818237305, 1.3096387386322021]"
74027,1024,MODE_GAIN_FILTER,4,250,16,128000,0.1917320410721004,1.0510700941085815,0.8274129033088684,"[5.965756416320801, -2.6057684421539307, 1.5575069189071655, 0.03539098799228668]"
74027,1024,CONSTANT_GAIN_FILTER,3,250,16,128000,0.13551533315330744,1.0510700941085815,0.9070245444774627,"[5.716558456420898, -1.7085784673690796, 0.041226327419281006]"
74027,1024,LINEAR_BILINEAR_RNN,5,250,16,128000,0.2553829997777939,0.9814424514770508,0.9114062011241912,"[0.42983418703079224, 0.06166985258460045, 0.44945666193962097, 2.526585817337036, 1.6033881902694702]"
74028,64,MODE_GAIN_FILTER,4,250,16,128000,0.1903412500396371,0.941328763961792,0.7120633661746979,"[5.700917720794678, -2.561129093170166, 1.7150330543518066, 0.22758165001869202]"
74028,64,CONSTANT_GAIN_FILTER,3,250,16,128000,0.13528808299452066,0.941328763961792,0.8432646036148072,"[5.402688503265381, -1.7682994604110718, 0.2424868792295456]"
74028,64,LINEAR_BILINEAR_RNN,5,250,16,128000,0.2626994587481022,0.9789279699325562,0.905149394273758,"[0.34014463424682617, 0.08042726665735245, 0.5443614721298218, 2.6280789375305176, 1.4901878833770752]"
74028,256,MODE_GAIN_FILTER,4,250,16,128000,0.19176287529990077,0.9494209289550781,0.8075340807437896,"[6.022441864013672, -2.6480460166931152, 1.6680402755737305, 0.06820573657751083]"
74028,256,CONSTANT_GAIN_FILTER,3,250,16,128000,0.1339612496085465,0.9494209289550781,0.907278198003769,"[5.692738056182861, -1.7773019075393677, 0.06919906288385391]"
74028,256,LINEAR_BILINEAR_RNN,5,250,16,128000,0.2603677920997143,0.9785152077674866,0.9066771864891052,"[0.40358594059944153, 0.0075788372196257114, 0.5218149423599243, 2.5378291606903076, 1.7769641876220703]"
74028,1024,MODE_GAIN_FILTER,4,250,16,128000,0.19120829133316875,1.051617980003357,0.8171363651752472,"[5.7162580490112305, -2.5895192623138428, 1.50613272190094, 0.040464822202920914]"
74028,1024,CONSTANT_GAIN_FILTER,3,250,16,128000,0.13545962516218424,1.051617980003357,0.8908951759338379,"[5.479203701019287, -1.8715673685073853, 0.039870377629995346]"
74028,1024,LINEAR_BILINEAR_RNN,5,250,16,128000,0.2624158747494221,0.9864181280136108,0.9139393508434296,"[0.40519461035728455, 0.0062719425186514854, 0.44497790932655334, 2.5861005783081055, 1.8434722423553467]"
74029,64,MODE_GAIN_FILTER,4,250,16,128000,0.19199183396995068,1.0264294147491455,0.7377710163593292,"[6.004638671875, -2.5884857177734375, 1.8957726955413818, -0.057325102388858795]"
74029,64,CONSTANT_GAIN_FILTER,3,250,16,128000,0.13509641587734222,1.0264294147491455,0.861207115650177,"[5.740499973297119, -1.8890292644500732, -0.10393553972244263]"
74029,64,LINEAR_BILINEAR_RNN,5,250,16,128000,0.26224879221990705,0.9722690582275391,0.8936069130897522,"[0.3577811121940613, -0.05793735384941101, 0.6037701964378357, 2.553938388824463, 1.0886563062667847]"
74029,256,MODE_GAIN_FILTER,4,250,16,128000,0.19255408411845565,0.987376868724823,0.7676081657409668,"[6.04525899887085, -2.5738983154296875, 1.6151254177093506, -0.05271715670824051]"
74029,256,CONSTANT_GAIN_FILTER,3,250,16,128000,0.13531737495213747,0.987376868724823,0.8659958481788635,"[5.729568958282471, -1.9067598581314087, -0.07050558179616928]"
74029,256,LINEAR_BILINEAR_RNN,5,250,16,128000,0.26097887521609664,0.9772697687149048,0.9221996545791626,"[0.3370596468448639, -0.0034894412383437157, 0.4877520799636841, 2.511106014251709, 1.6515823602676392]"
74029,1024,MODE_GAIN_FILTER,4,250,16,128000,0.1952558341436088,1.0540804862976074,0.8155207574367523,"[5.927674293518066, -2.649616003036499, 1.4583559036254883, 0.040200505405664444]"
74029,1024,CONSTANT_GAIN_FILTER,3,250,16,128000,0.13765066722407937,1.0540804862976074,0.8909104287624359,"[5.6284356117248535, -1.8199669122695923, 0.03235025703907013]"
74029,1024,LINEAR_BILINEAR_RNN,5,250,16,128000,0.2822742499411106,0.9873073101043701,0.9212848842144012,"[0.4202898442745209, -0.011165538802742958, 0.3832603991031647, 2.512436628341675, 1.6378999948501587]"
