seed,kappa,context_gain_mse,gru_context_mse,gru_no_context_mse,gru_context_minus_gain,gru_no_context_minus_gain,context_gain_parameters,gru_context_parameters,gru_no_context_parameters,gru_context_train_loss,gru_no_context_train_loss,gain_parameters_json
0,1.0,0.17259125781472895,0.1424313336610794,0.17791827023029327,-0.030159924153649542,0.005327012415564325,3,297,273,0.14758683741092682,0.18262805044651031,"[0.4451770727938088, 0.25433215598380793, -0.0036674605659715405]"
0,0.0,0.3842783277495358,0.1716235727071762,0.17628821730613708,-0.2126547550423596,-0.2079901104433987,3,297,273,0.14758683741092682,0.18262805044651031,"[0.4451770727938088, 0.25433215598380793, -0.0036674605659715405]"
0,-1.0,0.5800861674054386,0.21070167422294617,0.18410664796829224,-0.36938449318249245,-0.3959795194371464,3,297,273,0.14758683741092682,0.18262805044651031,"[0.4451770727938088, 0.25433215598380793, -0.0036674605659715405]"
1,1.0,0.16655205810224794,0.14109662175178528,0.16890908777713776,-0.025455436350462657,0.002357029674889821,3,297,273,0.14575640857219696,0.17429113388061523,"[0.4468657767387817, 0.24667351040634986, 0.003003951251751272]"
1,0.0,0.34967519132229075,0.17907267808914185,0.16372883319854736,-0.1706025132331489,-0.18594635812374338,3,297,273,0.14575640857219696,0.17429113388061523,"[0.4468657767387817, 0.24667351040634986, 0.003003951251751272]"
1,-1.0,0.5540160397175066,0.22764216363430023,0.17023102939128876,-0.32637387608320634,-0.3837850103262178,3,297,273,0.14575640857219696,0.17429113388061523,"[0.4468657767387817, 0.24667351040634986, 0.003003951251751272]"
2,1.0,0.16667568533064134,0.14117193222045898,0.18022194504737854,-0.025503753110182353,0.013546259716737202,3,297,273,0.15165609121322632,0.18405568599700928,"[0.4681491426728017, 0.23878348268144184, -0.004989800427381715]"
2,0.0,0.3504078330113815,0.17212170362472534,0.18018855154514313,-0.17828612938665617,-0.17021928146623838,3,297,273,0.15165609121322632,0.18405568599700928,"[0.4681491426728017, 0.23878348268144184, -0.004989800427381715]"
2,-1.0,0.5396185800815189,0.2079676240682602,0.18536017835140228,-0.33165095601325867,-0.3542584017301166,3,297,273,0.15165609121322632,0.18405568599700928,"[0.4681491426728017, 0.23878348268144184, -0.004989800427381715]"
3,1.0,0.1671739616504368,0.1403259038925171,0.17300598323345184,-0.026848057757919708,0.005832021583015046,3,297,273,0.13572202622890472,0.16414904594421387,"[0.4440784147403319, 0.24518655584047536, -0.0010256315210291592]"
3,0.0,0.35447947704369254,0.19144508242607117,0.17520713806152344,-0.16303439461762137,-0.1792723389821691,3,297,273,0.13572202622890472,0.16414904594421387,"[0.4440784147403319, 0.24518655584047536, -0.0010256315210291592]"
3,-1.0,0.5441662235051962,0.23160408437252045,0.17166203260421753,-0.3125621391326757,-0.37250419090097864,3,297,273,0.13572202622890472,0.16414904594421387,"[0.4440784147403319, 0.24518655584047536, -0.0010256315210291592]"
4,1.0,0.17092316344003505,0.14211229979991913,0.17421165108680725,-0.028810863640115925,0.003288487646772198,3,297,273,0.14617811143398285,0.17606912553310394,"[0.45994133594767667, 0.24822397645424227, 0.0013211192986552003]"
4,0.0,0.36290568157105785,0.18674786388874054,0.17188310623168945,-0.1761578176823173,-0.1910225753393684,3,297,273,0.14617811143398285,0.17606912553310394,"[0.45994133594767667, 0.24822397645424227, 0.0013211192986552003]"
4,-1.0,0.552239888287157,0.23781992495059967,0.17684529721736908,-0.3144199633365573,-0.3753945910697879,3,297,273,0.14617811143398285,0.17606912553310394,"[0.45994133594767667, 0.24822397645424227, 0.0013211192986552003]"
5,1.0,0.17405568949018796,0.14805644750595093,0.17292213439941406,-0.02599924198423703,-0.0011335550907738967,3,297,273,0.14749574661254883,0.17502643167972565,"[0.449353123103814, 0.2505494528823364, 0.0005043932210683685]"
5,0.0,0.35869128244567144,0.20395171642303467,0.16817107796669006,-0.15473956602263678,-0.19052020447898138,3,297,273,0.14749574661254883,0.17502643167972565,"[0.449353123103814, 0.2505494528823364, 0.0005043932210683685]"
5,-1.0,0.555106083354774,0.2687217593193054,0.16926366090774536,-0.28638432403546854,-0.3858424224470286,3,297,273,0.14749574661254883,0.17502643167972565,"[0.449353123103814, 0.2505494528823364, 0.0005043932210683685]"
6,1.0,0.1749330926885914,0.1434120237827301,0.1675291508436203,-0.03152106890586129,-0.00740394184497109,3,297,273,0.13980071246623993,0.1643800586462021,"[0.43625783488206366, 0.24916649616836578, -0.0030916848090594517]"
6,0.0,0.3625866880080497,0.17453831434249878,0.16781045496463776,-0.18804837366555094,-0.19477623304341196,3,297,273,0.13980071246623993,0.1643800586462021,"[0.43625783488206366, 0.24916649616836578, -0.0030916848090594517]"
6,-1.0,0.5538993963392261,0.20476986467838287,0.16662316024303436,-0.34912953166084326,-0.3872762360961918,3,297,273,0.13980071246623993,0.1643800586462021,"[0.43625783488206366, 0.24916649616836578, -0.0030916848090594517]"
7,1.0,0.16666181704808453,0.14242303371429443,0.17326931655406952,-0.024238783333790093,0.006607499505984993,3,297,273,0.13727056980133057,0.16739016771316528,"[0.45397680615736674, 0.263372974676647, -0.0013084721702793156]"
7,0.0,0.38586947198338095,0.19301122426986694,0.1763925403356552,-0.192858247713514,-0.20947693164772574,3,297,273,0.13727056980133057,0.16739016771316528,"[0.45397680615736674, 0.263372974676647, -0.0013084721702793156]"
7,-1.0,0.5773371963229056,0.2293408215045929,0.1698504388332367,-0.3479963748183127,-0.4074867574896689,3,297,273,0.13727056980133057,0.16739016771316528,"[0.45397680615736674, 0.263372974676647, -0.0013084721702793156]"
8,1.0,0.173297942400507,0.1523590236902237,0.1748092919588089,-0.020938918710283305,0.0015113495583018999,3,297,273,0.14648158848285675,0.16676026582717896,"[0.4508139332503854, 0.24917316997341535, 0.0010399011845121464]"
8,0.0,0.36973435789064385,0.21372060477733612,0.1778487116098404,-0.15601375311330773,-0.19188564628080346,3,297,273,0.14648158848285675,0.16676026582717896,"[0.4508139332503854, 0.24917316997341535, 0.0010399011845121464]"
8,-1.0,0.5513642927629524,0.2685932517051697,0.17273671925067902,-0.2827710410577827,-0.3786275735122734,3,297,273,0.14648158848285675,0.16676026582717896,"[0.4508139332503854, 0.24917316997341535, 0.0010399011845121464]"
9,1.0,0.1642574753924737,0.1441812664270401,0.15402284264564514,-0.020076208965433606,-0.010234632746828565,3,297,273,0.1309441775083542,0.14199845492839813,"[0.4658634123488417, 0.2536905228332341, -0.003959809096651367]"
9,0.0,0.3716418737919842,0.16562916338443756,0.15677303075790405,-0.20601271040754665,-0.21486884303408016,3,297,273,0.1309441775083542,0.14199845492839813,"[0.4658634123488417, 0.2536905228332341, -0.003959809096651367]"
9,-1.0,0.5509859831635477,0.18653562664985657,0.15583164989948273,-0.3644503565136912,-0.395154333264065,3,297,273,0.1309441775083542,0.14199845492839813,"[0.4658634123488417, 0.2536905228332341, -0.003959809096651367]"
10,1.0,0.16978510764741678,0.1390151083469391,0.16762177646160126,-0.03076999930047769,-0.00216333118581552,3,297,273,0.1308981329202652,0.16235332190990448,"[0.4415313677539969, 0.24132132848764148, 0.0014650713269533627]"
10,0.0,0.35692009578443945,0.20224657654762268,0.17159759998321533,-0.15467351923681677,-0.18532249580122412,3,297,273,0.1308981329202652,0.16235332190990448,"[0.4415313677539969, 0.24132132848764148, 0.0014650713269533627]"
10,-1.0,0.5248174360439314,0.2515993118286133,0.16840407252311707,-0.2732181242153181,-0.3564133635208143,3,297,273,0.1308981329202652,0.16235332190990448,"[0.4415313677539969, 0.24132132848764148, 0.0014650713269533627]"
11,1.0,0.17287668219166213,0.15812823176383972,0.1861715316772461,-0.014748450427822413,0.01329484948558396,3,297,273,0.1574215292930603,0.1876649111509323,"[0.44138396144895664, 0.25579533348576505, -0.0007158107607603424]"
11,0.0,0.3595977798834373,0.19060328602790833,0.18374693393707275,-0.16899449385552895,-0.17585084594636452,3,297,273,0.1574215292930603,0.1876649111509323,"[0.44138396144895664, 0.25579533348576505, -0.0007158107607603424]"
11,-1.0,0.569044517536766,0.2246730476617813,0.18511196970939636,-0.3443714698749847,-0.38393254782736963,3,297,273,0.1574215292930603,0.1876649111509323,"[0.44138396144895664, 0.25579533348576505, -0.0007158107607603424]"
12,1.0,0.16736670611644328,0.1452486515045166,0.17016276717185974,-0.022118054611926674,0.0027960610554164655,3,297,273,0.14851416647434235,0.1739005595445633,"[0.43543664258423037, 0.25750102422706606, -0.0004307425118218927]"
12,0.0,0.36486884788172613,0.17340508103370667,0.16345886886119843,-0.19146376684801947,-0.2014099790205277,3,297,273,0.14851416647434235,0.1739005595445633,"[0.43543664258423037, 0.25750102422706606, -0.0004307425118218927]"
12,-1.0,0.5629275825859932,0.20602449774742126,0.1617097705602646,-0.3569030848385719,-0.4012178120257286,3,297,273,0.14851416647434235,0.1739005595445633,"[0.43543664258423037, 0.25750102422706606, -0.0004307425118218927]"
13,1.0,0.1692752676944382,0.14859212934970856,0.1550770252943039,-0.02068313834472965,-0.014198242400134314,3,297,273,0.146066352725029,0.1510690599679947,"[0.44655113840954075, 0.24765697148596505, -0.0019541770781415645]"
13,0.0,0.37549697339068794,0.20897360146045685,0.1698141247034073,-0.1665233719302311,-0.20568284868728065,3,297,273,0.146066352725029,0.1510690599679947,"[0.44655113840954075, 0.24765697148596505, -0.0019541770781415645]"
13,-1.0,0.5544778541721133,0.2507014572620392,0.16191653907299042,-0.3037763969100741,-0.39256131509912284,3,297,273,0.146066352725029,0.1510690599679947,"[0.44655113840954075, 0.24765697148596505, -0.0019541770781415645]"
14,1.0,0.16616804008544384,0.13455253839492798,0.17371241748332977,-0.03161550169051586,0.007544377397885937,3,297,273,0.13239926099777222,0.17151862382888794,"[0.44544643574042214, 0.2462941021216091, 0.0019846327012640764]"
14,0.0,0.3475061544949682,0.1751251071691513,0.17263729870319366,-0.17238104732581688,-0.17486885579177452,3,297,273,0.13239926099777222,0.17151862382888794,"[0.44544643574042214, 0.2462941021216091, 0.0019846327012640764]"
14,-1.0,0.5474472330833856,0.22888031601905823,0.18235498666763306,-0.3185669170643274,-0.36509224641575255,3,297,273,0.13239926099777222,0.17151862382888794,"[0.44544643574042214, 0.2462941021216091, 0.0019846327012640764]"
15,1.0,0.17116132695993694,0.163351908326149,0.18754661083221436,-0.007809418633787951,0.016385283872277417,3,297,273,0.1607012301683426,0.18222221732139587,"[0.4393258553411418, 0.23121716958628502, 0.0005947002897665883]"
15,0.0,0.3477187918403727,0.2074720710515976,0.18396596610546112,-0.1402467207887751,-0.16375282573491157,3,297,273,0.1607012301683426,0.18222221732139587,"[0.4393258553411418, 0.23121716958628502, 0.0005947002897665883]"
15,-1.0,0.5316385504103791,0.2566196322441101,0.18670205771923065,-0.275018918166269,-0.34493649269114846,3,297,273,0.1607012301683426,0.18222221732139587,"[0.4393258553411418, 0.23121716958628502, 0.0005947002897665883]"
16,1.0,0.17451034414257924,0.15247125923633575,0.17426006495952606,-0.022039084906243483,-0.00025027918305317587,3,297,273,0.15603525936603546,0.17672307789325714,"[0.45050801939268026, 0.24452628520087832, 0.0025665404304026107]"
16,0.0,0.34686890700098927,0.1968361884355545,0.16852658987045288,-0.15003271856543476,-0.1783423171305364,3,297,273,0.15603525936603546,0.17672307789325714,"[0.45050801939268026, 0.24452628520087832, 0.0025665404304026107]"
16,-1.0,0.5434433447287115,0.2528413236141205,0.16822266578674316,-0.290602021114591,-0.3752206789419683,3,297,273,0.15603525936603546,0.17672307789325714,"[0.45050801939268026, 0.24452628520087832, 0.0025665404304026107]"
17,1.0,0.17017317937581333,0.1475682556629181,0.17296355962753296,-0.022604923712895242,0.0027903802517196263,3,297,273,0.14237459003925323,0.1684550940990448,"[0.44164244394393154, 0.23410619829711835, 0.0022349592685130064]"
17,0.0,0.34723599030160246,0.16944101452827454,0.17380845546722412,-0.17779497577332792,-0.17342753483437834,3,297,273,0.14237459003925323,0.1684550940990448,"[0.44164244394393154, 0.23410619829711835, 0.0022349592685130064]"
17,-1.0,0.5324023539742255,0.19840708374977112,0.17552749812602997,-0.3339952702244544,-0.35687485584819556,3,297,273,0.14237459003925323,0.1684550940990448,"[0.44164244394393154, 0.23410619829711835, 0.0022349592685130064]"
18,1.0,0.1667943487700752,0.14039210975170135,0.163605734705925,-0.026402239018373852,-0.003188614064150219,3,297,273,0.14019514620304108,0.1659783571958542,"[0.45733615621880214, 0.2533823747868223, -0.006272694033545567]"
18,0.0,0.3739218380624776,0.1766180694103241,0.16516515612602234,-0.1973037686521535,-0.20875668193645525,3,297,273,0.14019514620304108,0.1659783571958542,"[0.45733615621880214, 0.2533823747868223, -0.006272694033545567]"
18,-1.0,0.5555640830677999,0.21222877502441406,0.16982319951057434,-0.34333530804338586,-0.3857408835572256,3,297,273,0.14019514620304108,0.1659783571958542,"[0.45733615621880214, 0.2533823747868223, -0.006272694033545567]"
19,1.0,0.1734195234816657,0.14983592927455902,0.17791888117790222,-0.02358359420710668,0.004499357696236522,3,297,273,0.15774571895599365,0.1874997615814209,"[0.45984509677891444, 0.26023494212459863, 0.002205015266373048]"
19,0.0,0.37336190783416795,0.19284981489181519,0.17757926881313324,-0.18051209294235276,-0.1957826390210347,3,297,273,0.15774571895599365,0.1874997615814209,"[0.45984509677891444, 0.26023494212459863, 0.002205015266373048]"
19,-1.0,0.5814758435212772,0.23974400758743286,0.18376076221466064,-0.3417318359338444,-0.3977150813066166,3,297,273,0.15774571895599365,0.1874997615814209,"[0.45984509677891444, 0.26023494212459863, 0.002205015266373048]"
20,1.0,0.16909095004713764,0.14821147918701172,0.1580311805009842,-0.020879470860125926,-0.011059769546153453,3,297,273,0.1489715427160263,0.1577291488647461,"[0.4548488901291563, 0.2544006810809664, -0.001737633133474537]"
20,0.0,0.3565094499951563,0.1692812293767929,0.15042127668857574,-0.18722822061836342,-0.20608817330658058,3,297,273,0.1489715427160263,0.1577291488647461,"[0.4548488901291563, 0.2544006810809664, -0.001737633133474537]"
20,-1.0,0.572039371178528,0.20967048406600952,0.16138117015361786,-0.36236888711251847,-0.41065820102491013,3,297,273,0.1489715427160263,0.1577291488647461,"[0.4548488901291563, 0.2544006810809664, -0.001737633133474537]"
21,1.0,0.17533327523571549,0.15296193957328796,0.1735895723104477,-0.02237133566242752,-0.0017437029252677927,3,297,273,0.14148880541324615,0.1584777534008026,"[0.45127216884584376, 0.24212832468386122, 0.0051905428819366195]"
21,0.0,0.3578899591716166,0.17735251784324646,0.17084291577339172,-0.18053744132837013,-0.18704704339822487,3,297,273,0.14148880541324615,0.1584777534008026,"[0.45127216884584376, 0.24212832468386122, 0.0051905428819366195]"
21,-1.0,0.5397130867257793,0.20583614706993103,0.17320851981639862,-0.3338769396558483,-0.3665045669093807,3,297,273,0.14148880541324615,0.1584777534008026,"[0.45127216884584376, 0.24212832468386122, 0.0051905428819366195]"
22,1.0,0.16005161851976984,0.13500259816646576,0.15396440029144287,-0.025049020353304086,-0.006087218228326974,3,297,273,0.15687744319438934,0.17831633985042572,"[0.4528263761929446, 0.24955650054155762, 2.1139039225315127e-05]"
22,0.0,0.3549321931296827,0.1774289309978485,0.16165876388549805,-0.1775032621318342,-0.19327342924418467,3,297,273,0.15687744319438934,0.17831633985042572,"[0.4528263761929446, 0.24955650054155762, 2.1139039225315127e-05]"
22,-1.0,0.5467430953677617,0.21451683342456818,0.16306906938552856,-0.3322262619431935,-0.3836740259822331,3,297,273,0.15687744319438934,0.17831633985042572,"[0.4528263761929446, 0.24955650054155762, 2.1139039225315127e-05]"
23,1.0,0.16434159573499865,0.13614484667778015,0.17616118490695953,-0.0281967490572185,0.011819589171960881,3,297,273,0.1318017840385437,0.17291001975536346,"[0.42919610514928597, 0.24134869000003562, 0.004510692990825852]"
23,0.0,0.34842871687612653,0.1866994947195053,0.16883070766925812,-0.16172922215662122,-0.17959800920686841,3,297,273,0.1318017840385437,0.17291001975536346,"[0.42919610514928597, 0.24134869000003562, 0.004510692990825852]"
23,-1.0,0.5337167597597272,0.2616633176803589,0.18531891703605652,-0.2720534420793683,-0.3483978427236707,3,297,273,0.1318017840385437,0.17291001975536346,"[0.42919610514928597, 0.24134869000003562, 0.004510692990825852]"
24,1.0,0.17536504799808972,0.14486771821975708,0.16274410486221313,-0.030497329778332638,-0.012620943135876583,3,297,273,0.1440575122833252,0.16595028340816498,"[0.43631544215621276, 0.26886696731758025, -7.80306337398011e-05]"
24,0.0,0.36991674694367416,0.17925076186656952,0.16692933440208435,-0.19066598507710464,-0.2029874125415898,3,297,273,0.1440575122833252,0.16595028340816498,"[0.43631544215621276, 0.26886696731758025, -7.80306337398011e-05]"
24,-1.0,0.5888841060279301,0.21583162248134613,0.169406920671463,-0.37305248354658394,-0.41947718535646705,3,297,273,0.1440575122833252,0.16595028340816498,"[0.43631544215621276, 0.26886696731758025, -7.80306337398011e-05]"
25,1.0,0.17536696247520633,0.1494041085243225,0.16914823651313782,-0.025962853950883824,-0.0062187259620685165,3,297,273,0.14716573059558868,0.17013689875602722,"[0.4461639528360883, 0.25434404500096236, -0.0010449312719857102]"
25,0.0,0.368439746582963,0.21812352538108826,0.16307929158210754,-0.15031622120187477,-0.20536045500085548,3,297,273,0.14716573059558868,0.17013689875602722,"[0.4461639528360883, 0.25434404500096236, -0.0010449312719857102]"
25,-1.0,0.5686015552481021,0.3018639087677002,0.16868989169597626,-0.2667376464804019,-0.3999116635521258,3,297,273,0.14716573059558868,0.17013689875602722,"[0.4461639528360883, 0.25434404500096236, -0.0010449312719857102]"
26,1.0,0.17206802138380883,0.14272089302539825,0.17192253470420837,-0.02934712835841058,-0.00014548667960045947,3,297,273,0.13565675914287567,0.16581431031227112,"[0.4546389226834834, 0.25728444745040707, -0.0046560163710241175]"
26,0.0,0.36772921580670226,0.16126003861427307,0.1732073724269867,-0.2064691771924292,-0.19452184337971556,3,297,273,0.13565675914287567,0.16581431031227112,"[0.4546389226834834, 0.25728444745040707, -0.0046560163710241175]"
26,-1.0,0.5725381450850735,0.18190714716911316,0.17258958518505096,-0.39063099791596034,-0.39994855990002254,3,297,273,0.13565675914287567,0.16581431031227112,"[0.4546389226834834, 0.25728444745040707, -0.0046560163710241175]"
27,1.0,0.16677776669018254,0.13765378296375275,0.1564643383026123,-0.029123983726429797,-0.01031342838757024,3,297,273,0.1340717077255249,0.15090732276439667,"[0.4510830354570955, 0.2496791731497608, -0.0026646850577832742]"
27,0.0,0.3702817632334337,0.163861945271492,0.1586911529302597,-0.2064198179619417,-0.211590610303174,3,297,273,0.1340717077255249,0.15090732276439667,"[0.4510830354570955, 0.2496791731497608, -0.0026646850577832742]"
27,-1.0,0.5436366640365058,0.18209469318389893,0.15321099758148193,-0.36154197085260686,-0.39042566645502386,3,297,273,0.1340717077255249,0.15090732276439667,"[0.4510830354570955, 0.2496791731497608, -0.0026646850577832742]"
28,1.0,0.16899099700380252,0.14012247323989868,0.16149170696735382,-0.028868523763903836,-0.007499290036448697,3,297,273,0.13889233767986298,0.16222313046455383,"[0.4444090268308445, 0.24785969347903936, -0.004921513091341851]"
28,0.0,0.3606237866663057,0.1906905621290207,0.1749025136232376,-0.169933224537285,-0.18572127304306807,3,297,273,0.13889233767986298,0.16222313046455383,"[0.4444090268308445, 0.24785969347903936, -0.004921513091341851]"
28,-1.0,0.5385344005246507,0.22408844530582428,0.1655849665403366,-0.31444595521882646,-0.3729494339843141,3,297,273,0.13889233767986298,0.16222313046455383,"[0.4444090268308445, 0.24785969347903936, -0.004921513091341851]"
29,1.0,0.17694149052863603,0.15874046087265015,0.18275906145572662,-0.018201029655985884,0.005817570927090593,3,297,273,0.14648346602916718,0.17426073551177979,"[0.43010021723313824, 0.2541737426305841, 0.0030771957999080565]"
29,0.0,0.358606294114111,0.21271675825119019,0.17468400299549103,-0.1458895358629208,-0.18392229111861996,3,297,273,0.14648346602916718,0.17426073551177979,"[0.43010021723313824, 0.2541737426305841, 0.0030771957999080565]"
29,-1.0,0.5584390098208314,0.2757985293865204,0.17133353650569916,-0.282640480434311,-0.38710547331513223,3,297,273,0.14648346602916718,0.17426073551177979,"[0.43010021723313824, 0.2541737426305841, 0.0030771957999080565]"
30,1.0,0.1736852321935385,0.15173044800758362,0.16533248126506805,-0.021954784185954895,-0.00835275092847046,3,297,273,0.14095550775527954,0.1529710590839386,"[0.4522720121268996, 0.2504705812984894, -0.0027085677475808963]"
30,0.0,0.36783008899153896,0.17064779996871948,0.15870358049869537,-0.19718228902281948,-0.2091265084928436,3,297,273,0.14095550775527954,0.1529710590839386,"[0.4522720121268996, 0.2504705812984894, -0.0027085677475808963]"
30,-1.0,0.5575844369674404,0.20229898393154144,0.16448336839675903,-0.355285453035899,-0.3931010685706814,3,297,273,0.14095550775527954,0.1529710590839386,"[0.4522720121268996, 0.2504705812984894, -0.0027085677475808963]"
31,1.0,0.16906275891666592,0.14015690982341766,0.16576987504959106,-0.028905849093248254,-0.003292883867074853,3,297,273,0.15885509550571442,0.18938066065311432,"[0.4508481410487568, 0.2476683623858096, -0.0016710736338993392]"
31,0.0,0.3631313098967325,0.1857156902551651,0.17128577828407288,-0.17741561964156738,-0.1918455316126596,3,297,273,0.15885509550571442,0.18938066065311432,"[0.4508481410487568, 0.2476683623858096, -0.0016710736338993392]"
31,-1.0,0.5397186298562893,0.22362172603607178,0.16860534250736237,-0.3160969038202175,-0.3711132873489269,3,297,273,0.15885509550571442,0.18938066065311432,"[0.4508481410487568, 0.2476683623858096, -0.0016710736338993392]"
