training_seed,condition,contrast,mean_left_minus_right_final_distance
75000,ALIGNED,bilinear_minus_mode,-0.014569555678463075
75001,ALIGNED,bilinear_minus_mode,-0.016961268509476213
75002,ALIGNED,bilinear_minus_mode,-0.007171989046582894
75003,ALIGNED,bilinear_minus_mode,-0.05277188662603294
75004,ALIGNED,bilinear_minus_mode,0.004684748686486273
75005,ALIGNED,bilinear_minus_mode,-0.03380021970679081
75006,ALIGNED,bilinear_minus_mode,-0.04681736629572697
75007,ALIGNED,bilinear_minus_mode,-0.008496629823639523
75008,ALIGNED,bilinear_minus_mode,-0.008219708481192356
75009,ALIGNED,bilinear_minus_mode,0.0035909089601773303
75010,ALIGNED,bilinear_minus_mode,-0.007225737006592681
75011,ALIGNED,bilinear_minus_mode,-0.005629631177725969
75012,ALIGNED,bilinear_minus_mode,-0.008902582176233409
75013,ALIGNED,bilinear_minus_mode,-0.059761916840216145
75014,ALIGNED,bilinear_minus_mode,-0.006530836762976833
75015,ALIGNED,bilinear_minus_mode,0.009443498151085805
75016,ALIGNED,bilinear_minus_mode,-0.007014749355221284
75017,ALIGNED,bilinear_minus_mode,0.006915863765243557
75018,ALIGNED,bilinear_minus_mode,0.0005185437548789196
75019,ALIGNED,bilinear_minus_mode,-0.06015173780178884
75020,ALIGNED,bilinear_minus_mode,-0.012070096732713864
75021,ALIGNED,bilinear_minus_mode,-0.08278086357950087
75022,ALIGNED,bilinear_minus_mode,-0.08535504372412106
75023,ALIGNED,bilinear_minus_mode,-0.06729617068413063
75024,ALIGNED,bilinear_minus_mode,-0.0008289846882689744
75025,ALIGNED,bilinear_minus_mode,0.006467249758316029
75026,ALIGNED,bilinear_minus_mode,-0.000913309488169034
75027,ALIGNED,bilinear_minus_mode,-0.0006452006182371406
75028,ALIGNED,bilinear_minus_mode,0.007285554418558604
75029,ALIGNED,bilinear_minus_mode,-0.07149562955237343
75000,ALIGNED,additive_minus_mode,-0.0014216487797966693
75001,ALIGNED,additive_minus_mode,-0.010700192440708634
75002,ALIGNED,additive_minus_mode,0.002370888676523464
75003,ALIGNED,additive_minus_mode,-0.04716089064095286
75004,ALIGNED,additive_minus_mode,0.004328147218984668
75005,ALIGNED,additive_minus_mode,-0.03162013777455286
75006,ALIGNED,additive_minus_mode,-0.0496375826151052
75007,ALIGNED,additive_minus_mode,0.0034572962977108546
75008,ALIGNED,additive_minus_mode,-0.002442875511405873
75009,ALIGNED,additive_minus_mode,0.001816905256418977
75010,ALIGNED,additive_minus_mode,-0.010664590088708792
75011,ALIGNED,additive_minus_mode,-0.018646730035470682
75012,ALIGNED,additive_minus_mode,-0.0027047385992773343
75013,ALIGNED,additive_minus_mode,-0.026586520307319006
75014,ALIGNED,additive_minus_mode,-0.004116590793728392
75015,ALIGNED,additive_minus_mode,0.008137959341183887
75016,ALIGNED,additive_minus_mode,-0.0050725975324894534
75017,ALIGNED,additive_minus_mode,-0.008942672197008505
75018,ALIGNED,additive_minus_mode,0.026851683061977383
75019,ALIGNED,additive_minus_mode,-0.05798157170647755
75020,ALIGNED,additive_minus_mode,-0.017308254922681954
75021,ALIGNED,additive_minus_mode,-0.07125656192511087
75022,ALIGNED,additive_minus_mode,-0.07939070563588757
75023,ALIGNED,additive_minus_mode,-0.06391974720463622
75024,ALIGNED,additive_minus_mode,0.006147329600935336
75025,ALIGNED,additive_minus_mode,0.008692281121511769
75026,ALIGNED,additive_minus_mode,0.00020376325483084656
75027,ALIGNED,additive_minus_mode,-0.00141608102239843
75028,ALIGNED,additive_minus_mode,0.020545894751194282
75029,ALIGNED,additive_minus_mode,-0.04888667730119778
75000,ALIGNED,no_context_minus_mode,-0.005824559779284755
75001,ALIGNED,no_context_minus_mode,0.0016701589047443122
75002,ALIGNED,no_context_minus_mode,0.006269642398365249
75003,ALIGNED,no_context_minus_mode,-0.04554307647413225
75004,ALIGNED,no_context_minus_mode,0.025234101887690485
75005,ALIGNED,no_context_minus_mode,-0.040074168094179186
75006,ALIGNED,no_context_minus_mode,0.09184066407760838
75007,ALIGNED,no_context_minus_mode,-0.009137779428783688
75008,ALIGNED,no_context_minus_mode,-9.1654514108086e-05
75009,ALIGNED,no_context_minus_mode,-0.005082581308670342
75010,ALIGNED,no_context_minus_mode,0.023852215341321426
75011,ALIGNED,no_context_minus_mode,-0.007396525288640987
75012,ALIGNED,no_context_minus_mode,-0.011857147415867075
75013,ALIGNED,no_context_minus_mode,-0.046829765149595914
75014,ALIGNED,no_context_minus_mode,-0.009652371027641493
75015,ALIGNED,no_context_minus_mode,0.0073039943890762515
75016,ALIGNED,no_context_minus_mode,0.0013821165412082337
75017,ALIGNED,no_context_minus_mode,-0.0045827059639123036
75018,ALIGNED,no_context_minus_mode,0.03901984162439476
75019,ALIGNED,no_context_minus_mode,-0.06181489237496862
75020,ALIGNED,no_context_minus_mode,0.0024150671506504295
75021,ALIGNED,no_context_minus_mode,0.02010213521498372
75022,ALIGNED,no_context_minus_mode,-0.06318551530603145
75023,ALIGNED,no_context_minus_mode,-0.0741403918073047
75024,ALIGNED,no_context_minus_mode,0.028750821778885438
75025,ALIGNED,no_context_minus_mode,0.005891688081646862
75026,ALIGNED,no_context_minus_mode,0.0063468206171819475
75027,ALIGNED,no_context_minus_mode,0.009516069871096988
75028,ALIGNED,no_context_minus_mode,0.05629197139023745
75029,ALIGNED,no_context_minus_mode,-0.005407669250416802
75000,ALIGNED,oracle_minus_mode,-0.02350816150465107
75001,ALIGNED,oracle_minus_mode,-0.01776294191586203
75002,ALIGNED,oracle_minus_mode,-0.0075600068530548015
75003,ALIGNED,oracle_minus_mode,-0.05958796438335412
75004,ALIGNED,oracle_minus_mode,0.0006264030962483957
75005,ALIGNED,oracle_minus_mode,-0.04493912722955429
75006,ALIGNED,oracle_minus_mode,-0.04943486741831293
75007,ALIGNED,oracle_minus_mode,-0.009052932924532797
75008,ALIGNED,oracle_minus_mode,-0.008795551473667729
75009,ALIGNED,oracle_minus_mode,-0.006920445564901456
75010,ALIGNED,oracle_minus_mode,-0.016811321595014306
75011,ALIGNED,oracle_minus_mode,-0.028820077448472148
75012,ALIGNED,oracle_minus_mode,-0.008447015721685602
75013,ALIGNED,oracle_minus_mode,-0.062337444243894424
75014,ALIGNED,oracle_minus_mode,-0.011919861074147775
75015,ALIGNED,oracle_minus_mode,-0.0032548858725931495
75016,ALIGNED,oracle_minus_mode,-0.011526892285473878
75017,ALIGNED,oracle_minus_mode,-0.007332071365453885
75018,ALIGNED,oracle_minus_mode,-0.0041451670113019645
75019,ALIGNED,oracle_minus_mode,-0.06631684764215606
75020,ALIGNED,oracle_minus_mode,-0.018106066421751166
75021,ALIGNED,oracle_minus_mode,-0.08846983561215893
75022,ALIGNED,oracle_minus_mode,-0.08567029048481345
75023,ALIGNED,oracle_minus_mode,-0.06708357009483734
75024,ALIGNED,oracle_minus_mode,-0.005280461442453088
75025,ALIGNED,oracle_minus_mode,-0.00939243987249938
75026,ALIGNED,oracle_minus_mode,-0.012393214352414361
75027,ALIGNED,oracle_minus_mode,-0.005957380542895407
75028,ALIGNED,oracle_minus_mode,-0.0022068482412578305
75029,ALIGNED,oracle_minus_mode,-0.0733582659449894
75000,REVERSED,bilinear_minus_mode,-0.39571902330317243
75001,REVERSED,bilinear_minus_mode,-0.2302542839133821
75002,REVERSED,bilinear_minus_mode,-0.25075418229971547
75003,REVERSED,bilinear_minus_mode,-0.3160703871972146
75004,REVERSED,bilinear_minus_mode,-0.33335369578708196
75005,REVERSED,bilinear_minus_mode,-0.24281420276020071
75006,REVERSED,bilinear_minus_mode,-0.25352808058596565
75007,REVERSED,bilinear_minus_mode,-0.30145468221599003
75008,REVERSED,bilinear_minus_mode,-0.41702990183694055
75009,REVERSED,bilinear_minus_mode,-0.2800136008991103
75010,REVERSED,bilinear_minus_mode,-0.285569599169321
75011,REVERSED,bilinear_minus_mode,-0.25252616249963467
75012,REVERSED,bilinear_minus_mode,-0.25340700162996654
75013,REVERSED,bilinear_minus_mode,-0.2811578813561937
75014,REVERSED,bilinear_minus_mode,-0.2683269951521652
75015,REVERSED,bilinear_minus_mode,-0.2903611432739126
75016,REVERSED,bilinear_minus_mode,-0.27278750608456903
75017,REVERSED,bilinear_minus_mode,-0.22625123375655676
75018,REVERSED,bilinear_minus_mode,-0.3134277920544264
75019,REVERSED,bilinear_minus_mode,-0.19961876313391258
75020,REVERSED,bilinear_minus_mode,-0.3051170196977182
75021,REVERSED,bilinear_minus_mode,-0.22389002633281052
75022,REVERSED,bilinear_minus_mode,-0.25779475511262717
75023,REVERSED,bilinear_minus_mode,-0.23758784138408373
75024,REVERSED,bilinear_minus_mode,-0.30572385034975014
75025,REVERSED,bilinear_minus_mode,-0.23851919464323146
75026,REVERSED,bilinear_minus_mode,-0.3287021871892648
75027,REVERSED,bilinear_minus_mode,-0.38538478838381707
75028,REVERSED,bilinear_minus_mode,-0.3253016997477971
75029,REVERSED,bilinear_minus_mode,-0.2896863534442673
75000,REVERSED,additive_minus_mode,-0.3904187779826316
75001,REVERSED,additive_minus_mode,-0.2683915654961311
75002,REVERSED,additive_minus_mode,-0.272542499179508
75003,REVERSED,additive_minus_mode,-0.3170722833765467
75004,REVERSED,additive_minus_mode,-0.3592750110037741
75005,REVERSED,additive_minus_mode,-0.2736559510431107
75006,REVERSED,additive_minus_mode,-0.2749314964967198
75007,REVERSED,additive_minus_mode,-0.3057225830925745
75008,REVERSED,additive_minus_mode,-0.4294504123099614
75009,REVERSED,additive_minus_mode,-0.3003946510470996
75010,REVERSED,additive_minus_mode,-0.3163155132479005
75011,REVERSED,additive_minus_mode,-0.28855827477127605
75012,REVERSED,additive_minus_mode,-0.25536404259219125
75013,REVERSED,additive_minus_mode,-0.28123597894227714
75014,REVERSED,additive_minus_mode,-0.29261571382085094
75015,REVERSED,additive_minus_mode,-0.3114501762720465
75016,REVERSED,additive_minus_mode,-0.2924210039745958
75017,REVERSED,additive_minus_mode,-0.29182514068270393
75018,REVERSED,additive_minus_mode,-0.30290373291609285
75019,REVERSED,additive_minus_mode,-0.22283829142543254
75020,REVERSED,additive_minus_mode,-0.31327252402661543
75021,REVERSED,additive_minus_mode,-0.240538306417875
75022,REVERSED,additive_minus_mode,-0.2758354650959518
75023,REVERSED,additive_minus_mode,-0.24677103576323134
75024,REVERSED,additive_minus_mode,-0.3475302925071446
75025,REVERSED,additive_minus_mode,-0.27937751755507634
75026,REVERSED,additive_minus_mode,-0.33936358987921267
75027,REVERSED,additive_minus_mode,-0.407191511203564
75028,REVERSED,additive_minus_mode,-0.3246629588029464
75029,REVERSED,additive_minus_mode,-0.2814434003921633
75000,REVERSED,no_context_minus_mode,-0.39343085168638936
75001,REVERSED,no_context_minus_mode,-0.26480659126173123
75002,REVERSED,no_context_minus_mode,-0.27714372278933297
75003,REVERSED,no_context_minus_mode,-0.3321272567800406
75004,REVERSED,no_context_minus_mode,-0.3379255931577063
75005,REVERSED,no_context_minus_mode,-0.2806044438366371
75006,REVERSED,no_context_minus_mode,-0.1437858553326805
75007,REVERSED,no_context_minus_mode,-0.3184262636350468
75008,REVERSED,no_context_minus_mode,-0.43415272377933434
75009,REVERSED,no_context_minus_mode,-0.3074128721564193
75010,REVERSED,no_context_minus_mode,-0.2773392795934342
75011,REVERSED,no_context_minus_mode,-0.2818864450237015
75012,REVERSED,no_context_minus_mode,-0.2735118506461731
75013,REVERSED,no_context_minus_mode,-0.304862167507963
75014,REVERSED,no_context_minus_mode,-0.29610027252101645
75015,REVERSED,no_context_minus_mode,-0.31818295670382213
75016,REVERSED,no_context_minus_mode,-0.29748231631128874
75017,REVERSED,no_context_minus_mode,-0.29565497243493155
75018,REVERSED,no_context_minus_mode,-0.3101698366954224
75019,REVERSED,no_context_minus_mode,-0.2369489314223756
75020,REVERSED,no_context_minus_mode,-0.3020796159908059
75021,REVERSED,no_context_minus_mode,-0.1410126882537952
75022,REVERSED,no_context_minus_mode,-0.2594369691632892
75023,REVERSED,no_context_minus_mode,-0.2544428433684516
75024,REVERSED,no_context_minus_mode,-0.3298702793690609
75025,REVERSED,no_context_minus_mode,-0.289403048686836
75026,REVERSED,no_context_minus_mode,-0.3304747799393226
75027,REVERSED,no_context_minus_mode,-0.3969743204615952
75028,REVERSED,no_context_minus_mode,-0.2909100643446436
75029,REVERSED,no_context_minus_mode,-0.2447945930653077
75000,REVERSED,oracle_minus_mode,-0.4143799106759616
75001,REVERSED,oracle_minus_mode,-0.28572162203636253
75002,REVERSED,oracle_minus_mode,-0.286396276394953
75003,REVERSED,oracle_minus_mode,-0.3483435103053125
75004,REVERSED,oracle_minus_mode,-0.36759251602416043
75005,REVERSED,oracle_minus_mode,-0.2888056024657999
75006,REVERSED,oracle_minus_mode,-0.2805525185831357
75007,REVERSED,oracle_minus_mode,-0.3202385500899254
75008,REVERSED,oracle_minus_mode,-0.4469060715964588
75009,REVERSED,oracle_minus_mode,-0.312606249593955
75010,REVERSED,oracle_minus_mode,-0.32660231858608313
75011,REVERSED,oracle_minus_mode,-0.30572227303127875
75012,REVERSED,oracle_minus_mode,-0.27740616219125513
75013,REVERSED,oracle_minus_mode,-0.32227914706163574
75014,REVERSED,oracle_minus_mode,-0.2985348262086518
75015,REVERSED,oracle_minus_mode,-0.3273354266402748
75016,REVERSED,oracle_minus_mode,-0.31648933830183523
75017,REVERSED,oracle_minus_mode,-0.30244607994973194
75018,REVERSED,oracle_minus_mode,-0.33958388507198833
75019,REVERSED,oracle_minus_mode,-0.2412838156305952
75020,REVERSED,oracle_minus_mode,-0.32146355187251174
75021,REVERSED,oracle_minus_mode,-0.2720776790874879
75022,REVERSED,oracle_minus_mode,-0.28713650955887715
75023,REVERSED,oracle_minus_mode,-0.267777825716621
75024,REVERSED,oracle_minus_mode,-0.36208569862174045
75025,REVERSED,oracle_minus_mode,-0.3089738161806963
75026,REVERSED,oracle_minus_mode,-0.3529270103863382
75027,REVERSED,oracle_minus_mode,-0.41569288078244426
75028,REVERSED,oracle_minus_mode,-0.35359285724916845
75029,REVERSED,oracle_minus_mode,-0.31878036623311345
