seed_block,noise_scale,n_donor_trajectories,mean_bouts_per_trajectory,mean_forward_occupancy
370000,0.75,50,7.06,0.10033333333333332
370000,1.0,50,20.24,0.18719999999999998
370000,1.25,50,34.58,0.25320000000000004
370001,0.75,50,8.22,0.09517333333333335
370001,1.0,50,20.34,0.18616
370001,1.25,50,35.34,0.25432000000000005
370002,0.75,50,7.3,0.08485333333333335
370002,1.0,50,20.5,0.15774666666666667
370002,1.25,50,35.14,0.24886666666666668
370003,0.75,50,6.82,0.06890666666666666
370003,1.0,50,20.1,0.17931999999999998
370003,1.25,50,33.52,0.2527333333333333
370004,0.75,50,6.64,0.09478666666666666
370004,1.0,50,19.52,0.18825333333333333
370004,1.25,50,33.08,0.24270666666666663
370005,0.75,50,7.64,0.07349333333333334
370005,1.0,50,20.88,0.19515999999999997
370005,1.25,50,34.96,0.2611866666666667
370006,0.75,50,6.96,0.08096
370006,1.0,50,22.16,0.15472000000000002
370006,1.25,50,33.68,0.24850666666666663
370007,0.75,50,7.16,0.09904
370007,1.0,50,20.7,0.18006666666666668
370007,1.25,50,34.9,0.25810666666666665
370008,0.75,50,7.98,0.09415999999999998
370008,1.0,50,20.72,0.16663999999999998
370008,1.25,50,33.76,0.24444
370009,0.75,50,8.24,0.08120000000000001
370009,1.0,50,21.54,0.18286666666666665
370009,1.25,50,35.94,0.2663866666666667
370010,0.75,50,7.22,0.07590666666666666
370010,1.0,50,20.94,0.17123999999999998
370010,1.25,50,34.44,0.2508666666666667
370011,0.75,50,7.72,0.060826666666666675
370011,1.0,50,21.9,0.17627999999999996
370011,1.25,50,35.06,0.24648
370012,0.75,50,7.7,0.08385333333333334
370012,1.0,50,21.76,0.17925333333333332
370012,1.25,50,34.46,0.24707999999999994
370013,0.75,50,7.56,0.09302666666666667
370013,1.0,50,21.12,0.16134666666666667
370013,1.25,50,33.78,0.24875999999999998
370014,0.75,50,8.08,0.08057333333333333
370014,1.0,50,20.4,0.17356000000000002
370014,1.25,50,35.1,0.26419999999999993
370015,0.75,50,7.56,0.09221333333333336
370015,1.0,50,21.02,0.16746666666666665
370015,1.25,50,35.22,0.26064
370016,0.75,50,7.46,0.10729333333333332
370016,1.0,50,21.0,0.18910666666666667
370016,1.25,50,34.7,0.25690666666666667
370017,0.75,50,8.62,0.08881333333333334
370017,1.0,50,20.46,0.17041333333333333
370017,1.25,50,33.94,0.25666666666666665
370018,0.75,50,7.06,0.09245333333333335
370018,1.0,50,20.46,0.15804
370018,1.25,50,35.26,0.223
370019,0.75,50,7.8,0.07861333333333334
370019,1.0,50,21.92,0.16546666666666662
370019,1.25,50,33.92,0.24734666666666666
370020,0.75,50,7.72,0.10113333333333334
370020,1.0,50,19.68,0.16601333333333332
370020,1.25,50,33.5,0.2520266666666667
370021,0.75,50,7.24,0.09880000000000001
370021,1.0,50,18.94,0.17125333333333334
370021,1.25,50,34.08,0.24713333333333332
370022,0.75,50,7.88,0.06598666666666667
370022,1.0,50,20.56,0.16402666666666668
370022,1.25,50,33.26,0.25054666666666664
370023,0.75,50,7.36,0.06692000000000001
370023,1.0,50,20.5,0.17453333333333332
370023,1.25,50,33.4,0.24373333333333336
370024,0.75,50,7.02,0.11506666666666666
370024,1.0,50,20.9,0.19182666666666667
370024,1.25,50,34.2,0.2514533333333333
370025,0.75,50,7.56,0.07722666666666667
370025,1.0,50,21.86,0.15618666666666667
370025,1.25,50,34.1,0.24517333333333333
370026,0.75,50,7.72,0.08852
370026,1.0,50,21.22,0.17934666666666668
370026,1.25,50,34.54,0.2497466666666667
370027,0.75,50,7.96,0.09554666666666664
370027,1.0,50,20.1,0.1611866666666667
370027,1.25,50,34.56,0.2449866666666666
370028,0.75,50,7.5,0.08867999999999998
370028,1.0,50,19.58,0.16015999999999997
370028,1.25,50,33.36,0.23807999999999999
370029,0.75,50,7.8,0.10582666666666667
370029,1.0,50,21.62,0.17914666666666668
370029,1.25,50,35.38,0.25482666666666665
