seed_block,profile,arm,n_episodes,tracking_mse,tracking_rmse,command_energy,missing_fraction
0,TRAIN_LIKE,GRU_SELF_MOTOR,128,0.8167532715654915,0.8501509376845016,0.08532595260274403,0.4967041015625
0,TRAIN_LIKE,GRU_ZERO_MOTOR,128,0.8379833588500714,0.8601619964263962,0.08588199222408588,0.4967041015625
0,TRAIN_LIKE,GRU_ACTION_COPY,128,0.8153435524058525,0.8481578263658435,0.0868954852326684,0.4967041015625
0,TRAIN_LIKE,GRU_YOKED_MOTOR,128,0.8549919739255083,0.868820907559208,0.08642141748647338,0.4967041015625
0,LONG_MISSING_BURSTS,GRU_SELF_MOTOR,128,2.1525038989985785,1.214924006468176,0.09011981991156318,0.50048828125
0,LONG_MISSING_BURSTS,GRU_ZERO_MOTOR,128,2.1865214614284447,1.2245287203172457,0.0895497103602236,0.50048828125
0,LONG_MISSING_BURSTS,GRU_ACTION_COPY,128,2.150032513360606,1.2103145440854686,0.09117900352538447,0.50048828125
0,LONG_MISSING_BURSTS,GRU_YOKED_MOTOR,128,2.205913123644988,1.230941843234238,0.08992081889111156,0.50048828125
0,LOW_MISSING,GRU_SELF_MOTOR,128,0.44489266528901805,0.6319299477903397,0.09676493836823542,0.2259521484375
0,LOW_MISSING,GRU_ZERO_MOTOR,128,0.44801528621561604,0.6350798583693535,0.09658141563985642,0.2259521484375
0,LOW_MISSING,GRU_ACTION_COPY,128,0.44268072656526597,0.629358832309197,0.09771493885678383,0.2259521484375
0,LOW_MISSING,GRU_YOKED_MOTOR,128,0.45232208267032714,0.6380724236005738,0.09731829453012403,0.2259521484375
0,FAST_TARGET,GRU_SELF_MOTOR,128,0.47544974956415936,0.6534027949204942,0.06172302330809974,0.5113525390625
0,FAST_TARGET,GRU_ZERO_MOTOR,128,0.480654694245533,0.657758612352402,0.06231231490785925,0.5113525390625
0,FAST_TARGET,GRU_ACTION_COPY,128,0.4743740473740932,0.6527650712398392,0.0634742104556282,0.5113525390625
0,FAST_TARGET,GRU_YOKED_MOTOR,128,0.4840524293436781,0.6599249040790849,0.06250280698567126,0.5113525390625
1,TRAIN_LIKE,GRU_SELF_MOTOR,128,0.816119128337085,0.8286763855400721,0.07491562115853238,0.5067138671875
1,TRAIN_LIKE,GRU_ZERO_MOTOR,128,0.7643315077086319,0.8058740147188934,0.08067144945424201,0.5067138671875
1,TRAIN_LIKE,GRU_ACTION_COPY,128,0.8096091537379095,0.8252297174775236,0.0771512100143453,0.5067138671875
1,TRAIN_LIKE,GRU_YOKED_MOTOR,128,0.7737697604562437,0.8107116380842352,0.08043064957862556,0.5067138671875
1,LONG_MISSING_BURSTS,GRU_SELF_MOTOR,128,1.446240994447803,1.0243265287537842,0.08062042349943986,0.477294921875
1,LONG_MISSING_BURSTS,GRU_ZERO_MOTOR,128,1.4366400371786243,1.0193079217742227,0.08740584991999684,0.477294921875
1,LONG_MISSING_BURSTS,GRU_ACTION_COPY,128,1.4249462453140374,1.0203572730604884,0.08421283696135105,0.477294921875
1,LONG_MISSING_BURSTS,GRU_YOKED_MOTOR,128,1.4406408812023441,1.021327623378708,0.08661789125146083,0.477294921875
1,LOW_MISSING,GRU_SELF_MOTOR,128,0.5052492822393226,0.6432194152583406,0.08390130704332462,0.2469482421875
1,LOW_MISSING,GRU_ZERO_MOTOR,128,0.4840797889013566,0.6332576205636158,0.09226914901238725,0.2469482421875
1,LOW_MISSING,GRU_ACTION_COPY,128,0.5043378343597706,0.6446875514880706,0.08974576455206956,0.2469482421875
1,LOW_MISSING,GRU_YOKED_MOTOR,128,0.48928854252543896,0.6362254202794625,0.0917110765848152,0.2469482421875
1,FAST_TARGET,GRU_SELF_MOTOR,128,0.38714466131136915,0.5974962750595467,0.048813214427213716,0.50537109375
1,FAST_TARGET,GRU_ZERO_MOTOR,128,0.3796996510571131,0.5927472037670711,0.05489336953755633,0.50537109375
1,FAST_TARGET,GRU_ACTION_COPY,128,0.37805820230262,0.592012160433858,0.051941825273332465,0.50537109375
1,FAST_TARGET,GRU_YOKED_MOTOR,128,0.38269664288851724,0.5947692023703239,0.05455833203294941,0.50537109375
2,TRAIN_LIKE,GRU_SELF_MOTOR,128,0.7900081991132202,0.8295256205028751,0.0770003682803404,0.4703369140625
2,TRAIN_LIKE,GRU_ZERO_MOTOR,128,0.7379597051494546,0.8062913667870147,0.08192278353327048,0.4703369140625
2,TRAIN_LIKE,GRU_ACTION_COPY,128,0.7586700149792599,0.8166318785518393,0.08056201130948146,0.4703369140625
2,TRAIN_LIKE,GRU_YOKED_MOTOR,128,0.737172656564606,0.8061451135672464,0.08161665623653046,0.4703369140625
2,LONG_MISSING_BURSTS,GRU_SELF_MOTOR,128,1.704461813743085,1.1519852218222177,0.08444122879561176,0.50830078125
2,LONG_MISSING_BURSTS,GRU_ZERO_MOTOR,128,1.644813633770024,1.1356865470528668,0.08947749178087275,0.50830078125
2,LONG_MISSING_BURSTS,GRU_ACTION_COPY,128,1.6642040839189214,1.1438864869196732,0.08832308855821211,0.50830078125
2,LONG_MISSING_BURSTS,GRU_YOKED_MOTOR,128,1.6574921876476942,1.1402115480914508,0.08932490856475922,0.50830078125
2,LOW_MISSING,GRU_SELF_MOTOR,128,0.445606460172856,0.6270307759710056,0.08910873339301273,0.23046875
2,LOW_MISSING,GRU_ZERO_MOTOR,128,0.43154061721702774,0.6210780968463834,0.09709229604589542,0.23046875
2,LOW_MISSING,GRU_ACTION_COPY,128,0.4471423903746692,0.6313606195504395,0.09564466994895227,0.23046875
2,LOW_MISSING,GRU_YOKED_MOTOR,128,0.4318555090410321,0.6216342184711878,0.09671339075733176,0.23046875
2,FAST_TARGET,GRU_SELF_MOTOR,128,0.4490669122592248,0.6409279358687167,0.05532129262118995,0.49755859375
2,FAST_TARGET,GRU_ZERO_MOTOR,128,0.4512321213953956,0.6425524463034004,0.061358306365318784,0.49755859375
2,FAST_TARGET,GRU_ACTION_COPY,128,0.4515665692133807,0.6433238188490238,0.06004054666220458,0.49755859375
2,FAST_TARGET,GRU_YOKED_MOTOR,128,0.4507422120975517,0.642390566913446,0.061214326111671186,0.49755859375
3,TRAIN_LIKE,GRU_SELF_MOTOR,128,0.9140350946089582,0.8996836649666013,0.07567013951351007,0.4996337890625
3,TRAIN_LIKE,GRU_ZERO_MOTOR,128,0.8888467140269003,0.8896925393403646,0.07928661908925,0.4996337890625
3,TRAIN_LIKE,GRU_ACTION_COPY,128,0.9056868475474893,0.8949594483291978,0.07647430591833315,0.4996337890625
3,TRAIN_LIKE,GRU_YOKED_MOTOR,128,0.8888209383790677,0.8902881935391938,0.07925193583762558,0.4996337890625
3,LONG_MISSING_BURSTS,GRU_SELF_MOTOR,128,2.4848200888731675,1.275884638998586,0.07818472562132317,0.5118408203125
3,LONG_MISSING_BURSTS,GRU_ZERO_MOTOR,128,2.3507987377766337,1.2540601475970803,0.08141495157544681,0.5118408203125
3,LONG_MISSING_BURSTS,GRU_ACTION_COPY,128,2.4495643075825146,1.2676149847606841,0.07931155593015943,0.5118408203125
3,LONG_MISSING_BURSTS,GRU_YOKED_MOTOR,128,2.3631438469789012,1.2591333367910276,0.08178693415614464,0.5118408203125
3,LOW_MISSING,GRU_SELF_MOTOR,128,0.4993450039532563,0.6667734156114915,0.08209238216504688,0.2430419921875
3,LOW_MISSING,GRU_ZERO_MOTOR,128,0.5002742412240198,0.6654173157783252,0.08735921109067141,0.2430419921875
3,LOW_MISSING,GRU_ACTION_COPY,128,0.4974889691602482,0.6650284186335966,0.0831411571794981,0.2430419921875
3,LOW_MISSING,GRU_YOKED_MOTOR,128,0.5010859035957509,0.6651168638454128,0.08701170008328371,0.2430419921875
3,FAST_TARGET,GRU_SELF_MOTOR,128,0.4637646534281661,0.651883952283182,0.0512700866100511,0.5001220703125
3,FAST_TARGET,GRU_ZERO_MOTOR,128,0.47173795909896454,0.657562852658159,0.05559838188961663,0.5001220703125
3,FAST_TARGET,GRU_ACTION_COPY,128,0.45827753573933716,0.6482411180435903,0.05199742833110802,0.5001220703125
3,FAST_TARGET,GRU_YOKED_MOTOR,128,0.47110851609708293,0.6565202069381598,0.05540968908556311,0.5001220703125
4,TRAIN_LIKE,GRU_SELF_MOTOR,128,0.8323664685549437,0.824213128500801,0.07215404368395989,0.4990234375
4,TRAIN_LIKE,GRU_ZERO_MOTOR,128,0.8075888781181311,0.809723157774541,0.0752639255794709,0.4990234375
4,TRAIN_LIKE,GRU_ACTION_COPY,128,0.8284351625940259,0.8205191968044728,0.073837792927713,0.4990234375
4,TRAIN_LIKE,GRU_YOKED_MOTOR,128,0.8133999491803161,0.8125117257051078,0.07476785516173438,0.4990234375
4,LONG_MISSING_BURSTS,GRU_SELF_MOTOR,128,1.7778131092435139,1.1218633600770347,0.07476315487440831,0.4957275390625
4,LONG_MISSING_BURSTS,GRU_ZERO_MOTOR,128,1.7437127592293062,1.1131643900432813,0.07897903358057462,0.4957275390625
4,LONG_MISSING_BURSTS,GRU_ACTION_COPY,128,1.7494976277765695,1.117087958841414,0.0771179575071074,0.4957275390625
4,LONG_MISSING_BURSTS,GRU_YOKED_MOTOR,128,1.742133119219163,1.11350529657338,0.07847345154392427,0.4957275390625
4,LOW_MISSING,GRU_SELF_MOTOR,128,0.44680205714662313,0.6351189590805957,0.07803532357650259,0.2562255859375
4,LOW_MISSING,GRU_ZERO_MOTOR,128,0.42725518297186216,0.6205237761217304,0.08160996432615883,0.2562255859375
4,LOW_MISSING,GRU_ACTION_COPY,128,0.4446022035361803,0.6334744755825535,0.08137437299263657,0.2562255859375
4,LOW_MISSING,GRU_YOKED_MOTOR,128,0.43022584371079553,0.6225227977097363,0.08120344923070957,0.2562255859375
4,FAST_TARGET,GRU_SELF_MOTOR,128,0.39211833382361505,0.5983143646337423,0.04995094993235433,0.4859619140625
4,FAST_TARGET,GRU_ZERO_MOTOR,128,0.37454363333238194,0.5854315454321437,0.05295851019640736,0.4859619140625
4,FAST_TARGET,GRU_ACTION_COPY,128,0.39264610717395065,0.6004714726081238,0.053051081355397586,0.4859619140625
4,FAST_TARGET,GRU_YOKED_MOTOR,128,0.37333225763631406,0.584500663411851,0.05256088117159033,0.4859619140625
5,TRAIN_LIKE,GRU_SELF_MOTOR,128,0.8829422480696345,0.8649402496103864,0.07980303593817792,0.486572265625
5,TRAIN_LIKE,GRU_ZERO_MOTOR,128,0.8628306058111153,0.8543611338873541,0.08175010275776223,0.486572265625
5,TRAIN_LIKE,GRU_ACTION_COPY,128,0.8736838688311366,0.8619732216032479,0.08294318726118383,0.486572265625
5,TRAIN_LIKE,GRU_YOKED_MOTOR,128,0.8700091231603864,0.857344022407919,0.08191861807389283,0.486572265625
5,LONG_MISSING_BURSTS,GRU_SELF_MOTOR,128,1.9585587467951953,1.1264750654701123,0.08061885504477287,0.4871826171875
5,LONG_MISSING_BURSTS,GRU_ZERO_MOTOR,128,1.8983723668261452,1.1136846004861707,0.0820969093952027,0.4871826171875
5,LONG_MISSING_BURSTS,GRU_ACTION_COPY,128,1.9131883353174368,1.1171590573644137,0.08353601557963633,0.4871826171875
5,LONG_MISSING_BURSTS,GRU_YOKED_MOTOR,128,1.9241026249871964,1.1192409147307028,0.08222243794281206,0.4871826171875
5,LOW_MISSING,GRU_SELF_MOTOR,128,0.5453886747602897,0.6885865817794143,0.08567592325714557,0.263671875
5,LOW_MISSING,GRU_ZERO_MOTOR,128,0.5331841102488539,0.6805013914584995,0.08782157000356608,0.263671875
5,LOW_MISSING,GRU_ACTION_COPY,128,0.5373508373956932,0.6837695052233076,0.08974531051530021,0.263671875
5,LOW_MISSING,GRU_YOKED_MOTOR,128,0.5339596432165923,0.6810986688341427,0.08755404990636596,0.263671875
5,FAST_TARGET,GRU_SELF_MOTOR,128,0.379892781459922,0.594993677224337,0.04893832246607942,0.495361328125
5,FAST_TARGET,GRU_ZERO_MOTOR,128,0.3739815665380186,0.5904555771164861,0.05040213219555912,0.495361328125
5,FAST_TARGET,GRU_ACTION_COPY,128,0.37624379212801184,0.5923184026333743,0.052176284856448554,0.495361328125
5,FAST_TARGET,GRU_YOKED_MOTOR,128,0.37584921812045313,0.5916670361620907,0.05054581798430444,0.495361328125
6,TRAIN_LIKE,GRU_SELF_MOTOR,128,0.9244366498795369,0.885659590626078,0.07287632509998512,0.5194091796875
6,TRAIN_LIKE,GRU_ZERO_MOTOR,128,0.9438835012494939,0.8998940238312373,0.07440260168578489,0.5194091796875
6,TRAIN_LIKE,GRU_ACTION_COPY,128,0.9298675559989416,0.8889202375547929,0.07266545009982897,0.5194091796875
6,TRAIN_LIKE,GRU_YOKED_MOTOR,128,0.963203501013479,0.9055733161995613,0.07404752689637846,0.5194091796875
6,LONG_MISSING_BURSTS,GRU_SELF_MOTOR,128,1.68653134188171,1.1280644296815003,0.08113536264482725,0.4803466796875
6,LONG_MISSING_BURSTS,GRU_ZERO_MOTOR,128,1.7592880538330147,1.1536220886638133,0.08307308882826545,0.4803466796875
6,LONG_MISSING_BURSTS,GRU_ACTION_COPY,128,1.7298850757054858,1.1414002588356098,0.08053474496534299,0.4803466796875
6,LONG_MISSING_BURSTS,GRU_YOKED_MOTOR,128,1.7457860162651442,1.1502885375958731,0.08249830469662243,0.4803466796875
6,LOW_MISSING,GRU_SELF_MOTOR,128,0.4748174497264617,0.6506896218566265,0.08459246624649794,0.26123046875
6,LOW_MISSING,GRU_ZERO_MOTOR,128,0.49497654464489527,0.666307706275554,0.08628586559912846,0.26123046875
6,LOW_MISSING,GRU_ACTION_COPY,128,0.47112768693057205,0.6510998406351155,0.08401907764474749,0.26123046875
6,LOW_MISSING,GRU_YOKED_MOTOR,128,0.4972652940442259,0.6669130786442626,0.08541974582133541,0.26123046875
6,FAST_TARGET,GRU_SELF_MOTOR,128,0.4059856308362715,0.6143517212119305,0.05238653048182268,0.502685546875
6,FAST_TARGET,GRU_ZERO_MOTOR,128,0.42636180964264625,0.6293055068233093,0.0532571689031964,0.502685546875
6,FAST_TARGET,GRU_ACTION_COPY,128,0.4060705760648995,0.6139567636023691,0.051657134526787996,0.502685546875
6,FAST_TARGET,GRU_YOKED_MOTOR,128,0.4237922771261746,0.6281940709113462,0.05285969425643447,0.502685546875
7,TRAIN_LIKE,GRU_SELF_MOTOR,128,1.1346890336044329,0.9966434925828138,0.08118611773655071,0.5093994140625
7,TRAIN_LIKE,GRU_ZERO_MOTOR,128,1.1567526351183126,1.0118619794215553,0.08022773001153782,0.5093994140625
7,TRAIN_LIKE,GRU_ACTION_COPY,128,1.1525566524206603,1.0038048581932517,0.07981110583925441,0.5093994140625
7,TRAIN_LIKE,GRU_YOKED_MOTOR,128,1.1483701725574265,1.005558677429398,0.08176030819164218,0.5093994140625
7,LONG_MISSING_BURSTS,GRU_SELF_MOTOR,128,1.3913448960300272,1.0820422003257208,0.0810140302491579,0.47265625
7,LONG_MISSING_BURSTS,GRU_ZERO_MOTOR,128,1.426995682828199,1.100719723513123,0.08068233302828523,0.47265625
7,LONG_MISSING_BURSTS,GRU_ACTION_COPY,128,1.4054513950513678,1.0867642592382059,0.07951001557735687,0.47265625
7,LONG_MISSING_BURSTS,GRU_YOKED_MOTOR,128,1.4372391914221447,1.1002624404318326,0.0824226547411209,0.47265625
7,LOW_MISSING,GRU_SELF_MOTOR,128,0.684018066154892,0.758845338723048,0.08665374984600815,0.2574462890625
7,LOW_MISSING,GRU_ZERO_MOTOR,128,0.7039356117548456,0.7722851342944137,0.08607065443263681,0.2574462890625
7,LOW_MISSING,GRU_ACTION_COPY,128,0.690186983651726,0.7627570258405916,0.0852964871528118,0.2574462890625
7,LOW_MISSING,GRU_YOKED_MOTOR,128,0.6959485787702138,0.7683929189090236,0.08826829002514791,0.2574462890625
7,FAST_TARGET,GRU_SELF_MOTOR,128,0.4936321112204811,0.6680292380222633,0.05220255308718452,0.490234375
7,FAST_TARGET,GRU_ZERO_MOTOR,128,0.5282106956186112,0.6897886418692312,0.05204060143566207,0.490234375
7,FAST_TARGET,GRU_ACTION_COPY,128,0.5039450464455169,0.6745185540065348,0.05137075008822134,0.490234375
7,FAST_TARGET,GRU_YOKED_MOTOR,128,0.5289559833834583,0.6906635496681404,0.054478289268262425,0.490234375
8,TRAIN_LIKE,GRU_SELF_MOTOR,128,0.9563356973287767,0.9015399116446783,0.07837154251190163,0.505126953125
8,TRAIN_LIKE,GRU_ZERO_MOTOR,128,0.9427748049615152,0.8947599634909628,0.08204462899761983,0.505126953125
8,TRAIN_LIKE,GRU_ACTION_COPY,128,0.9411704166500456,0.8943911191509112,0.07906811773387784,0.505126953125
8,TRAIN_LIKE,GRU_YOKED_MOTOR,128,0.944604780255882,0.8960081800022388,0.08204749779384991,0.505126953125
8,LONG_MISSING_BURSTS,GRU_SELF_MOTOR,128,1.299502704768877,1.0280166283622658,0.08101806857153926,0.4915771484375
8,LONG_MISSING_BURSTS,GRU_ZERO_MOTOR,128,1.2775099570763473,1.0237935669965796,0.08548178917062621,0.4915771484375
8,LONG_MISSING_BURSTS,GRU_ACTION_COPY,128,1.2955657070625133,1.0296394221000336,0.08245673799393671,0.4915771484375
8,LONG_MISSING_BURSTS,GRU_YOKED_MOTOR,128,1.2818325438309173,1.0259716493275408,0.0852065286009274,0.4915771484375
8,LOW_MISSING,GRU_SELF_MOTOR,128,0.4535769510471188,0.6436432034170294,0.08554319585615977,0.2479248046875
8,LOW_MISSING,GRU_ZERO_MOTOR,128,0.45567468406662304,0.6457045179990378,0.09140456127038235,0.2479248046875
8,LOW_MISSING,GRU_ACTION_COPY,128,0.4581388884033899,0.6466865697656172,0.08793002845770226,0.2479248046875
8,LOW_MISSING,GRU_YOKED_MOTOR,128,0.452904745364342,0.6443014820466507,0.09120097265103569,0.2479248046875
8,FAST_TARGET,GRU_SELF_MOTOR,128,0.3921551518309965,0.598507414746192,0.05156505000609503,0.4935302734375
8,FAST_TARGET,GRU_ZERO_MOTOR,128,0.3884618431406279,0.5964882755865111,0.05460511320158773,0.4935302734375
8,FAST_TARGET,GRU_ACTION_COPY,128,0.3894743461648158,0.5970085432902821,0.05305884790668342,0.4935302734375
8,FAST_TARGET,GRU_YOKED_MOTOR,128,0.3882836398780207,0.5960697573340262,0.05459476886161016,0.4935302734375
9,TRAIN_LIKE,GRU_SELF_MOTOR,128,0.8313149261667028,0.8479836020585689,0.0814672939388822,0.507080078125
9,TRAIN_LIKE,GRU_ZERO_MOTOR,128,0.7910945878983109,0.8285567525216888,0.084380289151952,0.507080078125
9,TRAIN_LIKE,GRU_ACTION_COPY,128,0.8088499643409861,0.8378893118587669,0.08427622440611193,0.507080078125
9,TRAIN_LIKE,GRU_YOKED_MOTOR,128,0.7902494782034664,0.8279435637305832,0.08440814804185713,0.507080078125
9,LONG_MISSING_BURSTS,GRU_SELF_MOTOR,128,1.3005777351781536,1.0248764295783481,0.08363958199867122,0.492431640625
9,LONG_MISSING_BURSTS,GRU_ZERO_MOTOR,128,1.287331711871622,1.0165267904211457,0.08697912026742735,0.492431640625
9,LONG_MISSING_BURSTS,GRU_ACTION_COPY,128,1.2916775024921547,1.021389660523174,0.08698655530602759,0.492431640625
9,LONG_MISSING_BURSTS,GRU_YOKED_MOTOR,128,1.2903578945453547,1.015455880663217,0.08653411822359713,0.492431640625
9,LOW_MISSING,GRU_SELF_MOTOR,128,0.4518446234869218,0.6308831663776735,0.08988771937663634,0.241943359375
9,LOW_MISSING,GRU_ZERO_MOTOR,128,0.4404331078460355,0.6226798583138706,0.09388512449294228,0.241943359375
9,LOW_MISSING,GRU_ACTION_COPY,128,0.4596467589814419,0.6381789006551282,0.09701804659310903,0.241943359375
9,LOW_MISSING,GRU_YOKED_MOTOR,128,0.4423351751058222,0.6244596915948334,0.09388541150513241,0.241943359375
9,FAST_TARGET,GRU_SELF_MOTOR,128,0.5051101106149569,0.6639903229704254,0.05790501571565934,0.5172119140625
9,FAST_TARGET,GRU_ZERO_MOTOR,128,0.4815522067357292,0.6497352358029391,0.060668838238319034,0.5172119140625
9,FAST_TARGET,GRU_ACTION_COPY,128,0.49238639358651204,0.6590085602540663,0.06156318621044067,0.5172119140625
9,FAST_TARGET,GRU_YOKED_MOTOR,128,0.4858130248374244,0.6521776356831238,0.06080016359531153,0.5172119140625
10,TRAIN_LIKE,GRU_SELF_MOTOR,128,0.9080153819537333,0.8664209651471576,0.07755807673043469,0.506591796875
10,TRAIN_LIKE,GRU_ZERO_MOTOR,128,0.8945691476158455,0.8578929653805414,0.08090850045277145,0.506591796875
10,TRAIN_LIKE,GRU_ACTION_COPY,128,0.8992421098272136,0.8642018781901541,0.07856507375538954,0.506591796875
10,TRAIN_LIKE,GRU_YOKED_MOTOR,128,0.9039673231086147,0.8625607766662335,0.08107925165706473,0.506591796875
10,LONG_MISSING_BURSTS,GRU_SELF_MOTOR,128,1.7945404608794837,1.2053925154000282,0.08579071664997584,0.531494140625
10,LONG_MISSING_BURSTS,GRU_ZERO_MOTOR,128,1.8184915322192268,1.2064549206883326,0.09005221122857299,0.531494140625
10,LONG_MISSING_BURSTS,GRU_ACTION_COPY,128,1.7820378773555419,1.2040997885417877,0.08691227620731823,0.531494140625
10,LONG_MISSING_BURSTS,GRU_YOKED_MOTOR,128,1.8596850535763458,1.2148015317865253,0.08993914157573901,0.531494140625
10,LOW_MISSING,GRU_SELF_MOTOR,128,0.549701187934502,0.6810351763416794,0.09075820473828017,0.248046875
10,LOW_MISSING,GRU_ZERO_MOTOR,128,0.5430454166344552,0.6766166137349743,0.09604759155550793,0.248046875
10,LOW_MISSING,GRU_ACTION_COPY,128,0.5581922554367144,0.687817868049562,0.09333535489302025,0.248046875
10,LOW_MISSING,GRU_YOKED_MOTOR,128,0.5474165082396043,0.6790639673009579,0.09627029348934281,0.248046875
10,FAST_TARGET,GRU_SELF_MOTOR,128,0.4248144435717268,0.6270545080187916,0.057877703174058964,0.4893798828125
10,FAST_TARGET,GRU_ZERO_MOTOR,128,0.41683742598179385,0.6210433324834987,0.061605009033430816,0.4893798828125
10,FAST_TARGET,GRU_ACTION_COPY,128,0.4245792232729102,0.6281616980250497,0.05973408905952737,0.4893798828125
10,FAST_TARGET,GRU_YOKED_MOTOR,128,0.417977801745125,0.6213102477427479,0.061503109946521584,0.4893798828125
11,TRAIN_LIKE,GRU_SELF_MOTOR,128,0.9650643249015829,0.902072773986057,0.08015499476387607,0.5087890625
11,TRAIN_LIKE,GRU_ZERO_MOTOR,128,0.9777240070563638,0.9047961860823202,0.0855804523334423,0.5087890625
11,TRAIN_LIKE,GRU_ACTION_COPY,128,0.9622624705181515,0.9012486927724144,0.08085898939114489,0.5087890625
11,TRAIN_LIKE,GRU_YOKED_MOTOR,128,0.9802001703342577,0.9072094184645136,0.08545776341652331,0.5087890625
11,LONG_MISSING_BURSTS,GRU_SELF_MOTOR,128,1.4240975351733596,1.081490696564365,0.0839793727386122,0.4898681640625
11,LONG_MISSING_BURSTS,GRU_ZERO_MOTOR,128,1.412904952280702,1.0790454418350457,0.08937903892888185,0.4898681640625
11,LONG_MISSING_BURSTS,GRU_ACTION_COPY,128,1.4122872026823652,1.0771656378945624,0.08484470432485644,0.4898681640625
11,LONG_MISSING_BURSTS,GRU_YOKED_MOTOR,128,1.4138349223816284,1.0816778063787957,0.08955695985613638,0.4898681640625
11,LOW_MISSING,GRU_SELF_MOTOR,128,0.48986953327972316,0.6590290920069499,0.08464996456776805,0.2403564453125
11,LOW_MISSING,GRU_ZERO_MOTOR,128,0.5011536190450254,0.6641130023701067,0.0910840915008127,0.2403564453125
11,LOW_MISSING,GRU_ACTION_COPY,128,0.4906574372169059,0.6591957917297233,0.08585954925519895,0.2403564453125
11,LOW_MISSING,GRU_YOKED_MOTOR,128,0.5030289467189407,0.6649205825796394,0.09051808370597715,0.2403564453125
11,FAST_TARGET,GRU_SELF_MOTOR,128,0.397565348926165,0.6065121593513856,0.05043618145803616,0.49609375
11,FAST_TARGET,GRU_ZERO_MOTOR,128,0.41621771832084287,0.6208226749405157,0.05603263070189076,0.49609375
11,FAST_TARGET,GRU_ACTION_COPY,128,0.3980850111899894,0.6077269507864191,0.05156130230330523,0.49609375
11,FAST_TARGET,GRU_YOKED_MOTOR,128,0.4188351368288624,0.6222846958533141,0.05590885088395526,0.49609375
12,TRAIN_LIKE,GRU_SELF_MOTOR,128,0.7856599849113808,0.8299476238415167,0.07440626993210459,0.4896240234375
12,TRAIN_LIKE,GRU_ZERO_MOTOR,128,0.7523389770814344,0.8128933273838694,0.0789402657818935,0.4896240234375
12,TRAIN_LIKE,GRU_ACTION_COPY,128,0.7681717711767728,0.8217903116485386,0.0768438551907398,0.4896240234375
12,TRAIN_LIKE,GRU_YOKED_MOTOR,128,0.7522457937259031,0.8127808169472048,0.07860865222235877,0.4896240234375
12,LONG_MISSING_BURSTS,GRU_SELF_MOTOR,128,1.8108292736309437,1.1504096253135314,0.08202684016641973,0.4927978515625
12,LONG_MISSING_BURSTS,GRU_ZERO_MOTOR,128,1.7698419060187014,1.1371060552283538,0.08774685494236231,0.4927978515625
12,LONG_MISSING_BURSTS,GRU_ACTION_COPY,128,1.8049918448987872,1.1475982149905146,0.0851759166088274,0.4927978515625
12,LONG_MISSING_BURSTS,GRU_YOKED_MOTOR,128,1.7597445749509308,1.1361707899979838,0.08749149792455344,0.4927978515625
12,LOW_MISSING,GRU_SELF_MOTOR,128,0.5498760087139336,0.6753696859422877,0.08125306930831439,0.2486572265625
12,LOW_MISSING,GRU_ZERO_MOTOR,128,0.5334249371739623,0.663792163006947,0.08700649586232204,0.2486572265625
12,LOW_MISSING,GRU_ACTION_COPY,128,0.5546990694587546,0.6790759903868351,0.08664820326262396,0.2486572265625
12,LOW_MISSING,GRU_YOKED_MOTOR,128,0.5355689499063607,0.6639101791739581,0.08664445326888875,0.2486572265625
12,FAST_TARGET,GRU_SELF_MOTOR,128,0.4124756734473234,0.6147355363957218,0.04790333838384381,0.4991455078125
12,FAST_TARGET,GRU_ZERO_MOTOR,128,0.3939955480236099,0.6022904677706034,0.05184636035775189,0.4991455078125
12,FAST_TARGET,GRU_ACTION_COPY,128,0.4069626227143678,0.613030294511467,0.05170734213994649,0.4991455078125
12,FAST_TARGET,GRU_YOKED_MOTOR,128,0.3937606102893011,0.601980521900555,0.05178839868598299,0.4991455078125
13,TRAIN_LIKE,GRU_SELF_MOTOR,128,0.9573601370477407,0.8950655740521503,0.08054362327419662,0.496826171875
13,TRAIN_LIKE,GRU_ZERO_MOTOR,128,0.9117019275833917,0.8757415731622007,0.08261923552478934,0.496826171875
13,TRAIN_LIKE,GRU_ACTION_COPY,128,0.9321817920189339,0.8847699202676886,0.07987194938415398,0.496826171875
13,TRAIN_LIKE,GRU_YOKED_MOTOR,128,0.9227127368246097,0.8794990521633427,0.08271016749161947,0.496826171875
13,LONG_MISSING_BURSTS,GRU_SELF_MOTOR,128,1.3679557256706678,1.0385926014796727,0.07715076354453876,0.4803466796875
13,LONG_MISSING_BURSTS,GRU_ZERO_MOTOR,128,1.385807299914449,1.0443582300777312,0.08177178057657408,0.4803466796875
13,LONG_MISSING_BURSTS,GRU_ACTION_COPY,128,1.3734793536336225,1.0423805397322052,0.07785111320481608,0.4803466796875
13,LONG_MISSING_BURSTS,GRU_YOKED_MOTOR,128,1.3994094727659983,1.049204567440498,0.08196704204517656,0.4803466796875
13,LOW_MISSING,GRU_SELF_MOTOR,128,0.553808278232187,0.6818878158717177,0.0865267973698381,0.2421875
13,LOW_MISSING,GRU_ZERO_MOTOR,128,0.5376042067853737,0.6714628027617981,0.09074062759145651,0.2421875
13,LOW_MISSING,GRU_ACTION_COPY,128,0.5468365937685675,0.6791749677333616,0.08652562887806137,0.2421875
13,LOW_MISSING,GRU_YOKED_MOTOR,128,0.5407742053518563,0.6731935962166455,0.09087305315126493,0.2421875
13,FAST_TARGET,GRU_SELF_MOTOR,128,0.43380788895420563,0.6297072035166538,0.05288289199393373,0.4996337890625
13,FAST_TARGET,GRU_ZERO_MOTOR,128,0.43614382472373636,0.6305071085436698,0.056082392711317264,0.4996337890625
13,FAST_TARGET,GRU_ACTION_COPY,128,0.43600062431908115,0.6316321513419324,0.053295496777694074,0.4996337890625
13,FAST_TARGET,GRU_YOKED_MOTOR,128,0.44148642938722804,0.6339706973465773,0.05651412379231213,0.4996337890625
14,TRAIN_LIKE,GRU_SELF_MOTOR,128,0.8711582050192241,0.8864004020843614,0.06963471861592686,0.500732421875
14,TRAIN_LIKE,GRU_ZERO_MOTOR,128,0.8026260128894986,0.8547031351705936,0.07625912860947878,0.500732421875
14,TRAIN_LIKE,GRU_ACTION_COPY,128,0.8344351683164435,0.8710205287881698,0.07210160734006446,0.500732421875
14,TRAIN_LIKE,GRU_YOKED_MOTOR,128,0.8121615130134029,0.8602862883642854,0.0764085545946542,0.500732421875
14,LONG_MISSING_BURSTS,GRU_SELF_MOTOR,128,1.6421929067844885,1.137195919658724,0.07369915211278805,0.5001220703125
14,LONG_MISSING_BURSTS,GRU_ZERO_MOTOR,128,1.609724359216917,1.125929750558262,0.08273612425855316,0.5001220703125
14,LONG_MISSING_BURSTS,GRU_ACTION_COPY,128,1.624867715777932,1.1334843040863756,0.07727082985118333,0.5001220703125
14,LONG_MISSING_BURSTS,GRU_YOKED_MOTOR,128,1.5958569183736147,1.124314901410657,0.08254012315642714,0.5001220703125
14,LOW_MISSING,GRU_SELF_MOTOR,128,0.5645472753303267,0.7137607754697801,0.0800424659947079,0.2557373046875
14,LOW_MISSING,GRU_ZERO_MOTOR,128,0.531339988504935,0.6939172611593789,0.0903776596262689,0.2557373046875
14,LOW_MISSING,GRU_ACTION_COPY,128,0.5611268063496349,0.7135630657030122,0.08592961554924132,0.2557373046875
14,LOW_MISSING,GRU_YOKED_MOTOR,128,0.5301666759590553,0.6929648630755402,0.08969050424598606,0.2557373046875
14,FAST_TARGET,GRU_SELF_MOTOR,128,0.4735723093593647,0.6598572763262462,0.04530730596141292,0.5067138671875
14,FAST_TARGET,GRU_ZERO_MOTOR,128,0.44061431799475614,0.6410562363743706,0.05291335972682589,0.5067138671875
14,FAST_TARGET,GRU_ACTION_COPY,128,0.45816070324489466,0.6534229107992942,0.049517998007289225,0.5067138671875
14,FAST_TARGET,GRU_YOKED_MOTOR,128,0.4427909047981534,0.6425519911671983,0.052532816561919715,0.5067138671875
15,TRAIN_LIKE,GRU_SELF_MOTOR,128,0.8003705029419785,0.8400216462331466,0.07244114828045917,0.5010986328125
15,TRAIN_LIKE,GRU_ZERO_MOTOR,128,0.7826378868049906,0.8329617192830792,0.07674589218213246,0.5010986328125
15,TRAIN_LIKE,GRU_ACTION_COPY,128,0.7787078090863417,0.8293882660920563,0.07675946443132609,0.5010986328125
15,TRAIN_LIKE,GRU_YOKED_MOTOR,128,0.7884552114916428,0.8355404206432391,0.07637680673488317,0.5010986328125
15,LONG_MISSING_BURSTS,GRU_SELF_MOTOR,128,2.1196726616408617,1.2944812009759148,0.08546759158228726,0.5284423828125
15,LONG_MISSING_BURSTS,GRU_ZERO_MOTOR,128,2.0801724926589245,1.2836383608231885,0.08977819438785775,0.5284423828125
15,LONG_MISSING_BURSTS,GRU_ACTION_COPY,128,2.0708210082161704,1.2744102657465382,0.08986568701640174,0.5284423828125
15,LONG_MISSING_BURSTS,GRU_YOKED_MOTOR,128,2.103571128112076,1.2898033460266511,0.08938891354249234,0.5284423828125
15,LOW_MISSING,GRU_SELF_MOTOR,128,0.648787262958944,0.7343796411955801,0.08380616524534164,0.2640380859375
15,LOW_MISSING,GRU_ZERO_MOTOR,128,0.6289075834124858,0.7246384068566247,0.08907370548498483,0.2640380859375
15,LOW_MISSING,GRU_ACTION_COPY,128,0.6266172549676671,0.7224900094936288,0.0904307172019937,0.2640380859375
15,LOW_MISSING,GRU_YOKED_MOTOR,128,0.6328682010211351,0.7258488387862134,0.08839113598169623,0.2640380859375
15,FAST_TARGET,GRU_SELF_MOTOR,128,0.43696246153469487,0.6357345141436181,0.05292589654212443,0.4893798828125
15,FAST_TARGET,GRU_ZERO_MOTOR,128,0.4442970899142311,0.6419247843850333,0.05794647679153056,0.4893798828125
15,FAST_TARGET,GRU_ACTION_COPY,128,0.4224243504777023,0.6265903170886035,0.057747161003516956,0.4893798828125
15,FAST_TARGET,GRU_YOKED_MOTOR,128,0.44532114816751767,0.6430481084745707,0.0575790665004125,0.4893798828125
16,TRAIN_LIKE,GRU_SELF_MOTOR,128,0.8862232388144093,0.8708285282649226,0.07338982688498127,0.51611328125
16,TRAIN_LIKE,GRU_ZERO_MOTOR,128,0.852634358019201,0.854568465440607,0.07655363426365136,0.51611328125
16,TRAIN_LIKE,GRU_ACTION_COPY,128,0.8693738969437717,0.865157141171762,0.07717351799380648,0.51611328125
16,TRAIN_LIKE,GRU_YOKED_MOTOR,128,0.8517825008427578,0.8540217023460821,0.0763094481235439,0.51611328125
16,LONG_MISSING_BURSTS,GRU_SELF_MOTOR,128,1.2691979341289308,1.0320067619292066,0.08042734529764728,0.4752197265625
16,LONG_MISSING_BURSTS,GRU_ZERO_MOTOR,128,1.2449926435806962,1.0155854981704668,0.08372962518388855,0.4752197265625
16,LONG_MISSING_BURSTS,GRU_ACTION_COPY,128,1.2527063197113062,1.0277950988767697,0.08516285803802214,0.4752197265625
16,LONG_MISSING_BURSTS,GRU_YOKED_MOTOR,128,1.242174900358016,1.0142971766286961,0.08322167682685626,0.4752197265625
16,LOW_MISSING,GRU_SELF_MOTOR,128,0.5062561143200766,0.6717804737983646,0.08189481761306001,0.255859375
16,LOW_MISSING,GRU_ZERO_MOTOR,128,0.49037260983564024,0.659539911264563,0.08717142261996191,0.255859375
16,LOW_MISSING,GRU_ACTION_COPY,128,0.5110679094003301,0.6775085872228496,0.08906553848949977,0.255859375
16,LOW_MISSING,GRU_YOKED_MOTOR,128,0.49065457408473145,0.6597676781843046,0.08671616379564284,0.255859375
16,FAST_TARGET,GRU_SELF_MOTOR,128,0.4223776893633575,0.6270456934404111,0.049406355553715406,0.4923095703125
16,FAST_TARGET,GRU_ZERO_MOTOR,128,0.38792526312261066,0.6026274468342787,0.05155934935144764,0.4923095703125
16,FAST_TARGET,GRU_ACTION_COPY,128,0.4253026425778237,0.6298779546363058,0.054361529118616775,0.4923095703125
16,FAST_TARGET,GRU_YOKED_MOTOR,128,0.3852206961791995,0.6005182598497223,0.05130988249905169,0.4923095703125
17,TRAIN_LIKE,GRU_SELF_MOTOR,128,1.041990381548326,0.9282807732725431,0.07469372142035952,0.5015869140625
17,TRAIN_LIKE,GRU_ZERO_MOTOR,128,0.9628516565725163,0.8960519316244673,0.073224760507378,0.5015869140625
17,TRAIN_LIKE,GRU_ACTION_COPY,128,0.9948753012219083,0.9117490247008337,0.08015187217445628,0.5015869140625
17,TRAIN_LIKE,GRU_YOKED_MOTOR,128,0.9875403992002707,0.9071826591690445,0.07345810787891424,0.5015869140625
17,LONG_MISSING_BURSTS,GRU_SELF_MOTOR,128,1.8957710069182552,1.2102276357144635,0.07623065541207197,0.525390625
17,LONG_MISSING_BURSTS,GRU_ZERO_MOTOR,128,1.7847839521366788,1.169607260567746,0.07551285805192737,0.525390625
17,LONG_MISSING_BURSTS,GRU_ACTION_COPY,128,1.84898950221113,1.199979783240958,0.08075235883296651,0.525390625
17,LONG_MISSING_BURSTS,GRU_YOKED_MOTOR,128,1.79901929794491,1.1765871084787305,0.07528399689290394,0.525390625
17,LOW_MISSING,GRU_SELF_MOTOR,128,0.5042671764543449,0.6680567293767647,0.0776633196318818,0.2451171875
17,LOW_MISSING,GRU_ZERO_MOTOR,128,0.4680971323769275,0.6431320520790792,0.07714880108394984,0.2451171875
17,LOW_MISSING,GRU_ACTION_COPY,128,0.5256526779493305,0.6827057426102746,0.08742573842456622,0.2451171875
17,LOW_MISSING,GRU_YOKED_MOTOR,128,0.47600271600031674,0.64827553904554,0.07731390337672878,0.2451171875
17,FAST_TARGET,GRU_SELF_MOTOR,128,0.5096403748165992,0.6858796629390775,0.05254529303245093,0.5072021484375
17,FAST_TARGET,GRU_ZERO_MOTOR,128,0.40950596371977177,0.6196554691725229,0.0490955291025425,0.5072021484375
17,FAST_TARGET,GRU_ACTION_COPY,128,0.494931164292554,0.6798440903516281,0.058345698991174505,0.5072021484375
17,FAST_TARGET,GRU_YOKED_MOTOR,128,0.40726001466619066,0.6187684406289351,0.048829535600244056,0.5072021484375
18,TRAIN_LIKE,GRU_SELF_MOTOR,128,0.7975127646194395,0.8400639083651326,0.09484341785764802,0.50439453125
18,TRAIN_LIKE,GRU_ZERO_MOTOR,128,0.7795087853969724,0.8286364676978222,0.092231414641474,0.50439453125
18,TRAIN_LIKE,GRU_ACTION_COPY,128,0.7862113327630327,0.8315758505892709,0.09235859757262838,0.50439453125
18,TRAIN_LIKE,GRU_YOKED_MOTOR,128,0.7815116390331323,0.8303061383652748,0.09284717696524339,0.50439453125
18,LONG_MISSING_BURSTS,GRU_SELF_MOTOR,128,1.2739371724289579,1.0197144529827877,0.097447495881581,0.4873046875
18,LONG_MISSING_BURSTS,GRU_ZERO_MOTOR,128,1.2739353370722295,1.0161894458484722,0.09683627813166296,0.4873046875
18,LONG_MISSING_BURSTS,GRU_ACTION_COPY,128,1.2926844877286552,1.0220338162980134,0.09561584030915848,0.4873046875
18,LONG_MISSING_BURSTS,GRU_YOKED_MOTOR,128,1.2771908191272638,1.0175395341228906,0.09739508395452742,0.4873046875
18,LOW_MISSING,GRU_SELF_MOTOR,128,0.47498610955721854,0.6423212451033469,0.10525848506019142,0.250244140625
18,LOW_MISSING,GRU_ZERO_MOTOR,128,0.4692873451883548,0.6360289724283257,0.10372647555061454,0.250244140625
18,LOW_MISSING,GRU_ACTION_COPY,128,0.4694640605094128,0.6369739881831453,0.10205734604100515,0.250244140625
18,LOW_MISSING,GRU_YOKED_MOTOR,128,0.47361689434143006,0.6399303571706407,0.1048666490267228,0.250244140625
18,FAST_TARGET,GRU_SELF_MOTOR,128,0.3495274969974911,0.5684250319788746,0.06489512847637824,0.4964599609375
18,FAST_TARGET,GRU_ZERO_MOTOR,128,0.35189150641859257,0.570155347309166,0.06403045113128858,0.4964599609375
18,FAST_TARGET,GRU_ACTION_COPY,128,0.34967203713757566,0.5688230416707567,0.0634975411276962,0.4964599609375
18,FAST_TARGET,GRU_YOKED_MOTOR,128,0.3547973078756437,0.572405825392578,0.0647885074567637,0.4964599609375
19,TRAIN_LIKE,GRU_SELF_MOTOR,128,1.1321506006517161,0.9784856426596673,0.07956438195439619,0.4990234375
19,TRAIN_LIKE,GRU_ZERO_MOTOR,128,1.1129257082394566,0.9696858890578604,0.07966025502256494,0.4990234375
19,TRAIN_LIKE,GRU_ACTION_COPY,128,1.1303010158615168,0.9778319815021421,0.07986382057637004,0.4990234375
19,TRAIN_LIKE,GRU_YOKED_MOTOR,128,1.1448814455433296,0.9824470372709919,0.07934721528367522,0.4990234375
19,LONG_MISSING_BURSTS,GRU_SELF_MOTOR,128,1.9346909533429173,1.2133652584366763,0.07658917787538815,0.4993896484375
19,LONG_MISSING_BURSTS,GRU_ZERO_MOTOR,128,1.921249740779869,1.2032337273279383,0.07633913251235286,0.4993896484375
19,LONG_MISSING_BURSTS,GRU_ACTION_COPY,128,1.9196536323104563,1.2100587421351023,0.07652711540608491,0.4993896484375
19,LONG_MISSING_BURSTS,GRU_YOKED_MOTOR,128,1.9370630679927343,1.210132444885732,0.07567989366550562,0.4993896484375
19,LOW_MISSING,GRU_SELF_MOTOR,128,0.5534899016355717,0.7049403578846978,0.08325445230593057,0.2548828125
19,LOW_MISSING,GRU_ZERO_MOTOR,128,0.5541661960954041,0.702942645276079,0.08324354774953849,0.2548828125
19,LOW_MISSING,GRU_ACTION_COPY,128,0.5584465550121293,0.7067911641128575,0.0829552367870988,0.2548828125
19,LOW_MISSING,GRU_YOKED_MOTOR,128,0.5568681616497477,0.7046296203709828,0.08242589150072593,0.2548828125
19,FAST_TARGET,GRU_SELF_MOTOR,128,0.4791661590305144,0.6635599718860339,0.05059487563572232,0.50537109375
19,FAST_TARGET,GRU_ZERO_MOTOR,128,0.48171141473140455,0.6645801636170235,0.05060914713324787,0.50537109375
19,FAST_TARGET,GRU_ACTION_COPY,128,0.4861451811787798,0.6670620862557084,0.050505146506071574,0.50537109375
19,FAST_TARGET,GRU_YOKED_MOTOR,128,0.48358784947415767,0.6660622469821528,0.05015055818534642,0.50537109375
20,TRAIN_LIKE,GRU_SELF_MOTOR,128,0.7820630523896916,0.8241521389695226,0.08125951377915336,0.4915771484375
20,TRAIN_LIKE,GRU_ZERO_MOTOR,128,0.7659929331656574,0.8163323181075443,0.08483820513431661,0.4915771484375
20,TRAIN_LIKE,GRU_ACTION_COPY,128,0.7726459801259988,0.8192904543426476,0.08310108263873217,0.4915771484375
20,TRAIN_LIKE,GRU_YOKED_MOTOR,128,0.7615368118394894,0.8147129721038033,0.08445528668240386,0.4915771484375
20,LONG_MISSING_BURSTS,GRU_SELF_MOTOR,128,1.5667699459215647,1.1102270768961495,0.08633651043072575,0.494140625
20,LONG_MISSING_BURSTS,GRU_ZERO_MOTOR,128,1.5662489817144305,1.109035527073764,0.09057773637897712,0.494140625
20,LONG_MISSING_BURSTS,GRU_ACTION_COPY,128,1.579900737320317,1.1132992339786412,0.0887420074876955,0.494140625
20,LONG_MISSING_BURSTS,GRU_YOKED_MOTOR,128,1.561318600655417,1.1085812663354755,0.09049054791697857,0.494140625
20,LOW_MISSING,GRU_SELF_MOTOR,128,0.4577808314572911,0.6320778856837084,0.08861178917203565,0.2432861328125
20,LOW_MISSING,GRU_ZERO_MOTOR,128,0.4440773095626668,0.6238076453718335,0.09291548871673952,0.2432861328125
20,LOW_MISSING,GRU_ACTION_COPY,128,0.4496771349026605,0.6288000696694329,0.09195686935671776,0.2432861328125
20,LOW_MISSING,GRU_YOKED_MOTOR,128,0.44261591030021696,0.6222951398613019,0.09263171417600136,0.2432861328125
20,FAST_TARGET,GRU_SELF_MOTOR,128,0.36167164567790433,0.5782195558542962,0.05220553536478584,0.5003662109375
20,FAST_TARGET,GRU_ZERO_MOTOR,128,0.3519341453025583,0.57165873812229,0.05513165325232328,0.5003662109375
20,FAST_TARGET,GRU_ACTION_COPY,128,0.3551736104021854,0.5741845274296437,0.05475210116892959,0.5003662109375
20,FAST_TARGET,GRU_YOKED_MOTOR,128,0.3508002172809388,0.5702693817100092,0.05503147989971681,0.5003662109375
21,TRAIN_LIKE,GRU_SELF_MOTOR,128,0.9211784398069219,0.8680466175929682,0.07999389570534299,0.5035400390625
21,TRAIN_LIKE,GRU_ZERO_MOTOR,128,0.9100092910520949,0.8620435902293307,0.08179550416501724,0.5035400390625
21,TRAIN_LIKE,GRU_ACTION_COPY,128,0.9330772551698527,0.8702028704411979,0.08149216766219802,0.5035400390625
21,TRAIN_LIKE,GRU_YOKED_MOTOR,128,0.9136389155510827,0.862214932857644,0.08203101314225619,0.5035400390625
21,LONG_MISSING_BURSTS,GRU_SELF_MOTOR,128,1.8437132556495381,1.2015484109746355,0.08679972184540036,0.519287109375
21,LONG_MISSING_BURSTS,GRU_ZERO_MOTOR,128,1.8391502097817853,1.199302638034446,0.08889638773244532,0.519287109375
21,LONG_MISSING_BURSTS,GRU_ACTION_COPY,128,1.856826991586844,1.2047433836431662,0.08861847587415683,0.519287109375
21,LONG_MISSING_BURSTS,GRU_YOKED_MOTOR,128,1.8456625488412377,1.2009650616253413,0.08874035261087267,0.519287109375
21,LOW_MISSING,GRU_SELF_MOTOR,128,0.4722143674310768,0.6490589499008278,0.08890254125904132,0.2449951171875
21,LOW_MISSING,GRU_ZERO_MOTOR,128,0.47288699780613896,0.6501778354805462,0.09198448381401891,0.2449951171875
21,LOW_MISSING,GRU_ACTION_COPY,128,0.48360132970615677,0.6572126500122285,0.09214395926122632,0.2449951171875
21,LOW_MISSING,GRU_YOKED_MOTOR,128,0.4727037400384325,0.649826999129421,0.09210115103108096,0.2449951171875
21,FAST_TARGET,GRU_SELF_MOTOR,128,0.4921183527062065,0.6570512774677971,0.05645965067339809,0.5078125
21,FAST_TARGET,GRU_ZERO_MOTOR,128,0.49560312973165666,0.6594170587115099,0.058613499307420325,0.5078125
21,FAST_TARGET,GRU_ACTION_COPY,128,0.5000651661439732,0.6625384958969253,0.058714701753389664,0.5078125
21,FAST_TARGET,GRU_YOKED_MOTOR,128,0.4956104244448711,0.6593804523387454,0.05890027796370417,0.5078125
22,TRAIN_LIKE,GRU_SELF_MOTOR,128,0.8592919656980254,0.8735920283586763,0.07678466378343235,0.506591796875
22,TRAIN_LIKE,GRU_ZERO_MOTOR,128,0.8346196781430448,0.8579528032468532,0.07875459159575188,0.506591796875
22,TRAIN_LIKE,GRU_ACTION_COPY,128,0.8614443494056694,0.8750945858569974,0.07983614089974389,0.506591796875
22,TRAIN_LIKE,GRU_YOKED_MOTOR,128,0.8360622214697333,0.8589476257449726,0.07852183326784577,0.506591796875
22,LONG_MISSING_BURSTS,GRU_SELF_MOTOR,128,2.0414869186552815,1.2506612370701995,0.07838293724963366,0.54296875
22,LONG_MISSING_BURSTS,GRU_ZERO_MOTOR,128,1.9974923208158302,1.2319659742246236,0.08072965678611874,0.54296875
22,LONG_MISSING_BURSTS,GRU_ACTION_COPY,128,2.004572641862187,1.2369595335197667,0.08113888068058245,0.54296875
22,LONG_MISSING_BURSTS,GRU_YOKED_MOTOR,128,2.0150609490404765,1.2381632542128629,0.08058360481641796,0.54296875
22,LOW_MISSING,GRU_SELF_MOTOR,128,0.5676126983497838,0.7063046674539204,0.09127219421105048,0.2498779296875
22,LOW_MISSING,GRU_ZERO_MOTOR,128,0.5325684680981553,0.6840594673918403,0.0934517745584631,0.2498779296875
22,LOW_MISSING,GRU_ACTION_COPY,128,0.5720087876820454,0.7116817438074612,0.097705014584611,0.2498779296875
22,LOW_MISSING,GRU_YOKED_MOTOR,128,0.5366053204981676,0.6838269671970383,0.09252446512728768,0.2498779296875
22,FAST_TARGET,GRU_SELF_MOTOR,128,0.4266965498237084,0.6270560408611727,0.054874476411316576,0.49658203125
22,FAST_TARGET,GRU_ZERO_MOTOR,128,0.3999155268285115,0.6089553289509599,0.056856598184989976,0.49658203125
22,FAST_TARGET,GRU_ACTION_COPY,128,0.4297225800775397,0.6326016084857977,0.06009303535382171,0.49658203125
22,FAST_TARGET,GRU_YOKED_MOTOR,128,0.39984504519537056,0.6088131854702103,0.05670082252499714,0.49658203125
23,TRAIN_LIKE,GRU_SELF_MOTOR,128,0.9618595685976157,0.8933357931860342,0.07981314033886512,0.5123291015625
23,TRAIN_LIKE,GRU_ZERO_MOTOR,128,0.92625198960655,0.8837201526418438,0.0839211224271596,0.5123291015625
23,TRAIN_LIKE,GRU_ACTION_COPY,128,0.9543525792126857,0.8934092870519763,0.08276146109717401,0.5123291015625
23,TRAIN_LIKE,GRU_YOKED_MOTOR,128,0.9448740972501635,0.8886648735122202,0.08334560489440715,0.5123291015625
23,LONG_MISSING_BURSTS,GRU_SELF_MOTOR,128,1.4139876864043488,1.1053342490303255,0.08941652617284634,0.4991455078125
23,LONG_MISSING_BURSTS,GRU_ZERO_MOTOR,128,1.4075421171647369,1.1041944652197966,0.09409297901387376,0.4991455078125
23,LONG_MISSING_BURSTS,GRU_ACTION_COPY,128,1.4328031228508662,1.111940299798524,0.09252858715450668,0.4991455078125
23,LONG_MISSING_BURSTS,GRU_YOKED_MOTOR,128,1.4368568485999043,1.1118383460740617,0.09395988554523521,0.4991455078125
23,LOW_MISSING,GRU_SELF_MOTOR,128,0.4715375258448322,0.6481605234422925,0.08994278781162601,0.2423095703125
23,LOW_MISSING,GRU_ZERO_MOTOR,128,0.4737586383257999,0.6492669634694062,0.09652560066233634,0.2423095703125
23,LOW_MISSING,GRU_ACTION_COPY,128,0.4826366054299136,0.6558632757250344,0.09538734594737369,0.2423095703125
23,LOW_MISSING,GRU_YOKED_MOTOR,128,0.47949432611520915,0.65307261041796,0.09628615988225389,0.2423095703125
23,FAST_TARGET,GRU_SELF_MOTOR,128,0.46793404573830594,0.6497476907019231,0.05451577708996952,0.5059814453125
23,FAST_TARGET,GRU_ZERO_MOTOR,128,0.4716306404569841,0.6533479244782148,0.05892337258448754,0.5059814453125
23,FAST_TARGET,GRU_ACTION_COPY,128,0.4784481682425259,0.6585865320199398,0.05832952038526573,0.5059814453125
23,FAST_TARGET,GRU_YOKED_MOTOR,128,0.4664582907016883,0.6512282307929869,0.05829307546289028,0.5059814453125
24,TRAIN_LIKE,GRU_SELF_MOTOR,128,0.940522719616322,0.8946330981644401,0.07671893347825683,0.509521484375
24,TRAIN_LIKE,GRU_ZERO_MOTOR,128,0.9551529548637134,0.9008620516434853,0.0775354048869184,0.509521484375
24,TRAIN_LIKE,GRU_ACTION_COPY,128,0.9390195155194077,0.8954943242719873,0.07908123564375613,0.509521484375
24,TRAIN_LIKE,GRU_YOKED_MOTOR,128,0.9582548310086274,0.9025151720269153,0.07751203233650947,0.509521484375
24,LONG_MISSING_BURSTS,GRU_SELF_MOTOR,128,1.8687565598182285,1.1874907613752281,0.0842477311003228,0.4979248046875
24,LONG_MISSING_BURSTS,GRU_ZERO_MOTOR,128,1.8257250960706308,1.1790035541595785,0.08464814827488838,0.4979248046875
24,LONG_MISSING_BURSTS,GRU_ACTION_COPY,128,1.8656256745104747,1.1890016100312917,0.08673572681832697,0.4979248046875
24,LONG_MISSING_BURSTS,GRU_YOKED_MOTOR,128,1.8335455407396388,1.1810512693633062,0.0846590510494335,0.4979248046875
24,LOW_MISSING,GRU_SELF_MOTOR,128,0.5627984253937441,0.7046415234601777,0.09051667862366816,0.26171875
24,LOW_MISSING,GRU_ZERO_MOTOR,128,0.5608826267229436,0.7040350085126164,0.09093972565788605,0.26171875
24,LOW_MISSING,GRU_ACTION_COPY,128,0.5692840165931807,0.7076953219495885,0.09360720620967355,0.26171875
24,LOW_MISSING,GRU_YOKED_MOTOR,128,0.5609899652619474,0.7045062644031803,0.09075687614209249,0.26171875
24,FAST_TARGET,GRU_SELF_MOTOR,128,0.38378503035279854,0.5982249467230971,0.05298934112973225,0.4996337890625
24,FAST_TARGET,GRU_ZERO_MOTOR,128,0.3953991141828803,0.6072184013097148,0.05341169654074682,0.4996337890625
24,FAST_TARGET,GRU_ACTION_COPY,128,0.3851956620978152,0.5999322010261776,0.055586158682767825,0.4996337890625
24,FAST_TARGET,GRU_YOKED_MOTOR,128,0.3972142227289397,0.6089738283071608,0.05355575649364741,0.4996337890625
25,TRAIN_LIKE,GRU_SELF_MOTOR,128,0.8536490760993507,0.8684129879697061,0.07513593912341143,0.5078125
25,TRAIN_LIKE,GRU_ZERO_MOTOR,128,0.8096632393063983,0.8457520781838566,0.07735094546786944,0.5078125
25,TRAIN_LIKE,GRU_ACTION_COPY,128,0.8392913120477051,0.8615159035961109,0.07795650983094676,0.5078125
25,TRAIN_LIKE,GRU_YOKED_MOTOR,128,0.8090040572473871,0.8451801740118863,0.07687300521809931,0.5078125
25,LONG_MISSING_BURSTS,GRU_SELF_MOTOR,128,1.6634604653524576,1.1406621537994153,0.08312192828376382,0.4949951171875
25,LONG_MISSING_BURSTS,GRU_ZERO_MOTOR,128,1.6432299629571752,1.1340239988301024,0.08656549233921634,0.4949951171875
25,LONG_MISSING_BURSTS,GRU_ACTION_COPY,128,1.6424564195509337,1.1366303486807587,0.08641902830623899,0.4949951171875
25,LONG_MISSING_BURSTS,GRU_YOKED_MOTOR,128,1.6402683930561834,1.134182341081574,0.08610164923120228,0.4949951171875
25,LOW_MISSING,GRU_SELF_MOTOR,128,0.5574202568678479,0.6983874993403338,0.08765097853072809,0.24951171875
25,LOW_MISSING,GRU_ZERO_MOTOR,128,0.5356878217698484,0.684406932876984,0.09177399182723195,0.24951171875
25,LOW_MISSING,GRU_ACTION_COPY,128,0.561396948545541,0.7009860406940527,0.0936792983530674,0.24951171875
25,LOW_MISSING,GRU_YOKED_MOTOR,128,0.5364103136773353,0.6848583315744463,0.09126775980259069,0.24951171875
25,FAST_TARGET,GRU_SELF_MOTOR,128,0.40661861309774183,0.6126204549942246,0.047512192952756535,0.5054931640625
25,FAST_TARGET,GRU_ZERO_MOTOR,128,0.3877435078421525,0.5988456644931548,0.04968159155633617,0.5054931640625
25,FAST_TARGET,GRU_ACTION_COPY,128,0.40259201297801717,0.6116322608846028,0.051296987248020245,0.5054931640625
25,FAST_TARGET,GRU_YOKED_MOTOR,128,0.3902777757425448,0.6001967994819342,0.049541192784506506,0.5054931640625
26,TRAIN_LIKE,GRU_SELF_MOTOR,128,0.7811897076109817,0.8300377380834595,0.07527298526953335,0.5135498046875
26,TRAIN_LIKE,GRU_ZERO_MOTOR,128,0.7778248395760947,0.8283589736407038,0.08015873793486972,0.5135498046875
26,TRAIN_LIKE,GRU_ACTION_COPY,128,0.7864406055126216,0.832424526466769,0.07603479129347722,0.5135498046875
26,TRAIN_LIKE,GRU_YOKED_MOTOR,128,0.7832244229270078,0.8317583348358798,0.08014929670857772,0.5135498046875
26,LONG_MISSING_BURSTS,GRU_SELF_MOTOR,128,1.4466134342983636,1.0869618130977328,0.08438271683969112,0.5072021484375
26,LONG_MISSING_BURSTS,GRU_ZERO_MOTOR,128,1.4117178178924936,1.077565141674277,0.08966947980712049,0.5072021484375
26,LONG_MISSING_BURSTS,GRU_ACTION_COPY,128,1.4408448354953451,1.0849666894113439,0.08506544073029162,0.5072021484375
26,LONG_MISSING_BURSTS,GRU_YOKED_MOTOR,128,1.4174156006989627,1.0801102580449844,0.08994650088354125,0.5072021484375
26,LOW_MISSING,GRU_SELF_MOTOR,128,0.48753240968992984,0.6573550584930038,0.08846212595226352,0.2427978515625
26,LOW_MISSING,GRU_ZERO_MOTOR,128,0.49543560828557176,0.6613188970861483,0.0954186975357919,0.2427978515625
26,LOW_MISSING,GRU_ACTION_COPY,128,0.49687462809913807,0.663350113417603,0.090255385320063,0.2427978515625
26,LOW_MISSING,GRU_YOKED_MOTOR,128,0.4930565377785392,0.6612808220843862,0.09537690198833629,0.2427978515625
26,FAST_TARGET,GRU_SELF_MOTOR,128,0.4522085975611132,0.6360849069238952,0.05223364244022823,0.50244140625
26,FAST_TARGET,GRU_ZERO_MOTOR,128,0.45753524640819077,0.640524832276425,0.05747570312350514,0.50244140625
26,FAST_TARGET,GRU_ACTION_COPY,128,0.4489206379196431,0.6353381789557868,0.05279113263360697,0.50244140625
26,FAST_TARGET,GRU_YOKED_MOTOR,128,0.4587327540938104,0.6416135350254238,0.057721843651947644,0.50244140625
27,TRAIN_LIKE,GRU_SELF_MOTOR,128,0.9974394736004165,0.9337394652288334,0.07590318057576062,0.50146484375
27,TRAIN_LIKE,GRU_ZERO_MOTOR,128,0.9843048155997867,0.9220368387580409,0.06825057042159757,0.50146484375
27,TRAIN_LIKE,GRU_ACTION_COPY,128,0.9795822969551664,0.9278656989912143,0.07585545318055287,0.50146484375
27,TRAIN_LIKE,GRU_YOKED_MOTOR,128,1.0090211760049765,0.9342278230613164,0.06991041001533763,0.50146484375
27,LONG_MISSING_BURSTS,GRU_SELF_MOTOR,128,1.6775727251180057,1.1786702907499946,0.07995732871639472,0.4940185546875
27,LONG_MISSING_BURSTS,GRU_ZERO_MOTOR,128,1.6233637343571594,1.1561508602209165,0.07105012341416513,0.4940185546875
27,LONG_MISSING_BURSTS,GRU_ACTION_COPY,128,1.6900417319010006,1.1782520889322736,0.0787427621990443,0.4940185546875
27,LONG_MISSING_BURSTS,GRU_YOKED_MOTOR,128,1.6235834029622196,1.1568372901581347,0.07131441454132528,0.4940185546875
27,LOW_MISSING,GRU_SELF_MOTOR,128,0.608813496591667,0.7413222650580866,0.09213858583625514,0.2513427734375
27,LOW_MISSING,GRU_ZERO_MOTOR,128,0.5670196733798605,0.7123481172262403,0.07964402302386844,0.2513427734375
27,LOW_MISSING,GRU_ACTION_COPY,128,0.6021780366984197,0.7401465724785212,0.09030673533985789,0.2513427734375
27,LOW_MISSING,GRU_YOKED_MOTOR,128,0.5771953883557992,0.7183424835418494,0.0800919978771877,0.2513427734375
27,FAST_TARGET,GRU_SELF_MOTOR,128,0.47895408711145215,0.6651033894078839,0.05196397056323146,0.4830322265625
27,FAST_TARGET,GRU_ZERO_MOTOR,128,0.4151700952572783,0.624776105390193,0.044016129561212036,0.4830322265625
27,FAST_TARGET,GRU_ACTION_COPY,128,0.4783813952210716,0.6647457621413317,0.0520376276940096,0.4830322265625
27,FAST_TARGET,GRU_YOKED_MOTOR,128,0.41992624121706396,0.6283708979787934,0.044759525646001275,0.4830322265625
28,TRAIN_LIKE,GRU_SELF_MOTOR,128,0.8788207922919025,0.874561758571089,0.08268193693645598,0.5069580078125
28,TRAIN_LIKE,GRU_ZERO_MOTOR,128,0.8582141495872324,0.8642266975521644,0.08230089222116233,0.5069580078125
28,TRAIN_LIKE,GRU_ACTION_COPY,128,0.873543780985357,0.8735005313387139,0.0834398436777407,0.5069580078125
28,TRAIN_LIKE,GRU_YOKED_MOTOR,128,0.8649136522834817,0.8685107776619081,0.08248795723192678,0.5069580078125
28,LONG_MISSING_BURSTS,GRU_SELF_MOTOR,128,1.7018822288159798,1.1532018773579829,0.08290673107180511,0.513671875
28,LONG_MISSING_BURSTS,GRU_ZERO_MOTOR,128,1.6972197411532122,1.1498755469158544,0.08300182958930291,0.513671875
28,LONG_MISSING_BURSTS,GRU_ACTION_COPY,128,1.7049374895464404,1.1520869491079255,0.08342586788071277,0.513671875
28,LONG_MISSING_BURSTS,GRU_YOKED_MOTOR,128,1.6992201593001508,1.1487406604658221,0.08273036624921959,0.513671875
28,LOW_MISSING,GRU_SELF_MOTOR,128,0.46909115425853765,0.6511518866271349,0.0880766389521254,0.2647705078125
28,LOW_MISSING,GRU_ZERO_MOTOR,128,0.45584964819337515,0.6423019135768201,0.0871796397364504,0.2647705078125
28,LOW_MISSING,GRU_ACTION_COPY,128,0.4759671964820819,0.6566540898404054,0.08969787386101571,0.2647705078125
28,LOW_MISSING,GRU_YOKED_MOTOR,128,0.4582310885648299,0.6436478171447513,0.08688310787501627,0.2647705078125
28,FAST_TARGET,GRU_SELF_MOTOR,128,0.42919071348598414,0.6244383153699709,0.05539884487541166,0.487060546875
28,FAST_TARGET,GRU_ZERO_MOTOR,128,0.40592252130629447,0.6064095129460467,0.05368886209410608,0.487060546875
28,FAST_TARGET,GRU_ACTION_COPY,128,0.42714205366980273,0.6229624456761385,0.055576718921746975,0.487060546875
28,FAST_TARGET,GRU_YOKED_MOTOR,128,0.40697366904749455,0.6071489112337307,0.05392178316159022,0.487060546875
29,TRAIN_LIKE,GRU_SELF_MOTOR,128,0.9108195185850061,0.8694782155489925,0.07739991784622666,0.5242919921875
29,TRAIN_LIKE,GRU_ZERO_MOTOR,128,0.8923113280432373,0.8578063100682454,0.07978778181746735,0.5242919921875
29,TRAIN_LIKE,GRU_ACTION_COPY,128,0.9154408819130495,0.8709884094706258,0.08107411338702505,0.5242919921875
29,TRAIN_LIKE,GRU_YOKED_MOTOR,128,0.9096626028001253,0.8644102072403204,0.07939958773303607,0.5242919921875
29,LONG_MISSING_BURSTS,GRU_SELF_MOTOR,128,1.14408219562511,0.9555801237151986,0.08269664842542068,0.4744873046875
29,LONG_MISSING_BURSTS,GRU_ZERO_MOTOR,128,1.1208788697868322,0.9411172676355244,0.08534822567222317,0.4744873046875
29,LONG_MISSING_BURSTS,GRU_ACTION_COPY,128,1.1291919236877561,0.949029791410871,0.0855221831252019,0.4744873046875
29,LONG_MISSING_BURSTS,GRU_YOKED_MOTOR,128,1.126027634547074,0.9435288051241274,0.08488368457191209,0.4744873046875
29,LOW_MISSING,GRU_SELF_MOTOR,128,0.41900830499805464,0.6074559067592112,0.08324534501450848,0.241455078125
29,LOW_MISSING,GRU_ZERO_MOTOR,128,0.40604227301163665,0.5963798051484936,0.08668426373518104,0.241455078125
29,LOW_MISSING,GRU_ACTION_COPY,128,0.4199953120923716,0.6091987120959688,0.08885389658431841,0.241455078125
29,LOW_MISSING,GRU_YOKED_MOTOR,128,0.4106029251478026,0.5983343424618437,0.08587005264352318,0.241455078125
29,FAST_TARGET,GRU_SELF_MOTOR,128,0.35087976660493414,0.5686492389326565,0.05156465047803038,0.498046875
29,FAST_TARGET,GRU_ZERO_MOTOR,128,0.3354502072468185,0.5562871112894574,0.053019932762700894,0.498046875
29,FAST_TARGET,GRU_ACTION_COPY,128,0.352993948757101,0.5714283657318291,0.05531635223979642,0.498046875
29,FAST_TARGET,GRU_YOKED_MOTOR,128,0.33497008033734255,0.5557794093527235,0.05235366435686173,0.498046875
30,TRAIN_LIKE,GRU_SELF_MOTOR,128,0.8553611988839254,0.8651255151626919,0.07992569361059443,0.5084228515625
30,TRAIN_LIKE,GRU_ZERO_MOTOR,128,0.8461748907606097,0.8613909726355411,0.08307394182885786,0.5084228515625
30,TRAIN_LIKE,GRU_ACTION_COPY,128,0.8449473946566943,0.861004665360726,0.08309345663232719,0.5084228515625
30,TRAIN_LIKE,GRU_YOKED_MOTOR,128,0.852794512714359,0.8635320248914391,0.08212450395921267,0.5084228515625
30,LONG_MISSING_BURSTS,GRU_SELF_MOTOR,128,1.5292813255335957,1.0519530814231044,0.08082110714222286,0.485107421875
30,LONG_MISSING_BURSTS,GRU_ZERO_MOTOR,128,1.5379765327701769,1.0509204150399598,0.08460478383560967,0.485107421875
30,LONG_MISSING_BURSTS,GRU_ACTION_COPY,128,1.5144654206521253,1.0491059024708476,0.08408064407934901,0.485107421875
30,LONG_MISSING_BURSTS,GRU_YOKED_MOTOR,128,1.4998498472253843,1.0435011558997374,0.0839941306915215,0.485107421875
30,LOW_MISSING,GRU_SELF_MOTOR,128,0.5378584627198904,0.6721549148801489,0.08725376439855026,0.24072265625
30,LOW_MISSING,GRU_ZERO_MOTOR,128,0.5362186303524723,0.6715799587715978,0.09157447157223497,0.24072265625
30,LOW_MISSING,GRU_ACTION_COPY,128,0.5399916479496643,0.6746648455190001,0.09209247657659733,0.24072265625
30,LOW_MISSING,GRU_YOKED_MOTOR,128,0.5374043489546376,0.6708092741228473,0.09026676396274885,0.24072265625
30,FAST_TARGET,GRU_SELF_MOTOR,128,0.4045604092813817,0.6032716287649071,0.055145607753115125,0.4881591796875
30,FAST_TARGET,GRU_ZERO_MOTOR,128,0.4033456044075705,0.6042237580635574,0.058455422898345474,0.4881591796875
30,FAST_TARGET,GRU_ACTION_COPY,128,0.39921380850954113,0.6009714750051207,0.05828492806772682,0.4881591796875
30,FAST_TARGET,GRU_YOKED_MOTOR,128,0.4026270016100164,0.6035621465654735,0.05776846398628677,0.4881591796875
31,TRAIN_LIKE,GRU_SELF_MOTOR,128,0.7741365383282182,0.8278980557224401,0.08167756338815689,0.50390625
31,TRAIN_LIKE,GRU_ZERO_MOTOR,128,0.7645121736275697,0.8254091520779048,0.0806567600615728,0.50390625
31,TRAIN_LIKE,GRU_ACTION_COPY,128,0.7748686284158137,0.8292593548949272,0.08283365595493407,0.50390625
31,TRAIN_LIKE,GRU_YOKED_MOTOR,128,0.7596830357488913,0.8252651642708551,0.07984777773264302,0.50390625
31,LONG_MISSING_BURSTS,GRU_SELF_MOTOR,128,1.7696292067653308,1.1833605930799775,0.08872138298800904,0.529296875
31,LONG_MISSING_BURSTS,GRU_ZERO_MOTOR,128,1.7595186786174455,1.1817795850016943,0.08724990431406335,0.529296875
31,LONG_MISSING_BURSTS,GRU_ACTION_COPY,128,1.7932200859927665,1.1904824608706854,0.09008745840950452,0.529296875
31,LONG_MISSING_BURSTS,GRU_YOKED_MOTOR,128,1.7768531629967868,1.1886420067677403,0.08763423021542863,0.529296875
31,LOW_MISSING,GRU_SELF_MOTOR,128,0.5189126007788403,0.6820804416096983,0.10010646781252833,0.2451171875
31,LOW_MISSING,GRU_ZERO_MOTOR,128,0.5167364629995196,0.6797512187216529,0.09839429241296599,0.2451171875
31,LOW_MISSING,GRU_ACTION_COPY,128,0.5173716419801979,0.6807411382606172,0.1012140003930716,0.2451171875
31,LOW_MISSING,GRU_YOKED_MOTOR,128,0.5223523064701325,0.6835149123519533,0.09837746589072693,0.2451171875
31,FAST_TARGET,GRU_SELF_MOTOR,128,0.4218961648305507,0.6227366312820157,0.05705370470625221,0.502685546875
31,FAST_TARGET,GRU_ZERO_MOTOR,128,0.4109875228701298,0.6149564888847237,0.05547622659717098,0.502685546875
31,FAST_TARGET,GRU_ACTION_COPY,128,0.42330702958274835,0.6237186306552605,0.05814430875325474,0.502685546875
31,FAST_TARGET,GRU_YOKED_MOTOR,128,0.408877325043675,0.6126026391209158,0.05515350608475474,0.502685546875
