seed_block,profile,arm,n_episodes,tracking_mse,command_energy,missing_fraction
0,TRAIN_LIKE,SELF_STATE,128,0.3639392612003982,0.055909805878104124,0.5025634765625
0,TRAIN_LIKE,ZERO_STATE,128,0.3581484481889703,0.056923728954735964,0.5025634765625
0,TRAIN_LIKE,ACTION_STATE,128,0.36509426803036915,0.05737361051910781,0.5025634765625
0,TRAIN_LIKE,YOKED_STATE,128,0.36455147520423953,0.05586848264128789,0.5025634765625
0,TRAIN_LIKE,REACTIVE,128,0.37964543298162035,0.043146058252273745,0.5025634765625
0,LONG_BURST,SELF_STATE,128,0.9408909753892036,0.0648486164413436,0.516357421875
0,LONG_BURST,ZERO_STATE,128,0.8680690907046017,0.06490727296298639,0.516357421875
0,LONG_BURST,ACTION_STATE,128,0.9496927240958997,0.06653253584808233,0.516357421875
0,LONG_BURST,YOKED_STATE,128,0.860566767759599,0.06353057497042106,0.516357421875
0,LONG_BURST,REACTIVE,128,0.796039111904997,0.04976503342702514,0.516357421875
0,LOW_MISSING,SELF_STATE,128,0.20079115874232337,0.054832876261884975,0.25390625
0,LOW_MISSING,ZERO_STATE,128,0.19106346390136816,0.056106899881887995,0.25390625
0,LOW_MISSING,ACTION_STATE,128,0.1997050859139684,0.056171959532458494,0.25390625
0,LOW_MISSING,YOKED_STATE,128,0.19785117164862578,0.05557717128260224,0.25390625
0,LOW_MISSING,REACTIVE,128,0.21598804779066366,0.0386924167162574,0.25390625
0,FAST_TARGET,SELF_STATE,128,0.18727158639550784,0.03729158593143507,0.4903564453125
0,FAST_TARGET,ZERO_STATE,128,0.16901651069158002,0.03656205777313397,0.4903564453125
0,FAST_TARGET,ACTION_STATE,128,0.1830588674174611,0.0379835872012967,0.4903564453125
0,FAST_TARGET,YOKED_STATE,128,0.17460958316979147,0.0359097001905769,0.4903564453125
0,FAST_TARGET,REACTIVE,128,0.13840108049885094,0.019606685959480966,0.4903564453125
1,TRAIN_LIKE,SELF_STATE,128,0.4124495677203559,0.05346118973734749,0.5045166015625
1,TRAIN_LIKE,ZERO_STATE,128,0.4323485750444918,0.05522962726446026,0.5045166015625
1,TRAIN_LIKE,ACTION_STATE,128,0.41321734970802315,0.053029669859149996,0.5045166015625
1,TRAIN_LIKE,YOKED_STATE,128,0.43947905760215017,0.05429213335644588,0.5045166015625
1,TRAIN_LIKE,REACTIVE,128,0.44862893174743695,0.048405747408496375,0.5045166015625
1,LONG_BURST,SELF_STATE,128,0.9771976966552919,0.0542817368122269,0.5062255859375
1,LONG_BURST,ZERO_STATE,128,1.0641893584536792,0.05628774292484628,0.5062255859375
1,LONG_BURST,ACTION_STATE,128,1.0204309842476476,0.05453064661026954,0.5062255859375
1,LONG_BURST,YOKED_STATE,128,1.101769523859055,0.05602534232372001,0.5062255859375
1,LONG_BURST,REACTIVE,128,1.1476714526449918,0.04763207688260974,0.5062255859375
1,LOW_MISSING,SELF_STATE,128,0.1847686796408864,0.04571838240302257,0.2447509765625
1,LOW_MISSING,ZERO_STATE,128,0.20036406011884494,0.050769057669027194,0.2447509765625
1,LOW_MISSING,ACTION_STATE,128,0.18526653563331702,0.04461139509999388,0.2447509765625
1,LOW_MISSING,YOKED_STATE,128,0.2057458247392599,0.05093271253138571,0.2447509765625
1,LOW_MISSING,REACTIVE,128,0.19448591553083058,0.037050298703023093,0.2447509765625
1,FAST_TARGET,SELF_STATE,128,0.159416386696001,0.02792591065343808,0.492431640625
1,FAST_TARGET,ZERO_STATE,128,0.18388464868767349,0.03258939828320441,0.492431640625
1,FAST_TARGET,ACTION_STATE,128,0.1651788526472246,0.028480697910928613,0.492431640625
1,FAST_TARGET,YOKED_STATE,128,0.19712408018392447,0.033226764729136174,0.492431640625
1,FAST_TARGET,REACTIVE,128,0.1412219844111195,0.020040873686589404,0.492431640625
2,TRAIN_LIKE,SELF_STATE,128,0.29436866483097107,0.05548610111393803,0.4998779296875
2,TRAIN_LIKE,ZERO_STATE,128,0.3111320629709652,0.0552692518168568,0.4998779296875
2,TRAIN_LIKE,ACTION_STATE,128,0.29651440062251466,0.06002802765961919,0.4998779296875
2,TRAIN_LIKE,YOKED_STATE,128,0.3202823896918012,0.056469950962990595,0.4998779296875
2,TRAIN_LIKE,REACTIVE,128,0.3894652922289645,0.04716924636339763,0.4998779296875
2,LONG_BURST,SELF_STATE,128,0.934659156646209,0.06420318681798799,0.4715576171875
2,LONG_BURST,ZERO_STATE,128,0.841259998813137,0.060493242247418776,0.4715576171875
2,LONG_BURST,ACTION_STATE,128,0.8708793094001891,0.06777401267041483,0.4715576171875
2,LONG_BURST,YOKED_STATE,128,0.8947201686141515,0.06173705310592187,0.4715576171875
2,LONG_BURST,REACTIVE,128,0.9371841818205737,0.04914800801358693,0.4715576171875
2,LOW_MISSING,SELF_STATE,128,0.1675346797071858,0.05006365417962859,0.24072265625
2,LOW_MISSING,ZERO_STATE,128,0.16966766909218678,0.05146580526735413,0.24072265625
2,LOW_MISSING,ACTION_STATE,128,0.16771166467686646,0.05505916847951411,0.24072265625
2,LOW_MISSING,YOKED_STATE,128,0.1751935528914642,0.052905943809605296,0.24072265625
2,LOW_MISSING,REACTIVE,128,0.18743632626850998,0.03466117455109956,0.24072265625
2,FAST_TARGET,SELF_STATE,128,0.18789543425697192,0.03580189758986166,0.494140625
2,FAST_TARGET,ZERO_STATE,128,0.17416900426024845,0.03563313142440712,0.494140625
2,FAST_TARGET,ACTION_STATE,128,0.18415011185010935,0.0404369037146014,0.494140625
2,FAST_TARGET,YOKED_STATE,128,0.17330322912699414,0.03643787669029766,0.494140625
2,FAST_TARGET,REACTIVE,128,0.1593241180751638,0.020886208241843784,0.494140625
3,TRAIN_LIKE,SELF_STATE,128,0.39010707843920234,0.059032912071404986,0.5078125
3,TRAIN_LIKE,ZERO_STATE,128,0.38950504248191187,0.06068902537219753,0.5078125
3,TRAIN_LIKE,ACTION_STATE,128,0.39736557204553125,0.059361229155956895,0.5078125
3,TRAIN_LIKE,YOKED_STATE,128,0.4058564516754033,0.059494919644198646,0.5078125
3,TRAIN_LIKE,REACTIVE,128,0.4350870450728145,0.04674459655641449,0.5078125
3,LONG_BURST,SELF_STATE,128,0.8285009280877365,0.06258336376104177,0.492919921875
3,LONG_BURST,ZERO_STATE,128,0.8434351031091357,0.0638293401558789,0.492919921875
3,LONG_BURST,ACTION_STATE,128,0.8720660465746701,0.06342230818839371,0.492919921875
3,LONG_BURST,YOKED_STATE,128,0.867326995388064,0.06304093697418711,0.492919921875
3,LONG_BURST,REACTIVE,128,0.9377039887972916,0.046091924256848785,0.492919921875
3,LOW_MISSING,SELF_STATE,128,0.21729135861293647,0.05845458939668041,0.2537841796875
3,LOW_MISSING,ZERO_STATE,128,0.2218344130429531,0.06090197862280909,0.2537841796875
3,LOW_MISSING,ACTION_STATE,128,0.22833237644743165,0.06011298594561604,0.2537841796875
3,LOW_MISSING,YOKED_STATE,128,0.22473250749582976,0.05965577647474624,0.2537841796875
3,LOW_MISSING,REACTIVE,128,0.245634229046369,0.04113773589786136,0.2537841796875
3,FAST_TARGET,SELF_STATE,128,0.14804054282351134,0.0334650210613963,0.4749755859375
3,FAST_TARGET,ZERO_STATE,128,0.1417645970838678,0.034781925415838306,0.4749755859375
3,FAST_TARGET,ACTION_STATE,128,0.15290737890475994,0.03489397713092135,0.4749755859375
3,FAST_TARGET,YOKED_STATE,128,0.14770485306183562,0.034000073019626764,0.4749755859375
3,FAST_TARGET,REACTIVE,128,0.12620644718945756,0.02030432364415706,0.4749755859375
4,TRAIN_LIKE,SELF_STATE,128,0.361324243967801,0.05109495953846823,0.493408203125
4,TRAIN_LIKE,ZERO_STATE,128,0.35846443439751463,0.059099700509077965,0.493408203125
4,TRAIN_LIKE,ACTION_STATE,128,0.35845173502688843,0.048226856053900674,0.493408203125
4,TRAIN_LIKE,YOKED_STATE,128,0.36474082406859326,0.05516323575410957,0.493408203125
4,TRAIN_LIKE,REACTIVE,128,0.4053162676323685,0.04299773760801562,0.493408203125
4,LONG_BURST,SELF_STATE,128,0.9017921480649158,0.05813756412720829,0.507568359375
4,LONG_BURST,ZERO_STATE,128,0.8609736869575209,0.06708054176024882,0.507568359375
4,LONG_BURST,ACTION_STATE,128,0.902889663155837,0.05544990246162226,0.507568359375
4,LONG_BURST,YOKED_STATE,128,0.8607611120604304,0.06283836894334968,0.507568359375
4,LONG_BURST,REACTIVE,128,0.8532646051953662,0.04802980117603496,0.507568359375
4,LOW_MISSING,SELF_STATE,128,0.198848779529811,0.05373993904153555,0.265625
4,LOW_MISSING,ZERO_STATE,128,0.20536632393437748,0.06321019034366678,0.265625
4,LOW_MISSING,ACTION_STATE,128,0.21012878116779524,0.05101417679240057,0.265625
4,LOW_MISSING,YOKED_STATE,128,0.2102151062678433,0.05891114591662058,0.265625
4,LOW_MISSING,REACTIVE,128,0.2407680853207924,0.04051844184250196,0.265625
4,FAST_TARGET,SELF_STATE,128,0.17937779528233053,0.03309917834780711,0.4940185546875
4,FAST_TARGET,ZERO_STATE,128,0.17662276881910605,0.040585572664966076,0.4940185546875
4,FAST_TARGET,ACTION_STATE,128,0.17661562062963662,0.03105226896499778,0.4940185546875
4,FAST_TARGET,YOKED_STATE,128,0.1833869264082637,0.037324114171309694,0.4940185546875
4,FAST_TARGET,REACTIVE,128,0.14796706019044242,0.019977984741973254,0.4940185546875
5,TRAIN_LIKE,SELF_STATE,128,0.3892576584157421,0.047010690314746494,0.5068359375
5,TRAIN_LIKE,ZERO_STATE,128,0.40065289622979255,0.04936576581659363,0.5068359375
5,TRAIN_LIKE,ACTION_STATE,128,0.3928967825519477,0.04961587745431301,0.5068359375
5,TRAIN_LIKE,YOKED_STATE,128,0.4084087105751534,0.04861992815201114,0.5068359375
5,TRAIN_LIKE,REACTIVE,128,0.46476931188466,0.04582894854467769,0.5068359375
5,LONG_BURST,SELF_STATE,128,0.6903587700129008,0.05292338690970548,0.522216796875
5,LONG_BURST,ZERO_STATE,128,0.6966695246843423,0.05526738822720361,0.522216796875
5,LONG_BURST,ACTION_STATE,128,0.7012405678293623,0.05601112339905537,0.522216796875
5,LONG_BURST,YOKED_STATE,128,0.702829782212083,0.05468830112325587,0.522216796875
5,LONG_BURST,REACTIVE,128,0.7668738790997018,0.0495125706226027,0.522216796875
5,LOW_MISSING,SELF_STATE,128,0.1976008602043286,0.05014348628047895,0.2470703125
5,LOW_MISSING,ZERO_STATE,128,0.19809236932540897,0.05278358482348216,0.2470703125
5,LOW_MISSING,ACTION_STATE,128,0.1986171432605222,0.052832044746735855,0.2470703125
5,LOW_MISSING,YOKED_STATE,128,0.20220118553127,0.05214083982065862,0.2470703125
5,LOW_MISSING,REACTIVE,128,0.2008043918897413,0.039492096861294367,0.2470703125
5,FAST_TARGET,SELF_STATE,128,0.20495551514375976,0.031361146874586486,0.5037841796875
5,FAST_TARGET,ZERO_STATE,128,0.20645941871428863,0.03318566927139951,0.5037841796875
5,FAST_TARGET,ACTION_STATE,128,0.21045929427470994,0.034885460713840785,0.5037841796875
5,FAST_TARGET,YOKED_STATE,128,0.20984829805000244,0.032807318277314236,0.5037841796875
5,FAST_TARGET,REACTIVE,128,0.17966383624448262,0.022756699678887635,0.5037841796875
6,TRAIN_LIKE,SELF_STATE,128,0.29888153574323423,0.05074710892729774,0.5081787109375
6,TRAIN_LIKE,ZERO_STATE,128,0.3008562461067786,0.05352226900698455,0.5081787109375
6,TRAIN_LIKE,ACTION_STATE,128,0.3004406808533313,0.051679284252157696,0.5081787109375
6,TRAIN_LIKE,YOKED_STATE,128,0.30581198689699673,0.05277707862311496,0.5081787109375
6,TRAIN_LIKE,REACTIVE,128,0.35880836223393564,0.04259970814083311,0.5081787109375
6,LONG_BURST,SELF_STATE,128,0.7720499918573385,0.06228367484874661,0.485107421875
6,LONG_BURST,ZERO_STATE,128,0.8038613276374947,0.06476572230658209,0.485107421875
6,LONG_BURST,ACTION_STATE,128,0.8005883753906361,0.06346084649905781,0.485107421875
6,LONG_BURST,YOKED_STATE,128,0.8241493360724879,0.06415137796919115,0.485107421875
6,LONG_BURST,REACTIVE,128,0.8627853349222131,0.05135646243734526,0.485107421875
6,LOW_MISSING,SELF_STATE,128,0.17141586444515025,0.04920183866055659,0.2452392578125
6,LOW_MISSING,ZERO_STATE,128,0.17444379179492497,0.05225340445204153,0.2452392578125
6,LOW_MISSING,ACTION_STATE,128,0.17472526754487244,0.05012193300643024,0.2452392578125
6,LOW_MISSING,YOKED_STATE,128,0.17651756522378198,0.05196048021422719,0.2452392578125
6,LOW_MISSING,REACTIVE,128,0.19920762698480876,0.03654720573594069,0.2452392578125
6,FAST_TARGET,SELF_STATE,128,0.18375810238834842,0.033809341085193005,0.5079345703125
6,FAST_TARGET,ZERO_STATE,128,0.1869069966667116,0.036699111719310916,0.5079345703125
6,FAST_TARGET,ACTION_STATE,128,0.18530380026782833,0.03572056678557949,0.5079345703125
6,FAST_TARGET,YOKED_STATE,128,0.19671922724056065,0.03650060672820916,0.5079345703125
6,FAST_TARGET,REACTIVE,128,0.16750148460992184,0.021504216977547116,0.5079345703125
7,TRAIN_LIKE,SELF_STATE,128,0.3654724011664864,0.04772092045578029,0.4886474609375
7,TRAIN_LIKE,ZERO_STATE,128,0.3582706335047533,0.051456364676756884,0.4886474609375
7,TRAIN_LIKE,ACTION_STATE,128,0.3671762522061955,0.04871390593139426,0.4886474609375
7,TRAIN_LIKE,YOKED_STATE,128,0.3664624181149436,0.05055374749989853,0.4886474609375
7,TRAIN_LIKE,REACTIVE,128,0.41540025688223425,0.04544383475217252,0.4886474609375
7,LONG_BURST,SELF_STATE,128,0.6392411346029023,0.05143951718358165,0.5057373046875
7,LONG_BURST,ZERO_STATE,128,0.6385298561248842,0.05548071493350927,0.5057373046875
7,LONG_BURST,ACTION_STATE,128,0.6466327151916519,0.052415052896290476,0.5057373046875
7,LONG_BURST,YOKED_STATE,128,0.6599353388267281,0.05488577702332991,0.5057373046875
7,LONG_BURST,REACTIVE,128,0.7019898606513724,0.04655266910951883,0.5057373046875
7,LOW_MISSING,SELF_STATE,128,0.18981341138467278,0.04553736191542192,0.2640380859375
7,LOW_MISSING,ZERO_STATE,128,0.1892631645922714,0.05079875576311422,0.2640380859375
7,LOW_MISSING,ACTION_STATE,128,0.19947368904095467,0.04800777160256142,0.2640380859375
7,LOW_MISSING,YOKED_STATE,128,0.19658997778407516,0.04986147810378435,0.2640380859375
7,LOW_MISSING,REACTIVE,128,0.19846053208854247,0.03762159285305777,0.2640380859375
7,FAST_TARGET,SELF_STATE,128,0.14705088063104726,0.025922857746594752,0.4959716796875
7,FAST_TARGET,ZERO_STATE,128,0.15389059311461883,0.030778723529505232,0.4959716796875
7,FAST_TARGET,ACTION_STATE,128,0.16045184676939134,0.02874346317073348,0.4959716796875
7,FAST_TARGET,YOKED_STATE,128,0.15811918943741027,0.030155393176589232,0.4959716796875
7,FAST_TARGET,REACTIVE,128,0.14991715531588323,0.021298558294060646,0.4959716796875
8,TRAIN_LIKE,SELF_STATE,128,0.3099711820171378,0.050600077347191935,0.5018310546875
8,TRAIN_LIKE,ZERO_STATE,128,0.32852628126406036,0.05041869145438781,0.5018310546875
8,TRAIN_LIKE,ACTION_STATE,128,0.3104535694257945,0.04882304893210731,0.5018310546875
8,TRAIN_LIKE,YOKED_STATE,128,0.3292851689463566,0.050223902217581155,0.5018310546875
8,TRAIN_LIKE,REACTIVE,128,0.3872094565918818,0.04538624853585824,0.5018310546875
8,LONG_BURST,SELF_STATE,128,0.5982860276510445,0.0558887052375019,0.500244140625
8,LONG_BURST,ZERO_STATE,128,0.6081338726209277,0.05553637324763332,0.500244140625
8,LONG_BURST,ACTION_STATE,128,0.6126775112783991,0.05486384009512191,0.500244140625
8,LONG_BURST,YOKED_STATE,128,0.609769219127472,0.05550853894021192,0.500244140625
8,LONG_BURST,REACTIVE,128,0.6739534296488604,0.047286685107326976,0.500244140625
8,LOW_MISSING,SELF_STATE,128,0.2539345245718413,0.05226468219033185,0.246337890625
8,LOW_MISSING,ZERO_STATE,128,0.26247053110326546,0.053370960966132884,0.246337890625
8,LOW_MISSING,ACTION_STATE,128,0.25519884915677943,0.05100041624521093,0.246337890625
8,LOW_MISSING,YOKED_STATE,128,0.2673750430879979,0.05332259152704222,0.246337890625
8,LOW_MISSING,REACTIVE,128,0.3110380956115203,0.04370880452427488,0.246337890625
8,FAST_TARGET,SELF_STATE,128,0.18134259097547378,0.03054857187864024,0.5047607421875
8,FAST_TARGET,ZERO_STATE,128,0.2039274013226946,0.03313675411368336,0.5047607421875
8,FAST_TARGET,ACTION_STATE,128,0.1851359528947711,0.030823988781838247,0.5047607421875
8,FAST_TARGET,YOKED_STATE,128,0.2035035048554132,0.032960382345444184,0.5047607421875
8,FAST_TARGET,REACTIVE,128,0.15571838711785005,0.020933699928909876,0.5047607421875
9,TRAIN_LIKE,SELF_STATE,128,0.39442033406904686,0.04627145690783624,0.490966796875
9,TRAIN_LIKE,ZERO_STATE,128,0.378350180867727,0.05703988029701841,0.490966796875
9,TRAIN_LIKE,ACTION_STATE,128,0.40069995507307415,0.045594145398386215,0.490966796875
9,TRAIN_LIKE,YOKED_STATE,128,0.38290255081817903,0.0557081704664036,0.490966796875
9,TRAIN_LIKE,REACTIVE,128,0.4269465818223556,0.046855962256894264,0.490966796875
9,LONG_BURST,SELF_STATE,128,0.7334942849516946,0.04714409156606782,0.50244140625
9,LONG_BURST,ZERO_STATE,128,0.7367145003496893,0.058232227408195406,0.50244140625
9,LONG_BURST,ACTION_STATE,128,0.7665076548325896,0.047070699511643624,0.50244140625
9,LONG_BURST,YOKED_STATE,128,0.7599380548023544,0.05752858442439058,0.50244140625
9,LONG_BURST,REACTIVE,128,0.7447882385093163,0.04440877343090933,0.50244140625
9,LOW_MISSING,SELF_STATE,128,0.19083643392418473,0.04423203185428945,0.2283935546875
9,LOW_MISSING,ZERO_STATE,128,0.18148366942481015,0.05443967073838374,0.2283935546875
9,LOW_MISSING,ACTION_STATE,128,0.19281300304205565,0.04391178770679102,0.2283935546875
9,LOW_MISSING,YOKED_STATE,128,0.18534601123248357,0.05321737056395531,0.2283935546875
9,LOW_MISSING,REACTIVE,128,0.21742714415124076,0.03981666286200937,0.2283935546875
9,FAST_TARGET,SELF_STATE,128,0.18589989231352233,0.027260055896761545,0.4981689453125
9,FAST_TARGET,ZERO_STATE,128,0.21086023806479326,0.03921899373414165,0.4981689453125
9,FAST_TARGET,ACTION_STATE,128,0.20114746943367767,0.028685737191894423,0.4981689453125
9,FAST_TARGET,YOKED_STATE,128,0.213017908857831,0.038070387043340884,0.4981689453125
9,FAST_TARGET,REACTIVE,128,0.14345125021713026,0.021318715051613528,0.4981689453125
10,TRAIN_LIKE,SELF_STATE,128,0.3179426897766823,0.043509072540794336,0.4903564453125
10,TRAIN_LIKE,ZERO_STATE,128,0.3246089378956978,0.04972144891005044,0.4903564453125
10,TRAIN_LIKE,ACTION_STATE,128,0.3245966743096017,0.04387428077856957,0.4903564453125
10,TRAIN_LIKE,YOKED_STATE,128,0.32892334558263636,0.04989171206940157,0.4903564453125
10,TRAIN_LIKE,REACTIVE,128,0.38943158118471094,0.04270046831109258,0.4903564453125
10,LONG_BURST,SELF_STATE,128,0.7861531584950516,0.050249017694589775,0.5064697265625
10,LONG_BURST,ZERO_STATE,128,0.7954697299502786,0.056310180577597374,0.5064697265625
10,LONG_BURST,ACTION_STATE,128,0.7884565885818352,0.05032659519190538,0.5064697265625
10,LONG_BURST,YOKED_STATE,128,0.7830700731805447,0.05590046505674966,0.5064697265625
10,LONG_BURST,REACTIVE,128,0.8806420085505907,0.04708661004753309,0.5064697265625
10,LOW_MISSING,SELF_STATE,128,0.20336761526809277,0.04573536709285056,0.2425537109375
10,LOW_MISSING,ZERO_STATE,128,0.21288151479082576,0.05438250427299138,0.2425537109375
10,LOW_MISSING,ACTION_STATE,128,0.20893635840282426,0.04705746951987373,0.2425537109375
10,LOW_MISSING,YOKED_STATE,128,0.2133123352072784,0.05396772155573926,0.2425537109375
10,LOW_MISSING,REACTIVE,128,0.22315787741511325,0.03968212806327246,0.2425537109375
10,FAST_TARGET,SELF_STATE,128,0.1657475932588098,0.026043670454545358,0.517333984375
10,FAST_TARGET,ZERO_STATE,128,0.17525168944730313,0.032109991956989,0.517333984375
10,FAST_TARGET,ACTION_STATE,128,0.1701125228938299,0.02717654922418669,0.517333984375
10,FAST_TARGET,YOKED_STATE,128,0.17550094807398534,0.03191515819272516,0.517333984375
10,FAST_TARGET,REACTIVE,128,0.16193752341188258,0.021089868616439182,0.517333984375
11,TRAIN_LIKE,SELF_STATE,128,0.49330601044629896,0.05766803204661017,0.517822265625
11,TRAIN_LIKE,ZERO_STATE,128,0.5010794507258257,0.05884579348572068,0.517822265625
11,TRAIN_LIKE,ACTION_STATE,128,0.5140714788037399,0.05291997637032843,0.517822265625
11,TRAIN_LIKE,YOKED_STATE,128,0.5461554510693224,0.05791108061362604,0.517822265625
11,TRAIN_LIKE,REACTIVE,128,0.5781443552575947,0.0477859784893257,0.517822265625
11,LONG_BURST,SELF_STATE,128,0.6681643843679542,0.05786177673255777,0.5123291015625
11,LONG_BURST,ZERO_STATE,128,0.6857302869197887,0.0584820158102964,0.5123291015625
11,LONG_BURST,ACTION_STATE,128,0.7050459283147839,0.0527053527634752,0.5123291015625
11,LONG_BURST,YOKED_STATE,128,0.6750813764657358,0.0568974420328416,0.5123291015625
11,LONG_BURST,REACTIVE,128,0.772978867890821,0.04677993630737609,0.5123291015625
11,LOW_MISSING,SELF_STATE,128,0.18565950249953117,0.05236770601214155,0.233642578125
11,LOW_MISSING,ZERO_STATE,128,0.18206884065259735,0.05394171772153314,0.233642578125
11,LOW_MISSING,ACTION_STATE,128,0.18199052730800325,0.0491152973747203,0.233642578125
11,LOW_MISSING,YOKED_STATE,128,0.18464324447148334,0.052587118650466544,0.233642578125
11,LOW_MISSING,REACTIVE,128,0.18847306771094158,0.03427728203492739,0.233642578125
11,FAST_TARGET,SELF_STATE,128,0.1757385093036064,0.03386078750991027,0.485107421875
11,FAST_TARGET,ZERO_STATE,128,0.16892022023178768,0.0348496538595922,0.485107421875
11,FAST_TARGET,ACTION_STATE,128,0.171358416164423,0.031325029178835305,0.485107421875
11,FAST_TARGET,YOKED_STATE,128,0.17659662944987153,0.03453699486705483,0.485107421875
11,FAST_TARGET,REACTIVE,128,0.14505032383985472,0.01934921913664426,0.485107421875
12,TRAIN_LIKE,SELF_STATE,128,0.3415833677235157,0.052460521173507114,0.4873046875
12,TRAIN_LIKE,ZERO_STATE,128,0.3429720536857028,0.054471308364471005,0.4873046875
12,TRAIN_LIKE,ACTION_STATE,128,0.35065633309242383,0.051027804058248964,0.4873046875
12,TRAIN_LIKE,YOKED_STATE,128,0.34956970182315095,0.05501073476942684,0.4873046875
12,TRAIN_LIKE,REACTIVE,128,0.4288114431515259,0.047628571335903105,0.4873046875
12,LONG_BURST,SELF_STATE,128,0.7047277001047894,0.05652768855231067,0.486572265625
12,LONG_BURST,ZERO_STATE,128,0.7119806780564781,0.05894666202621675,0.486572265625
12,LONG_BURST,ACTION_STATE,128,0.709554630358417,0.054861210966391474,0.486572265625
12,LONG_BURST,YOKED_STATE,128,0.7236416992351362,0.05982676274881614,0.486572265625
12,LONG_BURST,REACTIVE,128,0.7977574841413066,0.046946120112382035,0.486572265625
12,LOW_MISSING,SELF_STATE,128,0.2569395048576828,0.05082338058254272,0.2357177734375
12,LOW_MISSING,ZERO_STATE,128,0.26563096814930964,0.05374216051807209,0.2357177734375
12,LOW_MISSING,ACTION_STATE,128,0.26365036737155645,0.0495298089049467,0.2357177734375
12,LOW_MISSING,YOKED_STATE,128,0.2635252600062716,0.0535927429376323,0.2357177734375
12,LOW_MISSING,REACTIVE,128,0.26525732372105604,0.03660161277348638,0.2357177734375
12,FAST_TARGET,SELF_STATE,128,0.16649327454046983,0.03014906623654348,0.5189208984375
12,FAST_TARGET,ZERO_STATE,128,0.17440845425904605,0.032834163805420834,0.5189208984375
12,FAST_TARGET,ACTION_STATE,128,0.16677165425636647,0.02955126797289003,0.5189208984375
12,FAST_TARGET,YOKED_STATE,128,0.18446072227004248,0.0338294142711168,0.5189208984375
12,FAST_TARGET,REACTIVE,128,0.14643719344697748,0.01987041636938278,0.5189208984375
13,TRAIN_LIKE,SELF_STATE,128,0.38885090499615166,0.050802244510710234,0.5047607421875
13,TRAIN_LIKE,ZERO_STATE,128,0.3712526069384652,0.05245260206640298,0.5047607421875
13,TRAIN_LIKE,ACTION_STATE,128,0.38461259357122984,0.05133473130001203,0.5047607421875
13,TRAIN_LIKE,YOKED_STATE,128,0.378612688522127,0.051566991710751006,0.5047607421875
13,TRAIN_LIKE,REACTIVE,128,0.4241023708415348,0.0454459415388693,0.5047607421875
13,LONG_BURST,SELF_STATE,128,0.6268200213471491,0.057007459830118026,0.5103759765625
13,LONG_BURST,ZERO_STATE,128,0.5954593263227506,0.057991634508923084,0.5103759765625
13,LONG_BURST,ACTION_STATE,128,0.6440607999302499,0.0583847619662958,0.5103759765625
13,LONG_BURST,YOKED_STATE,128,0.5958419928112206,0.05684737890688969,0.5103759765625
13,LONG_BURST,REACTIVE,128,0.6211477384476183,0.04534338193410755,0.5103759765625
13,LOW_MISSING,SELF_STATE,128,0.21279878925254736,0.05041090258427843,0.2491455078125
13,LOW_MISSING,ZERO_STATE,128,0.21187151569202312,0.05376697625951446,0.2491455078125
13,LOW_MISSING,ACTION_STATE,128,0.22306160367941966,0.05206218587591033,0.2491455078125
13,LOW_MISSING,YOKED_STATE,128,0.21566850737375504,0.052931141102538895,0.2491455078125
13,LOW_MISSING,REACTIVE,128,0.22298574628918344,0.03866365496214061,0.2491455078125
13,FAST_TARGET,SELF_STATE,128,0.1886179069610475,0.03266265600476681,0.5126953125
13,FAST_TARGET,ZERO_STATE,128,0.17388472310374398,0.03376316314547312,0.5126953125
13,FAST_TARGET,ACTION_STATE,128,0.2077818975559078,0.036088622040739364,0.5126953125
13,FAST_TARGET,YOKED_STATE,128,0.17472651649653553,0.032580502300611026,0.5126953125
13,FAST_TARGET,REACTIVE,128,0.14642628811841363,0.020585256274389608,0.5126953125
14,TRAIN_LIKE,SELF_STATE,128,0.43731444841056677,0.04589654032167231,0.5023193359375
14,TRAIN_LIKE,ZERO_STATE,128,0.42874317646526644,0.05082664267228419,0.5023193359375
14,TRAIN_LIKE,ACTION_STATE,128,0.44143136629930513,0.04561326705107163,0.5023193359375
14,TRAIN_LIKE,YOKED_STATE,128,0.43396761621493557,0.04962132895855349,0.5023193359375
14,TRAIN_LIKE,REACTIVE,128,0.47289165020167645,0.04666243397936963,0.5023193359375
14,LONG_BURST,SELF_STATE,128,0.6547000436125842,0.046610591481865554,0.4862060546875
14,LONG_BURST,ZERO_STATE,128,0.63644958970336,0.05114014271539563,0.4862060546875
14,LONG_BURST,ACTION_STATE,128,0.6593504172835138,0.04606474877291438,0.4862060546875
14,LONG_BURST,YOKED_STATE,128,0.646738119163339,0.05043298191461027,0.4862060546875
14,LONG_BURST,REACTIVE,128,0.6230828903375418,0.042465030885465604,0.4862060546875
14,LOW_MISSING,SELF_STATE,128,0.2344621035302955,0.04658276956288644,0.2305908203125
14,LOW_MISSING,ZERO_STATE,128,0.22723653242065955,0.051554164467120286,0.2305908203125
14,LOW_MISSING,ACTION_STATE,128,0.2390546808482547,0.046164728381403494,0.2305908203125
14,LOW_MISSING,YOKED_STATE,128,0.2341085501856634,0.051383923477866314,0.2305908203125
14,LOW_MISSING,REACTIVE,128,0.22885719628323214,0.04147475852242531,0.2305908203125
14,FAST_TARGET,SELF_STATE,128,0.16181506871808207,0.024269295429267215,0.4937744140625
14,FAST_TARGET,ZERO_STATE,128,0.1728100983911926,0.030239741584391272,0.4937744140625
14,FAST_TARGET,ACTION_STATE,128,0.16935337347676088,0.025230495073058,0.4937744140625
14,FAST_TARGET,YOKED_STATE,128,0.17719717582616656,0.029962652947946602,0.4937744140625
14,FAST_TARGET,REACTIVE,128,0.14016899717715237,0.021161886552138,0.4937744140625
15,TRAIN_LIKE,SELF_STATE,128,0.41095806249888533,0.04392423789879307,0.508056640625
15,TRAIN_LIKE,ZERO_STATE,128,0.443531478014454,0.046118435265116435,0.508056640625
15,TRAIN_LIKE,ACTION_STATE,128,0.4205028090492924,0.04542292448874581,0.508056640625
15,TRAIN_LIKE,YOKED_STATE,128,0.4507351303152389,0.046316743874153105,0.508056640625
15,TRAIN_LIKE,REACTIVE,128,0.46375546408052304,0.04578332986146011,0.508056640625
15,LONG_BURST,SELF_STATE,128,0.7899902880753239,0.04602090325458116,0.504638671875
15,LONG_BURST,ZERO_STATE,128,0.8049165238271327,0.04754634126548769,0.504638671875
15,LONG_BURST,ACTION_STATE,128,0.8261141963612494,0.04775328902695138,0.504638671875
15,LONG_BURST,YOKED_STATE,128,0.8381424285797473,0.04760797302888684,0.504638671875
15,LONG_BURST,REACTIVE,128,0.8323623144936516,0.043096436039811205,0.504638671875
15,LOW_MISSING,SELF_STATE,128,0.2299863778167193,0.04446688083825437,0.2618408203125
15,LOW_MISSING,ZERO_STATE,128,0.2419932832873643,0.04759935677920092,0.2618408203125
15,LOW_MISSING,ACTION_STATE,128,0.22634631398905627,0.045266314302786104,0.2618408203125
15,LOW_MISSING,YOKED_STATE,128,0.24633095121547383,0.04772275046631645,0.2618408203125
15,LOW_MISSING,REACTIVE,128,0.2570810021856575,0.04137898366738951,0.2618408203125
15,FAST_TARGET,SELF_STATE,128,0.1506828921652647,0.023026784561934653,0.4893798828125
15,FAST_TARGET,ZERO_STATE,128,0.15762431959903855,0.025621986927503965,0.4893798828125
15,FAST_TARGET,ACTION_STATE,128,0.1526142409802606,0.024778442813946335,0.4893798828125
15,FAST_TARGET,YOKED_STATE,128,0.15943718567910006,0.025944743989810656,0.4893798828125
15,FAST_TARGET,REACTIVE,128,0.1375307068639043,0.019533186132580812,0.4893798828125
16,TRAIN_LIKE,SELF_STATE,128,0.33617541490577163,0.06134236574879225,0.50146484375
16,TRAIN_LIKE,ZERO_STATE,128,0.33079672466817855,0.06059419306415785,0.50146484375
16,TRAIN_LIKE,ACTION_STATE,128,0.33987613378690984,0.060450329454642224,0.50146484375
16,TRAIN_LIKE,YOKED_STATE,128,0.33196852580707126,0.05964852199275504,0.50146484375
16,TRAIN_LIKE,REACTIVE,128,0.38166940807381466,0.043998482402586844,0.50146484375
16,LONG_BURST,SELF_STATE,128,0.8548796488231539,0.06738963973746548,0.482421875
16,LONG_BURST,ZERO_STATE,128,0.83031241826489,0.06686168976078224,0.482421875
16,LONG_BURST,ACTION_STATE,128,0.9175818633217372,0.06757293529830895,0.482421875
16,LONG_BURST,YOKED_STATE,128,0.8092377950328068,0.06576838862187913,0.482421875
16,LONG_BURST,REACTIVE,128,0.6160891287470058,0.04257133178731324,0.482421875
16,LOW_MISSING,SELF_STATE,128,0.22176298195433708,0.06225922907166824,0.26806640625
16,LOW_MISSING,ZERO_STATE,128,0.2231674470976746,0.06220029921722048,0.26806640625
16,LOW_MISSING,ACTION_STATE,128,0.22399456423070435,0.06160798078728493,0.26806640625
16,LOW_MISSING,YOKED_STATE,128,0.2251462587829516,0.06198492629870045,0.26806640625
16,LOW_MISSING,REACTIVE,128,0.2643966123495071,0.04000169576262379,0.26806640625
16,FAST_TARGET,SELF_STATE,128,0.20847681965060372,0.04402636786720535,0.50634765625
16,FAST_TARGET,ZERO_STATE,128,0.19870039827619854,0.04206976476618811,0.50634765625
16,FAST_TARGET,ACTION_STATE,128,0.21254284815951816,0.04412631276027257,0.50634765625
16,FAST_TARGET,YOKED_STATE,128,0.19906992299578607,0.041530096278729056,0.50634765625
16,FAST_TARGET,REACTIVE,128,0.1472382597322815,0.020846225034316195,0.50634765625
17,TRAIN_LIKE,SELF_STATE,128,0.4014418520520558,0.056004625106532785,0.4874267578125
17,TRAIN_LIKE,ZERO_STATE,128,0.386811390763452,0.05619455960027336,0.4874267578125
17,TRAIN_LIKE,ACTION_STATE,128,0.39627154544283905,0.056972049303805346,0.4874267578125
17,TRAIN_LIKE,YOKED_STATE,128,0.40428525216375727,0.056703419083936085,0.4874267578125
17,TRAIN_LIKE,REACTIVE,128,0.47148567160951943,0.04747487099294257,0.4874267578125
17,LONG_BURST,SELF_STATE,128,0.7260222168095894,0.056835451891500445,0.4842529296875
17,LONG_BURST,ZERO_STATE,128,0.7269412639022581,0.05753388340429193,0.4842529296875
17,LONG_BURST,ACTION_STATE,128,0.725270356038328,0.05735493785582915,0.4842529296875
17,LONG_BURST,YOKED_STATE,128,0.7290836835021425,0.05736607524300581,0.4842529296875
17,LONG_BURST,REACTIVE,128,0.8057385947020206,0.04572181742573081,0.4842529296875
17,LOW_MISSING,SELF_STATE,128,0.17989686984588252,0.05136172306885642,0.233642578125
17,LOW_MISSING,ZERO_STATE,128,0.17529128837132596,0.05193936817251488,0.233642578125
17,LOW_MISSING,ACTION_STATE,128,0.19871436417196894,0.05420277337546861,0.233642578125
17,LOW_MISSING,YOKED_STATE,128,0.1833131920586578,0.05264953378109816,0.233642578125
17,LOW_MISSING,REACTIVE,128,0.19912605180840243,0.036794269452283326,0.233642578125
17,FAST_TARGET,SELF_STATE,128,0.18043461509868275,0.03473521583327557,0.5177001953125
17,FAST_TARGET,ZERO_STATE,128,0.1739596921074539,0.03451377920094876,0.5177001953125
17,FAST_TARGET,ACTION_STATE,128,0.20960676493019906,0.03917665646996063,0.5177001953125
17,FAST_TARGET,YOKED_STATE,128,0.17801116052463417,0.03397658825396001,0.5177001953125
17,FAST_TARGET,REACTIVE,128,0.14791088218336168,0.021048126332173483,0.5177001953125
18,TRAIN_LIKE,SELF_STATE,128,0.40673912339108664,0.052606319265195864,0.50244140625
18,TRAIN_LIKE,ZERO_STATE,128,0.41316003520690825,0.05516129971959489,0.50244140625
18,TRAIN_LIKE,ACTION_STATE,128,0.4134711689579011,0.052821076972589545,0.50244140625
18,TRAIN_LIKE,YOKED_STATE,128,0.41534862890737745,0.05476998641284932,0.50244140625
18,TRAIN_LIKE,REACTIVE,128,0.4663579595993008,0.050907334096070254,0.50244140625
18,LONG_BURST,SELF_STATE,128,0.674354609982356,0.05738003366724313,0.5035400390625
18,LONG_BURST,ZERO_STATE,128,0.6865080443077487,0.059985928667471676,0.5035400390625
18,LONG_BURST,ACTION_STATE,128,0.6721110626281772,0.05756256280500442,0.5035400390625
18,LONG_BURST,YOKED_STATE,128,0.6867611404906979,0.05972124250925254,0.5035400390625
18,LONG_BURST,REACTIVE,128,0.6946159093762049,0.0485201225740668,0.5035400390625
18,LOW_MISSING,SELF_STATE,128,0.20627531874805594,0.049473184578634366,0.2421875
18,LOW_MISSING,ZERO_STATE,128,0.21516710838816774,0.05279929897949341,0.2421875
18,LOW_MISSING,ACTION_STATE,128,0.21400938515859622,0.05013343059413748,0.2421875
18,LOW_MISSING,YOKED_STATE,128,0.21766804691957667,0.05238813399670652,0.2421875
18,LOW_MISSING,REACTIVE,128,0.2104643805526593,0.03908200119722407,0.2421875
18,FAST_TARGET,SELF_STATE,128,0.18341749140237523,0.029584082326012503,0.500244140625
18,FAST_TARGET,ZERO_STATE,128,0.2044885641593588,0.03424512847358127,0.500244140625
18,FAST_TARGET,ACTION_STATE,128,0.19481618435886752,0.031151788248579906,0.500244140625
18,FAST_TARGET,YOKED_STATE,128,0.2049177198816453,0.034110829273927834,0.500244140625
18,FAST_TARGET,REACTIVE,128,0.15495841601723015,0.02155818755674299,0.500244140625
19,TRAIN_LIKE,SELF_STATE,128,0.36918985786121716,0.05714418301119356,0.5035400390625
19,TRAIN_LIKE,ZERO_STATE,128,0.38053694209967615,0.056130528846208644,0.5035400390625
19,TRAIN_LIKE,ACTION_STATE,128,0.38224355204522514,0.05789377058584716,0.5035400390625
19,TRAIN_LIKE,YOKED_STATE,128,0.38702697442777717,0.05620770243122955,0.5035400390625
19,TRAIN_LIKE,REACTIVE,128,0.44016504768577125,0.04810949718415189,0.5035400390625
19,LONG_BURST,SELF_STATE,128,0.6460019409297617,0.061186154435785574,0.503662109375
19,LONG_BURST,ZERO_STATE,128,0.6774471819777708,0.060431454749926006,0.503662109375
19,LONG_BURST,ACTION_STATE,128,0.67182815339991,0.062402215699671144,0.503662109375
19,LONG_BURST,YOKED_STATE,128,0.6885972541849976,0.060781915732077765,0.503662109375
19,LONG_BURST,REACTIVE,128,0.7729713351130894,0.047871796332843164,0.503662109375
19,LOW_MISSING,SELF_STATE,128,0.18007568392887452,0.0520896829464295,0.2515869140625
19,LOW_MISSING,ZERO_STATE,128,0.1837961883498369,0.051029936452142155,0.2515869140625
19,LOW_MISSING,ACTION_STATE,128,0.18300769385626453,0.052836282989004835,0.2515869140625
19,LOW_MISSING,YOKED_STATE,128,0.18669729285149744,0.05166419097492955,0.2515869140625
19,LOW_MISSING,REACTIVE,128,0.2149242364918924,0.03736389835346955,0.2515869140625
19,FAST_TARGET,SELF_STATE,128,0.1670224799228758,0.035095010672753224,0.4991455078125
19,FAST_TARGET,ZERO_STATE,128,0.16518412506414923,0.034149239272150134,0.4991455078125
19,FAST_TARGET,ACTION_STATE,128,0.17487084342455939,0.03685164004676771,0.4991455078125
19,FAST_TARGET,YOKED_STATE,128,0.16700145506815345,0.03426783684651229,0.4991455078125
19,FAST_TARGET,REACTIVE,128,0.14893388007913078,0.02136097135126163,0.4991455078125
20,TRAIN_LIKE,SELF_STATE,128,0.47217039136802874,0.052496661907957376,0.506591796875
20,TRAIN_LIKE,ZERO_STATE,128,0.4683012435656926,0.053236743322252394,0.506591796875
20,TRAIN_LIKE,ACTION_STATE,128,0.48030402682928114,0.05009939702525397,0.506591796875
20,TRAIN_LIKE,YOKED_STATE,128,0.4734041291907067,0.052565541318383244,0.506591796875
20,TRAIN_LIKE,REACTIVE,128,0.5767504767992337,0.04587375902991553,0.506591796875
20,LONG_BURST,SELF_STATE,128,0.7219925160526007,0.0534189674759971,0.5101318359375
20,LONG_BURST,ZERO_STATE,128,0.7293090331043683,0.05405811896092894,0.5101318359375
20,LONG_BURST,ACTION_STATE,128,0.7318714480611399,0.05072661118198797,0.5101318359375
20,LONG_BURST,YOKED_STATE,128,0.7321220384069286,0.053278170645669184,0.5101318359375
20,LONG_BURST,REACTIVE,128,0.8103796985127732,0.04498863254351311,0.5101318359375
20,LOW_MISSING,SELF_STATE,128,0.22662418891543815,0.05238606020128432,0.2635498046875
20,LOW_MISSING,ZERO_STATE,128,0.23720256735217266,0.053690777735054845,0.2635498046875
20,LOW_MISSING,ACTION_STATE,128,0.22169483060454645,0.04940978015928266,0.2635498046875
20,LOW_MISSING,YOKED_STATE,128,0.23848701759770696,0.05275677097246091,0.2635498046875
20,LOW_MISSING,REACTIVE,128,0.2252682052691035,0.03726599724662892,0.2635498046875
20,FAST_TARGET,SELF_STATE,128,0.18355654881594874,0.03198692197438528,0.512451171875
20,FAST_TARGET,ZERO_STATE,128,0.2011537907047662,0.03431971847569548,0.512451171875
20,FAST_TARGET,ACTION_STATE,128,0.17757936736242494,0.029761126081062038,0.512451171875
20,FAST_TARGET,YOKED_STATE,128,0.20480617305661755,0.033875806163817315,0.512451171875
20,FAST_TARGET,REACTIVE,128,0.15652364944693997,0.020220992278826046,0.512451171875
21,TRAIN_LIKE,SELF_STATE,128,0.455856667836648,0.046308353591359104,0.5045166015625
21,TRAIN_LIKE,ZERO_STATE,128,0.4800016297747836,0.04800077716616759,0.5045166015625
21,TRAIN_LIKE,ACTION_STATE,128,0.4654264456384186,0.04720872020871696,0.5045166015625
21,TRAIN_LIKE,YOKED_STATE,128,0.4693114471844566,0.047935300282691676,0.5045166015625
21,TRAIN_LIKE,REACTIVE,128,0.5387160082999846,0.04499663637754657,0.5045166015625
21,LONG_BURST,SELF_STATE,128,0.6311681233498505,0.05372005763298787,0.5020751953125
21,LONG_BURST,ZERO_STATE,128,0.6256232884734666,0.053401612668463244,0.5020751953125
21,LONG_BURST,ACTION_STATE,128,0.6330784786770844,0.05368625183984025,0.5020751953125
21,LONG_BURST,YOKED_STATE,128,0.6307944185679456,0.05399837556618006,0.5020751953125
21,LONG_BURST,REACTIVE,128,0.6533218794432315,0.04805073273339984,0.5020751953125
21,LOW_MISSING,SELF_STATE,128,0.2123036591174408,0.0470599933145771,0.254638671875
21,LOW_MISSING,ZERO_STATE,128,0.21650271674283905,0.0482870493307185,0.254638671875
21,LOW_MISSING,ACTION_STATE,128,0.2156762525034705,0.04743525639649288,0.254638671875
21,LOW_MISSING,YOKED_STATE,128,0.21729662599442798,0.048647929299166864,0.254638671875
21,LOW_MISSING,REACTIVE,128,0.20575783928723151,0.037113440169251846,0.254638671875
21,FAST_TARGET,SELF_STATE,128,0.1670982346734337,0.02762732361166125,0.5047607421875
21,FAST_TARGET,ZERO_STATE,128,0.18962747409358882,0.029930882286133425,0.5047607421875
21,FAST_TARGET,ACTION_STATE,128,0.1808114531864231,0.029697461435027786,0.5047607421875
21,FAST_TARGET,YOKED_STATE,128,0.1917812946439102,0.030450536222957215,0.5047607421875
21,FAST_TARGET,REACTIVE,128,0.1435649420959692,0.02099567685301749,0.5047607421875
22,TRAIN_LIKE,SELF_STATE,128,0.3838044435548854,0.05700557378240299,0.510009765625
22,TRAIN_LIKE,ZERO_STATE,128,0.39162575052790416,0.056338813536477766,0.510009765625
22,TRAIN_LIKE,ACTION_STATE,128,0.38310956761873927,0.055031805045154925,0.510009765625
22,TRAIN_LIKE,YOKED_STATE,128,0.39526205978113005,0.05605196406083106,0.510009765625
22,TRAIN_LIKE,REACTIVE,128,0.4784332196273241,0.04631051036109296,0.510009765625
22,LONG_BURST,SELF_STATE,128,0.8892269479425601,0.06320335383058615,0.5013427734375
22,LONG_BURST,ZERO_STATE,128,0.949796504603355,0.06326634060493501,0.5013427734375
22,LONG_BURST,ACTION_STATE,128,0.913771599810307,0.0618949896705035,0.5013427734375
22,LONG_BURST,YOKED_STATE,128,0.9721681827575408,0.06270509513268495,0.5013427734375
22,LONG_BURST,REACTIVE,128,1.0463451017887149,0.05057205814842232,0.5013427734375
22,LOW_MISSING,SELF_STATE,128,0.24464016344591558,0.05640561861100195,0.25
22,LOW_MISSING,ZERO_STATE,128,0.24662985217357936,0.0566363343882294,0.25
22,LOW_MISSING,ACTION_STATE,128,0.25185138320713973,0.05538911355018354,0.25
22,LOW_MISSING,YOKED_STATE,128,0.251908490152899,0.05642301627131227,0.25
22,LOW_MISSING,REACTIVE,128,0.24355115263235244,0.03966091211083409,0.25
22,FAST_TARGET,SELF_STATE,128,0.16655946883831554,0.03574516702748519,0.4930419921875
22,FAST_TARGET,ZERO_STATE,128,0.16704926647056173,0.03563499525950148,0.4930419921875
22,FAST_TARGET,ACTION_STATE,128,0.16898243349954545,0.03575490282097745,0.4930419921875
22,FAST_TARGET,YOKED_STATE,128,0.17328559265533436,0.03547270702607397,0.4930419921875
22,FAST_TARGET,REACTIVE,128,0.14844381503533277,0.0213982405371502,0.4930419921875
23,TRAIN_LIKE,SELF_STATE,128,0.3634932326974724,0.04845643761530298,0.5101318359375
23,TRAIN_LIKE,ZERO_STATE,128,0.3667115855955377,0.05002713862144459,0.5101318359375
23,TRAIN_LIKE,ACTION_STATE,128,0.3681903881436818,0.04909962119070793,0.5101318359375
23,TRAIN_LIKE,YOKED_STATE,128,0.36894683993815236,0.04966465036632769,0.5101318359375
23,TRAIN_LIKE,REACTIVE,128,0.44115064141651145,0.04664111946173045,0.5101318359375
23,LONG_BURST,SELF_STATE,128,0.7220039237216773,0.05377820274907856,0.489501953125
23,LONG_BURST,ZERO_STATE,128,0.7261712679720496,0.05655326838339185,0.489501953125
23,LONG_BURST,ACTION_STATE,128,0.7386378718698918,0.05514629804047763,0.489501953125
23,LONG_BURST,YOKED_STATE,128,0.7261455625363409,0.05607000255013305,0.489501953125
23,LONG_BURST,REACTIVE,128,0.8078506069495293,0.048129705219492835,0.489501953125
23,LOW_MISSING,SELF_STATE,128,0.22399761671806526,0.04877505425766673,0.2628173828125
23,LOW_MISSING,ZERO_STATE,128,0.2206465688408543,0.05095154853469884,0.2628173828125
23,LOW_MISSING,ACTION_STATE,128,0.22582447571466932,0.05014420690532254,0.2628173828125
23,LOW_MISSING,YOKED_STATE,128,0.2227389916903354,0.05109368669061764,0.2628173828125
23,LOW_MISSING,REACTIVE,128,0.2453674664460755,0.040479317714042964,0.2628173828125
23,FAST_TARGET,SELF_STATE,128,0.1642728350004048,0.02839037952079889,0.4927978515625
23,FAST_TARGET,ZERO_STATE,128,0.15525201123641152,0.029473975615474456,0.4927978515625
23,FAST_TARGET,ACTION_STATE,128,0.16368423127102075,0.02981469719882346,0.4927978515625
23,FAST_TARGET,YOKED_STATE,128,0.15595246391291012,0.029378034010642498,0.4927978515625
23,FAST_TARGET,REACTIVE,128,0.12975325873745105,0.019438948601208653,0.4927978515625
24,TRAIN_LIKE,SELF_STATE,128,0.41893388241508456,0.04821995355294849,0.4970703125
24,TRAIN_LIKE,ZERO_STATE,128,0.42469978095733885,0.05397044264327668,0.4970703125
24,TRAIN_LIKE,ACTION_STATE,128,0.4186698485416544,0.04838391682021394,0.4970703125
24,TRAIN_LIKE,YOKED_STATE,128,0.4346191965984936,0.05390936971970667,0.4970703125
24,TRAIN_LIKE,REACTIVE,128,0.4076556467298901,0.045420297655297474,0.4970703125
24,LONG_BURST,SELF_STATE,128,0.7333456211713069,0.05075036337730448,0.47998046875
24,LONG_BURST,ZERO_STATE,128,0.7493884797205909,0.05653107214004824,0.47998046875
24,LONG_BURST,ACTION_STATE,128,0.7538146383100728,0.05104532990889787,0.47998046875
24,LONG_BURST,YOKED_STATE,128,0.7561289558215981,0.05631480306767081,0.47998046875
24,LONG_BURST,REACTIVE,128,0.7055660979982461,0.04471486274704919,0.47998046875
24,LOW_MISSING,SELF_STATE,128,0.27191801524353787,0.04662590851590055,0.2305908203125
24,LOW_MISSING,ZERO_STATE,128,0.2763034998690107,0.053661360734675076,0.2305908203125
24,LOW_MISSING,ACTION_STATE,128,0.27172063837913546,0.04697173724123074,0.2305908203125
24,LOW_MISSING,YOKED_STATE,128,0.2816552280272256,0.05382318401548169,0.2305908203125
24,LOW_MISSING,REACTIVE,128,0.2730591188517476,0.03613014563156658,0.2305908203125
24,FAST_TARGET,SELF_STATE,128,0.23245317379034192,0.029911439514738965,0.5047607421875
24,FAST_TARGET,ZERO_STATE,128,0.25072692481681463,0.03574318060027516,0.5047607421875
24,FAST_TARGET,ACTION_STATE,128,0.24808859548770934,0.031717933653169675,0.5047607421875
24,FAST_TARGET,YOKED_STATE,128,0.25215798039809184,0.035489010259701,0.5047607421875
24,FAST_TARGET,REACTIVE,128,0.16334185997165507,0.021237792865155543,0.5047607421875
25,TRAIN_LIKE,SELF_STATE,128,0.32739065262552336,0.05423842414400612,0.5023193359375
25,TRAIN_LIKE,ZERO_STATE,128,0.34217471734074384,0.055285484569824066,0.5023193359375
25,TRAIN_LIKE,ACTION_STATE,128,0.33420015808460124,0.05351982736622264,0.5023193359375
25,TRAIN_LIKE,YOKED_STATE,128,0.35232173198739003,0.055240234046400084,0.5023193359375
25,TRAIN_LIKE,REACTIVE,128,0.3792930260947087,0.04402546771019654,0.5023193359375
25,LONG_BURST,SELF_STATE,128,0.7493645329859147,0.05953653728767354,0.49951171875
25,LONG_BURST,ZERO_STATE,128,0.7641604584322008,0.06059041435075976,0.49951171875
25,LONG_BURST,ACTION_STATE,128,0.7301837339642379,0.058659506289353326,0.49951171875
25,LONG_BURST,YOKED_STATE,128,0.7953662523808398,0.061040551662823815,0.49951171875
25,LONG_BURST,REACTIVE,128,0.9070778020649447,0.046803117041623245,0.49951171875
25,LOW_MISSING,SELF_STATE,128,0.16203534994978824,0.05163953308249239,0.2408447265625
25,LOW_MISSING,ZERO_STATE,128,0.16955635825385826,0.05408072521788421,0.2408447265625
25,LOW_MISSING,ACTION_STATE,128,0.16876096394539528,0.05183218165315269,0.2408447265625
25,LOW_MISSING,YOKED_STATE,128,0.1745647247943405,0.054347386054909845,0.2408447265625
25,LOW_MISSING,REACTIVE,128,0.19776307576369584,0.03735957099905726,0.2408447265625
25,FAST_TARGET,SELF_STATE,128,0.14181396005082172,0.0331490803436483,0.49755859375
25,FAST_TARGET,ZERO_STATE,128,0.15267040799953313,0.03523961761131578,0.49755859375
25,FAST_TARGET,ACTION_STATE,128,0.14977532313593606,0.03381045988313963,0.49755859375
25,FAST_TARGET,YOKED_STATE,128,0.1583653460037498,0.035698809966120126,0.49755859375
25,FAST_TARGET,REACTIVE,128,0.13444905612997163,0.02029286852026764,0.49755859375
26,TRAIN_LIKE,SELF_STATE,128,0.3324706846491152,0.049952933697540315,0.5084228515625
26,TRAIN_LIKE,ZERO_STATE,128,0.32786604149453935,0.058603507409710466,0.5084228515625
26,TRAIN_LIKE,ACTION_STATE,128,0.32673032495147547,0.05195089799197963,0.5084228515625
26,TRAIN_LIKE,YOKED_STATE,128,0.3395016882880618,0.05818216991076739,0.5084228515625
26,TRAIN_LIKE,REACTIVE,128,0.413232114267959,0.046349165364859606,0.5084228515625
26,LONG_BURST,SELF_STATE,128,0.7202947101222686,0.05480495198665745,0.486328125
26,LONG_BURST,ZERO_STATE,128,0.7357752769983842,0.06527461399146142,0.486328125
26,LONG_BURST,ACTION_STATE,128,0.7223875084152166,0.057817686642943525,0.486328125
26,LONG_BURST,YOKED_STATE,128,0.7598562451728552,0.06410261558285771,0.486328125
26,LONG_BURST,REACTIVE,128,0.8536390255424067,0.04786201002208989,0.486328125
26,LOW_MISSING,SELF_STATE,128,0.20120523138549043,0.05071300146209552,0.24755859375
26,LOW_MISSING,ZERO_STATE,128,0.2005578112266961,0.06065975660550452,0.24755859375
26,LOW_MISSING,ACTION_STATE,128,0.19992815990875407,0.05291945682123012,0.24755859375
26,LOW_MISSING,YOKED_STATE,128,0.2071687928810756,0.05974996695119858,0.24755859375
26,LOW_MISSING,REACTIVE,128,0.24510759357910528,0.04183560802480812,0.24755859375
26,FAST_TARGET,SELF_STATE,128,0.1631236649248416,0.029147255766815976,0.5103759765625
26,FAST_TARGET,ZERO_STATE,128,0.18511708083292347,0.03868849457484092,0.5103759765625
26,FAST_TARGET,ACTION_STATE,128,0.1714222798122109,0.032280398278123505,0.5103759765625
26,FAST_TARGET,YOKED_STATE,128,0.19018697219663577,0.03862306365851307,0.5103759765625
26,FAST_TARGET,REACTIVE,128,0.14191470985029953,0.02008766471741315,0.5103759765625
27,TRAIN_LIKE,SELF_STATE,128,0.38182418228787984,0.05409586730717024,0.5052490234375
27,TRAIN_LIKE,ZERO_STATE,128,0.386935526536771,0.056923104895354265,0.5052490234375
27,TRAIN_LIKE,ACTION_STATE,128,0.3858357801508766,0.053500961100667474,0.5052490234375
27,TRAIN_LIKE,YOKED_STATE,128,0.3880283180923352,0.05484394312602255,0.5052490234375
27,TRAIN_LIKE,REACTIVE,128,0.43974676128070533,0.04598441471707118,0.5052490234375
27,LONG_BURST,SELF_STATE,128,0.7019662108081406,0.05762238741937964,0.519775390625
27,LONG_BURST,ZERO_STATE,128,0.7198189794574189,0.06087733897070416,0.519775390625
27,LONG_BURST,ACTION_STATE,128,0.6793373776432412,0.05710902504901094,0.519775390625
27,LONG_BURST,YOKED_STATE,128,0.7235329722850421,0.05847098431377043,0.519775390625
27,LONG_BURST,REACTIVE,128,0.8026100257909503,0.046029491011594995,0.519775390625
27,LOW_MISSING,SELF_STATE,128,0.22255836927378747,0.05283804317424558,0.2547607421875
27,LOW_MISSING,ZERO_STATE,128,0.2276715674825787,0.05620935154949823,0.2547607421875
27,LOW_MISSING,ACTION_STATE,128,0.2220061095235128,0.05285887231306899,0.2547607421875
27,LOW_MISSING,YOKED_STATE,128,0.23261868657182191,0.05437649549719491,0.2547607421875
27,LOW_MISSING,REACTIVE,128,0.2843864045371391,0.04055528565277319,0.2547607421875
27,FAST_TARGET,SELF_STATE,128,0.15770869136953658,0.032968019771434015,0.50732421875
27,FAST_TARGET,ZERO_STATE,128,0.16546632003329048,0.03551891465019427,0.50732421875
27,FAST_TARGET,ACTION_STATE,128,0.1619361584274972,0.03386852738456708,0.50732421875
27,FAST_TARGET,YOKED_STATE,128,0.16663749242621434,0.03408618364190688,0.50732421875
27,FAST_TARGET,REACTIVE,128,0.14666234009204648,0.02071779843627062,0.50732421875
28,TRAIN_LIKE,SELF_STATE,128,0.3576047855568259,0.04161935599345673,0.4840087890625
28,TRAIN_LIKE,ZERO_STATE,128,0.3719779943778515,0.04517213314441719,0.4840087890625
28,TRAIN_LIKE,ACTION_STATE,128,0.35683322538284956,0.042202602627945576,0.4840087890625
28,TRAIN_LIKE,YOKED_STATE,128,0.38206207084618493,0.04470833604907222,0.4840087890625
28,TRAIN_LIKE,REACTIVE,128,0.42525680367496577,0.04354462525935639,0.4840087890625
28,LONG_BURST,SELF_STATE,128,0.6922631163943624,0.04993234748723402,0.4970703125
28,LONG_BURST,ZERO_STATE,128,0.694099127042968,0.053295676110786935,0.4970703125
28,LONG_BURST,ACTION_STATE,128,0.7071113080710412,0.050757866792420864,0.4970703125
28,LONG_BURST,YOKED_STATE,128,0.6958708087612573,0.05244294153665479,0.4970703125
28,LONG_BURST,REACTIVE,128,0.6752225518806794,0.04909815417646534,0.4970703125
28,LOW_MISSING,SELF_STATE,128,0.22872908835709285,0.044240593906161904,0.26318359375
28,LOW_MISSING,ZERO_STATE,128,0.23201662093836684,0.04705551813813841,0.26318359375
28,LOW_MISSING,ACTION_STATE,128,0.23641380361767614,0.045597371579175566,0.26318359375
28,LOW_MISSING,YOKED_STATE,128,0.23740300095388656,0.046163088355521756,0.26318359375
28,LOW_MISSING,REACTIVE,128,0.2357871328135311,0.03791234330186706,0.26318359375
28,FAST_TARGET,SELF_STATE,128,0.2056392944202965,0.02791494848799841,0.491455078125
28,FAST_TARGET,ZERO_STATE,128,0.21505153229875165,0.030802484057000607,0.491455078125
28,FAST_TARGET,ACTION_STATE,128,0.21471628409706175,0.02964284748603986,0.491455078125
28,FAST_TARGET,YOKED_STATE,128,0.21911450304677274,0.029975798927254514,0.491455078125
28,FAST_TARGET,REACTIVE,128,0.15787982320238897,0.022016442567286416,0.491455078125
29,TRAIN_LIKE,SELF_STATE,128,0.2889984006438612,0.05606697493788275,0.503173828125
29,TRAIN_LIKE,ZERO_STATE,128,0.2979135339791883,0.056616897667363386,0.503173828125
29,TRAIN_LIKE,ACTION_STATE,128,0.290830966141969,0.06144512494402536,0.503173828125
29,TRAIN_LIKE,YOKED_STATE,128,0.300537071964707,0.05665778411839453,0.503173828125
29,TRAIN_LIKE,REACTIVE,128,0.3386291618383367,0.04141611759666061,0.503173828125
29,LONG_BURST,SELF_STATE,128,0.6442115358017934,0.06373742160080523,0.48681640625
29,LONG_BURST,ZERO_STATE,128,0.6305226839740098,0.06331522138686711,0.48681640625
29,LONG_BURST,ACTION_STATE,128,0.6364788622897743,0.0683245253544122,0.48681640625
29,LONG_BURST,YOKED_STATE,128,0.6312880150737383,0.06302510453524961,0.48681640625
29,LONG_BURST,REACTIVE,128,0.7076083675312177,0.04579890179767777,0.48681640625
29,LOW_MISSING,SELF_STATE,128,0.19593284317976867,0.05343267994677864,0.2459716796875
29,LOW_MISSING,ZERO_STATE,128,0.19090270331575,0.05498986236676703,0.2459716796875
29,LOW_MISSING,ACTION_STATE,128,0.18475069626270663,0.05707908700338314,0.2459716796875
29,LOW_MISSING,YOKED_STATE,128,0.19171371401974963,0.05503631808878025,0.2459716796875
29,LOW_MISSING,REACTIVE,128,0.22490948707959207,0.036630340420722295,0.2459716796875
29,FAST_TARGET,SELF_STATE,128,0.18011505556090335,0.03742856648576873,0.5042724609375
29,FAST_TARGET,ZERO_STATE,128,0.19442890961282738,0.04098047768714763,0.5042724609375
29,FAST_TARGET,ACTION_STATE,128,0.18838218850625582,0.04333691426007679,0.5042724609375
29,FAST_TARGET,YOKED_STATE,128,0.19606374470121812,0.04061006641954029,0.5042724609375
29,FAST_TARGET,REACTIVE,128,0.15698541438707664,0.021937714101995756,0.5042724609375
30,TRAIN_LIKE,SELF_STATE,128,0.41664461648519613,0.047627636135349316,0.50341796875
30,TRAIN_LIKE,ZERO_STATE,128,0.3939697550859465,0.04960381597547127,0.50341796875
30,TRAIN_LIKE,ACTION_STATE,128,0.4276216454700698,0.04573293572479637,0.50341796875
30,TRAIN_LIKE,YOKED_STATE,128,0.39796864692200995,0.05017972635397102,0.50341796875
30,TRAIN_LIKE,REACTIVE,128,0.3858954699137282,0.04620841303117691,0.50341796875
30,LONG_BURST,SELF_STATE,128,1.114426914023114,0.047027527205255396,0.4931640625
30,LONG_BURST,ZERO_STATE,128,1.03228169349608,0.04812024147072601,0.4931640625
30,LONG_BURST,ACTION_STATE,128,1.2272962687546223,0.047198052683635,0.4931640625
30,LONG_BURST,YOKED_STATE,128,1.051358176957979,0.04817564559799803,0.4931640625
30,LONG_BURST,REACTIVE,128,0.999167288032936,0.04175624092671753,0.4931640625
30,LOW_MISSING,SELF_STATE,128,0.24746539158517525,0.04979874782072783,0.2515869140625
30,LOW_MISSING,ZERO_STATE,128,0.22587331966350918,0.048957804986815096,0.2515869140625
30,LOW_MISSING,ACTION_STATE,128,0.24858762355322034,0.0491201139975852,0.2515869140625
30,LOW_MISSING,YOKED_STATE,128,0.23074022540665126,0.04963290104859504,0.2515869140625
30,LOW_MISSING,REACTIVE,128,0.22800665773197268,0.03791883226635934,0.2515869140625
30,FAST_TARGET,SELF_STATE,128,0.23755118129805425,0.03384009592292463,0.502685546875
30,FAST_TARGET,ZERO_STATE,128,0.2087762085743384,0.0311843020925414,0.502685546875
30,FAST_TARGET,ACTION_STATE,128,0.21637780046399246,0.03273188888206402,0.502685546875
30,FAST_TARGET,YOKED_STATE,128,0.21136981776287392,0.0309644937807719,0.502685546875
30,FAST_TARGET,REACTIVE,128,0.14685601635796044,0.020439020161584352,0.502685546875
31,TRAIN_LIKE,SELF_STATE,128,0.32454899392699493,0.04767885175904575,0.5035400390625
31,TRAIN_LIKE,ZERO_STATE,128,0.3242180870494269,0.05058042926860307,0.5035400390625
31,TRAIN_LIKE,ACTION_STATE,128,0.3347788841431549,0.04695293852682876,0.5035400390625
31,TRAIN_LIKE,YOKED_STATE,128,0.3314812975394028,0.05002898979256317,0.5035400390625
31,TRAIN_LIKE,REACTIVE,128,0.37723323481329507,0.04229061153613463,0.5035400390625
31,LONG_BURST,SELF_STATE,128,0.6341732732366825,0.05850622283480379,0.51025390625
31,LONG_BURST,ZERO_STATE,128,0.6187530161741477,0.061414303629223885,0.51025390625
31,LONG_BURST,ACTION_STATE,128,0.6230696614875637,0.05709748383519296,0.51025390625
31,LONG_BURST,YOKED_STATE,128,0.6253143788537054,0.0616116137332237,0.51025390625
31,LONG_BURST,REACTIVE,128,0.6460495242847841,0.04653039669065024,0.51025390625
31,LOW_MISSING,SELF_STATE,128,0.21385365989480193,0.05167932170713529,0.2489013671875
31,LOW_MISSING,ZERO_STATE,128,0.21593623640858375,0.055323686760328616,0.2489013671875
31,LOW_MISSING,ACTION_STATE,128,0.22596564447838338,0.051980491055037104,0.2489013671875
31,LOW_MISSING,YOKED_STATE,128,0.22156331560979503,0.055415081960563925,0.2489013671875
31,LOW_MISSING,REACTIVE,128,0.2382782818872199,0.03945039849170454,0.2489013671875
31,FAST_TARGET,SELF_STATE,128,0.18043494306952418,0.031779381543128225,0.5084228515625
31,FAST_TARGET,ZERO_STATE,128,0.1780966882124258,0.03358494396659511,0.5084228515625
31,FAST_TARGET,ACTION_STATE,128,0.18984067911580094,0.03181608236652941,0.5084228515625
31,FAST_TARGET,YOKED_STATE,128,0.17993879446525426,0.03329998302202862,0.5084228515625
31,FAST_TARGET,REACTIVE,128,0.16077841715458457,0.02175788155230565,0.5084228515625
