generator,delay,contrast,reference_arm,mean_paired_difference,task_seed_bootstrap_95ci_low,task_seed_bootstrap_95ci_high,positive_seed_count,n_task_seeds
IID_GAUSSIAN,1,ELIGIBILITY_TRACE_64_MINUS_REFERENCE,EXACT_FIFO_64,-0.15363333333333334,-0.16483333333333333,-0.1426,0,30
IID_GAUSSIAN,1,ELIGIBILITY_TRACE_64_MINUS_REFERENCE,EXACT_FIFO_256,-0.15363333333333334,-0.1651,-0.1423666666666667,0,30
IID_GAUSSIAN,1,ELIGIBILITY_TRACE_64_MINUS_REFERENCE,EXACT_FIFO_1024,-0.15363333333333334,-0.1648666666666667,-0.14213250000000008,0,30
IID_GAUSSIAN,1,ELIGIBILITY_TRACE_64_MINUS_REFERENCE,EXACT_FIFO_4096,-0.15363333333333334,-0.16513333333333335,-0.14243250000000007,0,30
IID_GAUSSIAN,1,ELIGIBILITY_TRACE_64_MINUS_REFERENCE,CURRENT_FEATURE_64,0.35,0.32776666666666665,0.3723666666666667,30,30
IID_GAUSSIAN,1,ELIGIBILITY_TRACE_64_MINUS_REFERENCE,EXACT_REPLAY_UNBOUNDED,-0.15363333333333334,-0.16493333333333332,-0.14253250000000006,0,30
IID_GAUSSIAN,4,ELIGIBILITY_TRACE_64_MINUS_REFERENCE,EXACT_FIFO_64,0.306,0.2866,0.32526666666666665,30,30
IID_GAUSSIAN,4,ELIGIBILITY_TRACE_64_MINUS_REFERENCE,EXACT_FIFO_256,-0.16303333333333336,-0.17586750000000004,-0.15013333333333334,0,30
IID_GAUSSIAN,4,ELIGIBILITY_TRACE_64_MINUS_REFERENCE,EXACT_FIFO_1024,-0.16303333333333336,-0.17586750000000007,-0.1499,0,30
IID_GAUSSIAN,4,ELIGIBILITY_TRACE_64_MINUS_REFERENCE,EXACT_FIFO_4096,-0.16303333333333336,-0.1760666666666667,-0.1499,0,30
IID_GAUSSIAN,4,ELIGIBILITY_TRACE_64_MINUS_REFERENCE,CURRENT_FEATURE_64,0.35676666666666673,0.33696666666666675,0.37706749999999994,30,30
IID_GAUSSIAN,4,ELIGIBILITY_TRACE_64_MINUS_REFERENCE,EXACT_REPLAY_UNBOUNDED,-0.16303333333333336,-0.17623333333333335,-0.15023333333333333,0,30
IID_GAUSSIAN,16,ELIGIBILITY_TRACE_64_MINUS_REFERENCE,EXACT_FIFO_64,0.25536666666666663,0.23199916666666667,0.2791675,30,30
IID_GAUSSIAN,16,ELIGIBILITY_TRACE_64_MINUS_REFERENCE,EXACT_FIFO_256,0.19873333333333332,0.1797991666666666,0.2170675,30,30
IID_GAUSSIAN,16,ELIGIBILITY_TRACE_64_MINUS_REFERENCE,EXACT_FIFO_1024,-0.21359999999999998,-0.22833333333333333,-0.19886666666666666,0,30
IID_GAUSSIAN,16,ELIGIBILITY_TRACE_64_MINUS_REFERENCE,EXACT_FIFO_4096,-0.21359999999999998,-0.22843333333333335,-0.19880000000000003,0,30
IID_GAUSSIAN,16,ELIGIBILITY_TRACE_64_MINUS_REFERENCE,CURRENT_FEATURE_64,0.29346666666666665,0.2693658333333333,0.3178008333333333,30,30
IID_GAUSSIAN,16,ELIGIBILITY_TRACE_64_MINUS_REFERENCE,EXACT_REPLAY_UNBOUNDED,-0.21359999999999998,-0.22843416666666672,-0.19866666666666663,0,30
IID_GAUSSIAN,64,ELIGIBILITY_TRACE_64_MINUS_REFERENCE,EXACT_FIFO_64,0.08269999999999998,0.059000000000000004,0.10606666666666666,26,30
IID_GAUSSIAN,64,ELIGIBILITY_TRACE_64_MINUS_REFERENCE,EXACT_FIFO_256,0.02606666666666666,0.00683333333333333,0.0442,22,30
IID_GAUSSIAN,64,ELIGIBILITY_TRACE_64_MINUS_REFERENCE,EXACT_FIFO_1024,-0.0708,-0.09523333333333334,-0.049766666666666674,3,30
IID_GAUSSIAN,64,ELIGIBILITY_TRACE_64_MINUS_REFERENCE,EXACT_FIFO_4096,-0.3859666666666667,-0.40240000000000004,-0.3700666666666666,0,30
IID_GAUSSIAN,64,ELIGIBILITY_TRACE_64_MINUS_REFERENCE,CURRENT_FEATURE_64,0.12543333333333334,0.10439999999999999,0.14699999999999996,30,30
IID_GAUSSIAN,64,ELIGIBILITY_TRACE_64_MINUS_REFERENCE,EXACT_REPLAY_UNBOUNDED,-0.3859666666666667,-0.4023666666666667,-0.37016666666666664,0,30
AR1_GAUSSIAN,1,ELIGIBILITY_TRACE_64_MINUS_REFERENCE,EXACT_FIFO_64,-0.14166666666666666,-0.15336666666666662,-0.13019999999999998,0,30
AR1_GAUSSIAN,1,ELIGIBILITY_TRACE_64_MINUS_REFERENCE,EXACT_FIFO_256,-0.14166666666666666,-0.15353333333333333,-0.13010000000000002,0,30
AR1_GAUSSIAN,1,ELIGIBILITY_TRACE_64_MINUS_REFERENCE,EXACT_FIFO_1024,-0.14166666666666666,-0.1536,-0.1302,0,30
AR1_GAUSSIAN,1,ELIGIBILITY_TRACE_64_MINUS_REFERENCE,EXACT_FIFO_4096,-0.14166666666666666,-0.15343333333333337,-0.13,0,30
AR1_GAUSSIAN,1,ELIGIBILITY_TRACE_64_MINUS_REFERENCE,CURRENT_FEATURE_64,-0.1241,-0.13553333333333334,-0.11263333333333332,0,30
AR1_GAUSSIAN,1,ELIGIBILITY_TRACE_64_MINUS_REFERENCE,EXACT_REPLAY_UNBOUNDED,-0.14166666666666666,-0.15350000000000003,-0.13009916666666674,0,30
AR1_GAUSSIAN,4,ELIGIBILITY_TRACE_64_MINUS_REFERENCE,EXACT_FIFO_64,0.37126666666666674,0.34769999999999995,0.3933666666666666,30,30
AR1_GAUSSIAN,4,ELIGIBILITY_TRACE_64_MINUS_REFERENCE,EXACT_FIFO_256,-0.10546666666666665,-0.11736750000000001,-0.09419999999999999,0,30
AR1_GAUSSIAN,4,ELIGIBILITY_TRACE_64_MINUS_REFERENCE,EXACT_FIFO_1024,-0.10546666666666665,-0.11726666666666667,-0.09406666666666666,0,30
AR1_GAUSSIAN,4,ELIGIBILITY_TRACE_64_MINUS_REFERENCE,EXACT_FIFO_4096,-0.10546666666666665,-0.11706666666666665,-0.09406666666666666,0,30
AR1_GAUSSIAN,4,ELIGIBILITY_TRACE_64_MINUS_REFERENCE,CURRENT_FEATURE_64,-0.011933333333333348,-0.022767500000000027,-0.001366666666666679,13,30
AR1_GAUSSIAN,4,ELIGIBILITY_TRACE_64_MINUS_REFERENCE,EXACT_REPLAY_UNBOUNDED,-0.10546666666666665,-0.1171,-0.09386666666666668,0,30
AR1_GAUSSIAN,16,ELIGIBILITY_TRACE_64_MINUS_REFERENCE,EXACT_FIFO_64,0.3644,0.3408333333333333,0.38720000000000004,30,30
AR1_GAUSSIAN,16,ELIGIBILITY_TRACE_64_MINUS_REFERENCE,EXACT_FIFO_256,0.32350000000000007,0.29850000000000004,0.3469016666666665,30,30
AR1_GAUSSIAN,16,ELIGIBILITY_TRACE_64_MINUS_REFERENCE,EXACT_FIFO_1024,-0.11206666666666668,-0.12346666666666666,-0.10093333333333332,0,30
AR1_GAUSSIAN,16,ELIGIBILITY_TRACE_64_MINUS_REFERENCE,EXACT_FIFO_4096,-0.11206666666666668,-0.12333333333333331,-0.10079999999999997,0,30
AR1_GAUSSIAN,16,ELIGIBILITY_TRACE_64_MINUS_REFERENCE,CURRENT_FEATURE_64,0.34329999999999994,0.32480000000000003,0.36126749999999996,30,30
AR1_GAUSSIAN,16,ELIGIBILITY_TRACE_64_MINUS_REFERENCE,EXACT_REPLAY_UNBOUNDED,-0.11206666666666668,-0.1234,-0.10086583333333338,0,30
AR1_GAUSSIAN,64,ELIGIBILITY_TRACE_64_MINUS_REFERENCE,EXACT_FIFO_64,0.1724,0.14493249999999996,0.1973341666666666,29,30
AR1_GAUSSIAN,64,ELIGIBILITY_TRACE_64_MINUS_REFERENCE,EXACT_FIFO_256,0.1315,0.10236666666666668,0.15866666666666668,28,30
AR1_GAUSSIAN,64,ELIGIBILITY_TRACE_64_MINUS_REFERENCE,EXACT_FIFO_1024,0.07383333333333335,0.05196666666666667,0.09630000000000001,28,30
AR1_GAUSSIAN,64,ELIGIBILITY_TRACE_64_MINUS_REFERENCE,EXACT_FIFO_4096,-0.3034666666666667,-0.32059999999999994,-0.2862333333333333,0,30
AR1_GAUSSIAN,64,ELIGIBILITY_TRACE_64_MINUS_REFERENCE,CURRENT_FEATURE_64,0.18739999999999998,0.16843333333333332,0.20486666666666664,30,30
AR1_GAUSSIAN,64,ELIGIBILITY_TRACE_64_MINUS_REFERENCE,EXACT_REPLAY_UNBOUNDED,-0.3034666666666667,-0.3205666666666666,-0.28613333333333324,0,30
SPARSE_SIGN,1,ELIGIBILITY_TRACE_64_MINUS_REFERENCE,EXACT_FIFO_64,-0.14536666666666667,-0.16173333333333334,-0.1308,0,30
SPARSE_SIGN,1,ELIGIBILITY_TRACE_64_MINUS_REFERENCE,EXACT_FIFO_256,-0.14536666666666667,-0.16160000000000002,-0.13053333333333333,0,30
SPARSE_SIGN,1,ELIGIBILITY_TRACE_64_MINUS_REFERENCE,EXACT_FIFO_1024,-0.14536666666666667,-0.16173333333333337,-0.13046666666666665,0,30
SPARSE_SIGN,1,ELIGIBILITY_TRACE_64_MINUS_REFERENCE,EXACT_FIFO_4096,-0.14536666666666667,-0.16163333333333335,-0.13063333333333335,0,30
SPARSE_SIGN,1,ELIGIBILITY_TRACE_64_MINUS_REFERENCE,CURRENT_FEATURE_64,0.3621666666666666,0.34246666666666664,0.38210083333333333,30,30
SPARSE_SIGN,1,ELIGIBILITY_TRACE_64_MINUS_REFERENCE,EXACT_REPLAY_UNBOUNDED,-0.14536666666666667,-0.16153416666666673,-0.13073250000000006,0,30
SPARSE_SIGN,4,ELIGIBILITY_TRACE_64_MINUS_REFERENCE,EXACT_FIFO_64,0.31103333333333333,0.2875,0.33356666666666673,30,30
SPARSE_SIGN,4,ELIGIBILITY_TRACE_64_MINUS_REFERENCE,EXACT_FIFO_256,-0.1563,-0.1716341666666667,-0.14223333333333338,0,30
SPARSE_SIGN,4,ELIGIBILITY_TRACE_64_MINUS_REFERENCE,EXACT_FIFO_1024,-0.1563,-0.1717666666666667,-0.14223250000000007,0,30
SPARSE_SIGN,4,ELIGIBILITY_TRACE_64_MINUS_REFERENCE,EXACT_FIFO_4096,-0.1563,-0.17173416666666672,-0.14226666666666668,0,30
SPARSE_SIGN,4,ELIGIBILITY_TRACE_64_MINUS_REFERENCE,CURRENT_FEATURE_64,0.3551,0.33840000000000003,0.3717,30,30
SPARSE_SIGN,4,ELIGIBILITY_TRACE_64_MINUS_REFERENCE,EXACT_REPLAY_UNBOUNDED,-0.1563,-0.17203333333333334,-0.1423666666666667,0,30
SPARSE_SIGN,16,ELIGIBILITY_TRACE_64_MINUS_REFERENCE,EXACT_FIFO_64,0.25956666666666667,0.2355325,0.2842333333333333,30,30
SPARSE_SIGN,16,ELIGIBILITY_TRACE_64_MINUS_REFERENCE,EXACT_FIFO_256,0.20719999999999997,0.18313249999999998,0.2286,30,30
SPARSE_SIGN,16,ELIGIBILITY_TRACE_64_MINUS_REFERENCE,EXACT_FIFO_1024,-0.20750000000000002,-0.22603333333333328,-0.19030000000000002,0,30
SPARSE_SIGN,16,ELIGIBILITY_TRACE_64_MINUS_REFERENCE,EXACT_FIFO_4096,-0.20750000000000002,-0.2257666666666666,-0.19033333333333335,0,30
SPARSE_SIGN,16,ELIGIBILITY_TRACE_64_MINUS_REFERENCE,CURRENT_FEATURE_64,0.30173333333333335,0.2796325,0.32399999999999995,30,30
SPARSE_SIGN,16,ELIGIBILITY_TRACE_64_MINUS_REFERENCE,EXACT_REPLAY_UNBOUNDED,-0.20750000000000002,-0.2262341666666667,-0.19053333333333336,0,30
SPARSE_SIGN,64,ELIGIBILITY_TRACE_64_MINUS_REFERENCE,EXACT_FIFO_64,0.0914,0.06563333333333334,0.11749999999999998,29,30
SPARSE_SIGN,64,ELIGIBILITY_TRACE_64_MINUS_REFERENCE,EXACT_FIFO_256,0.039033333333333343,0.016866666666666665,0.0601,25,30
SPARSE_SIGN,64,ELIGIBILITY_TRACE_64_MINUS_REFERENCE,EXACT_FIFO_1024,-0.07736666666666665,-0.10073333333333333,-0.05519916666666674,1,30
SPARSE_SIGN,64,ELIGIBILITY_TRACE_64_MINUS_REFERENCE,EXACT_FIFO_4096,-0.3754666666666667,-0.3966333333333332,-0.35496666666666665,0,30
SPARSE_SIGN,64,ELIGIBILITY_TRACE_64_MINUS_REFERENCE,CURRENT_FEATURE_64,0.1282333333333333,0.10453333333333334,0.15023333333333333,29,30
SPARSE_SIGN,64,ELIGIBILITY_TRACE_64_MINUS_REFERENCE,EXACT_REPLAY_UNBOUNDED,-0.3754666666666667,-0.3967341666666667,-0.3545666666666667,0,30
