group,animal_id,horizon_samples,horizon,neural_signal,candidate_samples,positive_samples,negative_samples,event_prevalence,baseline_history_auc,history_plus_neural_auc,incremental_auc,oof_samples
WT,WT_1,1,0.5s_secondary,AIY,562,12,550,0.02135231317,0.370530303,0.7004545455,0.3299242424,562
WT,WT_1,1,0.5s_secondary,AVA,562,12,550,0.02135231317,0.370530303,0.4162121212,0.04568181818,562
WT,WT_1,4,2s_primary,AIY,559,12,547,0.02146690519,0.3670780012,0.699725777,0.3326477757,559
WT,WT_1,4,2s_primary,AVA,559,12,547,0.02146690519,0.3670780012,0.4128580134,0.04578001219,559
WT,WT_1,10,5s_secondary,AIY,559,12,547,0.02146690519,0.3670780012,0.699725777,0.3326477757,559
WT,WT_1,10,5s_secondary,AVA,559,12,547,0.02146690519,0.3670780012,0.4128580134,0.04578001219,559
WT,WT_2,1,0.5s_secondary,AIY,942,10,932,0.01061571125,0.2652896996,0.4830472103,0.2177575107,942
WT,WT_2,1,0.5s_secondary,AVA,942,10,932,0.01061571125,0.2652896996,0.7519313305,0.4866416309,942
WT,WT_2,4,2s_primary,AIY,939,10,929,0.01064962726,0.2648546825,0.4807319699,0.2158772874,939
WT,WT_2,4,2s_primary,AVA,939,10,929,0.01064962726,0.2648546825,0.7511302476,0.4862755651,939
WT,WT_2,10,5s_secondary,AIY,933,10,923,0.01071811361,0.2639761647,0.4754062839,0.2114301192,933
WT,WT_2,10,5s_secondary,AVA,933,10,923,0.01071811361,0.2639761647,0.749404117,0.4854279523,933
WT,WT_3,1,0.5s_secondary,AIY,801,14,787,0.01747815231,0.2661100018,0.482755491,0.2166454892,801
WT,WT_3,1,0.5s_secondary,AVA,801,14,787,0.01747815231,0.2661100018,0.4371029225,0.1709929207,801
WT,WT_3,4,2s_primary,AIY,801,14,787,0.01747815231,0.2661100018,0.482755491,0.2166454892,801
WT,WT_3,4,2s_primary,AVA,801,14,787,0.01747815231,0.2661100018,0.4371029225,0.1709929207,801
WT,WT_3,10,5s_secondary,AIY,801,14,787,0.01747815231,0.2661100018,0.482755491,0.2166454892,801
WT,WT_3,10,5s_secondary,AVA,801,14,787,0.01747815231,0.2661100018,0.4371029225,0.1709929207,801
WT,WT_4,1,0.5s_secondary,AIY,681,18,663,0.02643171806,0.4349338026,0.685520362,0.2505865594,681
WT,WT_4,1,0.5s_secondary,AVA,681,18,663,0.02643171806,0.4349338026,0.767890062,0.3329562594,681
WT,WT_4,4,2s_primary,AIY,678,18,660,0.02654867257,0.4353956229,0.6867003367,0.2513047138,678
WT,WT_4,4,2s_primary,AVA,678,18,660,0.02654867257,0.4353956229,0.7677609428,0.3323653199,678
WT,WT_4,10,5s_secondary,AIY,672,18,654,0.02678571429,0.4307254502,0.6882432892,0.2575178389,672
WT,WT_4,10,5s_secondary,AVA,672,18,654,0.02678571429,0.4307254502,0.7655453619,0.3348199117,672
WT,WT_5,1,0.5s_secondary,AIY,922,6,916,0.006507592191,0.2120633188,0.2434497817,0.03138646288,922
WT,WT_5,1,0.5s_secondary,AVA,922,6,916,0.006507592191,0.2120633188,0.6935953421,0.4815320233,922
WT,WT_5,4,2s_primary,AIY,919,6,913,0.006528835691,0.2127601314,0.2451624681,0.03240233662,919
WT,WT_5,4,2s_primary,AVA,919,6,913,0.006528835691,0.2127601314,0.694048923,0.4812887915,919
WT,WT_5,10,5s_secondary,AIY,913,6,907,0.006571741512,0.2141675854,0.2484380742,0.03427048879,913
WT,WT_5,10,5s_secondary,AVA,913,6,907,0.006571741512,0.2141675854,0.6929437707,0.4787761852,913
RIM_ABLATED,RIM_ABLATED_1,1,0.5s_secondary,AIY,613,0,613,0,,,,0
RIM_ABLATED,RIM_ABLATED_1,1,0.5s_secondary,AVA,613,0,613,0,,,,0
RIM_ABLATED,RIM_ABLATED_1,4,2s_primary,AIY,623,10,613,0.01605136437,0.1398042414,0.1280587276,-0.01174551387,623
RIM_ABLATED,RIM_ABLATED_1,4,2s_primary,AVA,623,10,613,0.01605136437,0.1398042414,0.2724306688,0.1326264274,623
RIM_ABLATED,RIM_ABLATED_1,10,5s_secondary,AIY,623,10,613,0.01605136437,0.1398042414,0.1280587276,-0.01174551387,623
RIM_ABLATED,RIM_ABLATED_1,10,5s_secondary,AVA,623,10,613,0.01605136437,0.1398042414,0.2724306688,0.1326264274,623
RIM_ABLATED,RIM_ABLATED_2,1,0.5s_secondary,AIY,471,0,471,0,,,,0
RIM_ABLATED,RIM_ABLATED_2,1,0.5s_secondary,AVA,471,0,471,0,,,,0
RIM_ABLATED,RIM_ABLATED_2,4,2s_primary,AIY,483,15,468,0.03105590062,0.3591880342,0.5713675214,0.2121794872,483
RIM_ABLATED,RIM_ABLATED_2,4,2s_primary,AVA,483,15,468,0.03105590062,0.3591880342,0.4997150997,0.1405270655,483
RIM_ABLATED,RIM_ABLATED_2,10,5s_secondary,AIY,479,15,464,0.03131524008,0.3619971264,0.5774425287,0.2154454023,479
RIM_ABLATED,RIM_ABLATED_2,10,5s_secondary,AVA,479,15,464,0.03131524008,0.3619971264,0.5043103448,0.1423132184,479
RIM_ABLATED,RIM_ABLATED_3,1,0.5s_secondary,AIY,668,0,668,0,,,,0
RIM_ABLATED,RIM_ABLATED_3,1,0.5s_secondary,AVA,668,0,668,0,,,,0
RIM_ABLATED,RIM_ABLATED_3,4,2s_primary,AIY,681,13,668,0.01908957416,0.3274412713,0.4006218333,0.07318056195,681
RIM_ABLATED,RIM_ABLATED_3,4,2s_primary,AVA,681,13,668,0.01908957416,0.3274412713,0.3963611239,0.0689198526,681
RIM_ABLATED,RIM_ABLATED_3,10,5s_secondary,AIY,681,13,668,0.01908957416,0.3274412713,0.4006218333,0.07318056195,681
RIM_ABLATED,RIM_ABLATED_3,10,5s_secondary,AVA,681,13,668,0.01908957416,0.3274412713,0.3963611239,0.0689198526,681
RIM_ABLATED,RIM_ABLATED_4,1,0.5s_secondary,AIY,518,0,518,0,,,,0
RIM_ABLATED,RIM_ABLATED_4,1,0.5s_secondary,AVA,518,0,518,0,,,,0
RIM_ABLATED,RIM_ABLATED_4,4,2s_primary,AIY,530,12,518,0.02264150943,0.3363899614,0.4388674389,0.1024774775,530
RIM_ABLATED,RIM_ABLATED_4,4,2s_primary,AVA,530,12,518,0.02264150943,0.3363899614,0.3820785071,0.04568854569,530
RIM_ABLATED,RIM_ABLATED_4,10,5s_secondary,AIY,530,12,518,0.02264150943,0.3363899614,0.4388674389,0.1024774775,530
RIM_ABLATED,RIM_ABLATED_4,10,5s_secondary,AVA,530,12,518,0.02264150943,0.3363899614,0.3820785071,0.04568854569,530
RIM_ABLATED,RIM_ABLATED_5,1,0.5s_secondary,AIY,295,0,295,0,,,,0
RIM_ABLATED,RIM_ABLATED_5,1,0.5s_secondary,AVA,295,0,295,0,,,,0
RIM_ABLATED,RIM_ABLATED_5,4,2s_primary,AIY,307,12,295,0.03908794788,0.418079096,0.4316384181,0.01355932203,307
RIM_ABLATED,RIM_ABLATED_5,4,2s_primary,AVA,307,12,295,0.03908794788,0.418079096,0.4324858757,0.01440677966,307
RIM_ABLATED,RIM_ABLATED_5,10,5s_secondary,AIY,307,12,295,0.03908794788,0.418079096,0.4316384181,0.01355932203,307
RIM_ABLATED,RIM_ABLATED_5,10,5s_secondary,AVA,307,12,295,0.03908794788,0.418079096,0.4324858757,0.01440677966,307
