group,session_index,fold,arm,n_train,n_test,n_cf_candidates,offsets_frames,p95_min,p95_max,fit_status,n_components
1-s expert,1,0,BIO_CF_LTD,78,20,4,"[-4, -3, -2, -1]",1.3762310564517946,9.782679843902581,FIT_OK,
1-s expert,1,0,BIO_NO_TRACE,78,20,4,[0],1.3762310564517946,9.782679843902581,FIT_OK,
1-s expert,1,0,CF_EVENT_YOKED,78,20,4,"[-4, -3, -2, -1]",1.3762310564517946,9.782679843902581,FIT_OK,
1-s expert,1,0,GRC_TIME_SHUFFLED,78,20,4,"[-4, -3, -2, -1]",1.3762310564517946,9.782679843902581,FIT_OK,
1-s expert,1,0,CELL_SHUFFLED,78,20,4,"[-4, -3, -2, -1]",1.3762310564517946,9.782679843902581,FIT_OK,
1-s expert,1,0,RAW_GRC_PCA16_RIDGE,78,20,,,,,FIT_OK,16
1-s expert,1,1,BIO_CF_LTD,78,20,3,"[-4, -3, -2, -1]",1.3571124196052549,10.035505533218378,FIT_OK,
1-s expert,1,1,BIO_NO_TRACE,78,20,3,[0],1.3571124196052549,10.035505533218378,FIT_OK,
1-s expert,1,1,CF_EVENT_YOKED,78,20,3,"[-4, -3, -2, -1]",1.3571124196052549,10.035505533218378,FIT_OK,
1-s expert,1,1,GRC_TIME_SHUFFLED,78,20,3,"[-4, -3, -2, -1]",1.3571124196052549,10.035505533218378,FIT_OK,
1-s expert,1,1,CELL_SHUFFLED,78,20,3,"[-4, -3, -2, -1]",1.3571124196052549,10.035505533218378,FIT_OK,
1-s expert,1,1,RAW_GRC_PCA16_RIDGE,78,20,,,,,FIT_OK,16
1-s expert,1,2,BIO_CF_LTD,78,20,5,"[-4, -3, -2, -1]",1.30728787779808,9.83543925285338,FIT_OK,
1-s expert,1,2,BIO_NO_TRACE,78,20,5,[0],1.30728787779808,9.83543925285338,FIT_OK,
1-s expert,1,2,CF_EVENT_YOKED,78,20,5,"[-4, -3, -2, -1]",1.30728787779808,9.83543925285338,FIT_OK,
1-s expert,1,2,GRC_TIME_SHUFFLED,78,20,5,"[-4, -3, -2, -1]",1.30728787779808,9.83543925285338,FIT_OK,
1-s expert,1,2,CELL_SHUFFLED,78,20,5,"[-4, -3, -2, -1]",1.30728787779808,9.83543925285338,FIT_OK,
1-s expert,1,2,RAW_GRC_PCA16_RIDGE,78,20,,,,,FIT_OK,16
1-s expert,1,3,BIO_CF_LTD,79,19,6,"[-4, -3, -2, -1]",1.3610087633132935,9.689052104949951,FIT_OK,
1-s expert,1,3,BIO_NO_TRACE,79,19,6,[0],1.3610087633132935,9.689052104949951,FIT_OK,
1-s expert,1,3,CF_EVENT_YOKED,79,19,6,"[-4, -3, -2, -1]",1.3610087633132935,9.689052104949951,FIT_OK,
1-s expert,1,3,GRC_TIME_SHUFFLED,79,19,6,"[-4, -3, -2, -1]",1.3610087633132935,9.689052104949951,FIT_OK,
1-s expert,1,3,CELL_SHUFFLED,79,19,6,"[-4, -3, -2, -1]",1.3610087633132935,9.689052104949951,FIT_OK,
1-s expert,1,3,RAW_GRC_PCA16_RIDGE,79,19,,,,,FIT_OK,16
1-s expert,1,4,BIO_CF_LTD,79,19,3,"[-4, -3, -2, -1]",1.3556100726127625,9.689617156982422,FIT_OK,
1-s expert,1,4,BIO_NO_TRACE,79,19,3,[0],1.3556100726127625,9.689617156982422,FIT_OK,
1-s expert,1,4,CF_EVENT_YOKED,79,19,3,"[-4, -3, -2, -1]",1.3556100726127625,9.689617156982422,FIT_OK,
1-s expert,1,4,GRC_TIME_SHUFFLED,79,19,3,"[-4, -3, -2, -1]",1.3556100726127625,9.689617156982422,FIT_OK,
1-s expert,1,4,CELL_SHUFFLED,79,19,3,"[-4, -3, -2, -1]",1.3556100726127625,9.689617156982422,FIT_OK,
1-s expert,1,4,RAW_GRC_PCA16_RIDGE,79,19,,,,,FIT_OK,16
1-s expert,2,0,BIO_CF_LTD,65,17,6,"[-4, -3, -2, -1]",1.8340792179107661,7.669032859802242,FIT_OK,
1-s expert,2,0,BIO_NO_TRACE,65,17,6,[0],1.8340792179107661,7.669032859802242,FIT_OK,
1-s expert,2,0,CF_EVENT_YOKED,65,17,6,"[-4, -3, -2, -1]",1.8340792179107661,7.669032859802242,FIT_OK,
1-s expert,2,0,GRC_TIME_SHUFFLED,65,17,6,"[-4, -3, -2, -1]",1.8340792179107661,7.669032859802242,FIT_OK,
1-s expert,2,0,CELL_SHUFFLED,65,17,6,"[-4, -3, -2, -1]",1.8340792179107661,7.669032859802242,FIT_OK,
1-s expert,2,0,RAW_GRC_PCA16_RIDGE,65,17,,,,,FIT_OK,16
1-s expert,2,1,BIO_CF_LTD,65,17,4,"[-4, -3, -2, -1]",1.8340016126632683,8.33431167602539,FIT_OK,
1-s expert,2,1,BIO_NO_TRACE,65,17,4,[0],1.8340016126632683,8.33431167602539,FIT_OK,
1-s expert,2,1,CF_EVENT_YOKED,65,17,4,"[-4, -3, -2, -1]",1.8340016126632683,8.33431167602539,FIT_OK,
1-s expert,2,1,GRC_TIME_SHUFFLED,65,17,4,"[-4, -3, -2, -1]",1.8340016126632683,8.33431167602539,FIT_OK,
1-s expert,2,1,CELL_SHUFFLED,65,17,4,"[-4, -3, -2, -1]",1.8340016126632683,8.33431167602539,FIT_OK,
1-s expert,2,1,RAW_GRC_PCA16_RIDGE,65,17,,,,,FIT_OK,16
1-s expert,2,2,BIO_CF_LTD,66,16,4,"[-4, -3, -2, -1]",1.820405012369156,7.718526387214661,FIT_OK,
1-s expert,2,2,BIO_NO_TRACE,66,16,4,[0],1.820405012369156,7.718526387214661,FIT_OK,
1-s expert,2,2,CF_EVENT_YOKED,66,16,4,"[-4, -3, -2, -1]",1.820405012369156,7.718526387214661,FIT_OK,
1-s expert,2,2,GRC_TIME_SHUFFLED,66,16,4,"[-4, -3, -2, -1]",1.820405012369156,7.718526387214661,FIT_OK,
1-s expert,2,2,CELL_SHUFFLED,66,16,4,"[-4, -3, -2, -1]",1.820405012369156,7.718526387214661,FIT_OK,
1-s expert,2,2,RAW_GRC_PCA16_RIDGE,66,16,,,,,FIT_OK,16
1-s expert,2,3,BIO_CF_LTD,66,16,7,"[-4, -3, -2, -1]",1.797145450115204,7.9313633680343685,FIT_OK,
1-s expert,2,3,BIO_NO_TRACE,66,16,7,[0],1.797145450115204,7.9313633680343685,FIT_OK,
1-s expert,2,3,CF_EVENT_YOKED,66,16,7,"[-4, -3, -2, -1]",1.797145450115204,7.9313633680343685,FIT_OK,
1-s expert,2,3,GRC_TIME_SHUFFLED,66,16,7,"[-4, -3, -2, -1]",1.797145450115204,7.9313633680343685,FIT_OK,
1-s expert,2,3,CELL_SHUFFLED,66,16,7,"[-4, -3, -2, -1]",1.797145450115204,7.9313633680343685,FIT_OK,
1-s expert,2,3,RAW_GRC_PCA16_RIDGE,66,16,,,,,FIT_OK,16
1-s expert,2,4,BIO_CF_LTD,66,16,6,"[-4, -3, -2, -1]",1.815815341472626,8.13670802116394,FIT_OK,
1-s expert,2,4,BIO_NO_TRACE,66,16,6,[0],1.815815341472626,8.13670802116394,FIT_OK,
1-s expert,2,4,CF_EVENT_YOKED,66,16,6,"[-4, -3, -2, -1]",1.815815341472626,8.13670802116394,FIT_OK,
1-s expert,2,4,GRC_TIME_SHUFFLED,66,16,6,"[-4, -3, -2, -1]",1.815815341472626,8.13670802116394,FIT_OK,
1-s expert,2,4,CELL_SHUFFLED,66,16,6,"[-4, -3, -2, -1]",1.815815341472626,8.13670802116394,FIT_OK,
1-s expert,2,4,RAW_GRC_PCA16_RIDGE,66,16,,,,,FIT_OK,16
1-s expert,3,0,BIO_CF_LTD,43,11,0,"[-4, -3, -2, -1]",,,NO_CF_CANDIDATE_ZERO_SIGNAL,
1-s expert,3,0,BIO_NO_TRACE,43,11,0,[0],,,NO_CF_CANDIDATE_ZERO_SIGNAL,
1-s expert,3,0,CF_EVENT_YOKED,43,11,0,"[-4, -3, -2, -1]",,,NO_CF_CANDIDATE_ZERO_SIGNAL,
1-s expert,3,0,GRC_TIME_SHUFFLED,43,11,0,"[-4, -3, -2, -1]",,,NO_CF_CANDIDATE_ZERO_SIGNAL,
1-s expert,3,0,CELL_SHUFFLED,43,11,0,"[-4, -3, -2, -1]",,,NO_CF_CANDIDATE_ZERO_SIGNAL,
1-s expert,3,0,RAW_GRC_PCA16_RIDGE,43,11,,,,,FIT_OK,16
1-s expert,3,1,BIO_CF_LTD,43,11,1,"[-4, -3, -2, -1]",1.900603878498077,3.639263057708738,FIT_OK,
1-s expert,3,1,BIO_NO_TRACE,43,11,1,[0],1.900603878498077,3.639263057708738,FIT_OK,
1-s expert,3,1,CF_EVENT_YOKED,43,11,1,"[-4, -3, -2, -1]",1.900603878498077,3.639263057708738,FIT_OK,
1-s expert,3,1,GRC_TIME_SHUFFLED,43,11,1,"[-4, -3, -2, -1]",1.900603878498077,3.639263057708738,FIT_OK,
1-s expert,3,1,CELL_SHUFFLED,43,11,1,"[-4, -3, -2, -1]",1.900603878498077,3.639263057708738,FIT_OK,
1-s expert,3,1,RAW_GRC_PCA16_RIDGE,43,11,,,,,FIT_OK,16
1-s expert,3,2,BIO_CF_LTD,43,11,0,"[-4, -3, -2, -1]",,,NO_CF_CANDIDATE_ZERO_SIGNAL,
1-s expert,3,2,BIO_NO_TRACE,43,11,0,[0],,,NO_CF_CANDIDATE_ZERO_SIGNAL,
1-s expert,3,2,CF_EVENT_YOKED,43,11,0,"[-4, -3, -2, -1]",,,NO_CF_CANDIDATE_ZERO_SIGNAL,
1-s expert,3,2,GRC_TIME_SHUFFLED,43,11,0,"[-4, -3, -2, -1]",,,NO_CF_CANDIDATE_ZERO_SIGNAL,
1-s expert,3,2,CELL_SHUFFLED,43,11,0,"[-4, -3, -2, -1]",,,NO_CF_CANDIDATE_ZERO_SIGNAL,
1-s expert,3,2,RAW_GRC_PCA16_RIDGE,43,11,,,,,FIT_OK,16
1-s expert,3,3,BIO_CF_LTD,43,11,0,"[-4, -3, -2, -1]",,,NO_CF_CANDIDATE_ZERO_SIGNAL,
1-s expert,3,3,BIO_NO_TRACE,43,11,0,[0],,,NO_CF_CANDIDATE_ZERO_SIGNAL,
1-s expert,3,3,CF_EVENT_YOKED,43,11,0,"[-4, -3, -2, -1]",,,NO_CF_CANDIDATE_ZERO_SIGNAL,
1-s expert,3,3,GRC_TIME_SHUFFLED,43,11,0,"[-4, -3, -2, -1]",,,NO_CF_CANDIDATE_ZERO_SIGNAL,
1-s expert,3,3,CELL_SHUFFLED,43,11,0,"[-4, -3, -2, -1]",,,NO_CF_CANDIDATE_ZERO_SIGNAL,
1-s expert,3,3,RAW_GRC_PCA16_RIDGE,43,11,,,,,FIT_OK,16
1-s expert,3,4,BIO_CF_LTD,44,10,0,"[-4, -3, -2, -1]",,,NO_CF_CANDIDATE_ZERO_SIGNAL,
1-s expert,3,4,BIO_NO_TRACE,44,10,0,[0],,,NO_CF_CANDIDATE_ZERO_SIGNAL,
1-s expert,3,4,CF_EVENT_YOKED,44,10,0,"[-4, -3, -2, -1]",,,NO_CF_CANDIDATE_ZERO_SIGNAL,
1-s expert,3,4,GRC_TIME_SHUFFLED,44,10,0,"[-4, -3, -2, -1]",,,NO_CF_CANDIDATE_ZERO_SIGNAL,
1-s expert,3,4,CELL_SHUFFLED,44,10,0,"[-4, -3, -2, -1]",,,NO_CF_CANDIDATE_ZERO_SIGNAL,
1-s expert,3,4,RAW_GRC_PCA16_RIDGE,44,10,,,,,FIT_OK,16
1-s expert,4,0,BIO_CF_LTD,44,12,4,"[-4, -3, -2, -1]",1.8816257417201996,4.774554371833801,FIT_OK,
1-s expert,4,0,BIO_NO_TRACE,44,12,4,[0],1.8816257417201996,4.774554371833801,FIT_OK,
1-s expert,4,0,CF_EVENT_YOKED,44,12,4,"[-4, -3, -2, -1]",1.8816257417201996,4.774554371833801,FIT_OK,
1-s expert,4,0,GRC_TIME_SHUFFLED,44,12,4,"[-4, -3, -2, -1]",1.8816257417201996,4.774554371833801,FIT_OK,
1-s expert,4,0,CELL_SHUFFLED,44,12,4,"[-4, -3, -2, -1]",1.8816257417201996,4.774554371833801,FIT_OK,
1-s expert,4,0,RAW_GRC_PCA16_RIDGE,44,12,,,,,FIT_OK,16
1-s expert,4,1,BIO_CF_LTD,45,11,5,"[-4, -3, -2, -1]",1.9140450954437256,5.716603279113769,FIT_OK,
1-s expert,4,1,BIO_NO_TRACE,45,11,5,[0],1.9140450954437256,5.716603279113769,FIT_OK,
1-s expert,4,1,CF_EVENT_YOKED,45,11,5,"[-4, -3, -2, -1]",1.9140450954437256,5.716603279113769,FIT_OK,
1-s expert,4,1,GRC_TIME_SHUFFLED,45,11,5,"[-4, -3, -2, -1]",1.9140450954437256,5.716603279113769,FIT_OK,
1-s expert,4,1,CELL_SHUFFLED,45,11,5,"[-4, -3, -2, -1]",1.9140450954437256,5.716603279113769,FIT_OK,
1-s expert,4,1,RAW_GRC_PCA16_RIDGE,45,11,,,,,FIT_OK,16
1-s expert,4,2,BIO_CF_LTD,45,11,3,"[-4, -3, -2, -1]",1.8634066820144646,5.770007324218742,FIT_OK,
1-s expert,4,2,BIO_NO_TRACE,45,11,3,[0],1.8634066820144646,5.770007324218742,FIT_OK,
1-s expert,4,2,CF_EVENT_YOKED,45,11,3,"[-4, -3, -2, -1]",1.8634066820144646,5.770007324218742,FIT_OK,
1-s expert,4,2,GRC_TIME_SHUFFLED,45,11,3,"[-4, -3, -2, -1]",1.8634066820144646,5.770007324218742,FIT_OK,
1-s expert,4,2,CELL_SHUFFLED,45,11,3,"[-4, -3, -2, -1]",1.8634066820144646,5.770007324218742,FIT_OK,
1-s expert,4,2,RAW_GRC_PCA16_RIDGE,45,11,,,,,FIT_OK,16
1-s expert,4,3,BIO_CF_LTD,45,11,3,"[-4, -3, -2, -1]",1.8855333566665635,5.437794399261472,FIT_OK,
1-s expert,4,3,BIO_NO_TRACE,45,11,3,[0],1.8855333566665635,5.437794399261472,FIT_OK,
1-s expert,4,3,CF_EVENT_YOKED,45,11,3,"[-4, -3, -2, -1]",1.8855333566665635,5.437794399261472,FIT_OK,
1-s expert,4,3,GRC_TIME_SHUFFLED,45,11,3,"[-4, -3, -2, -1]",1.8855333566665635,5.437794399261472,FIT_OK,
1-s expert,4,3,CELL_SHUFFLED,45,11,3,"[-4, -3, -2, -1]",1.8855333566665635,5.437794399261472,FIT_OK,
1-s expert,4,3,RAW_GRC_PCA16_RIDGE,45,11,,,,,FIT_OK,16
1-s expert,4,4,BIO_CF_LTD,45,11,3,"[-4, -3, -2, -1]",1.8590163230895977,5.7605282783508285,FIT_OK,
1-s expert,4,4,BIO_NO_TRACE,45,11,3,[0],1.8590163230895977,5.7605282783508285,FIT_OK,
1-s expert,4,4,CF_EVENT_YOKED,45,11,3,"[-4, -3, -2, -1]",1.8590163230895977,5.7605282783508285,FIT_OK,
1-s expert,4,4,GRC_TIME_SHUFFLED,45,11,3,"[-4, -3, -2, -1]",1.8590163230895977,5.7605282783508285,FIT_OK,
1-s expert,4,4,CELL_SHUFFLED,45,11,3,"[-4, -3, -2, -1]",1.8590163230895977,5.7605282783508285,FIT_OK,
1-s expert,4,4,RAW_GRC_PCA16_RIDGE,45,11,,,,,FIT_OK,16
1-s expert,5,0,BIO_CF_LTD,43,11,6,"[-4, -3, -2, -1]",1.711835992336273,5.223117446899414,FIT_OK,
1-s expert,5,0,BIO_NO_TRACE,43,11,6,[0],1.711835992336273,5.223117446899414,FIT_OK,
1-s expert,5,0,CF_EVENT_YOKED,43,11,6,"[-4, -3, -2, -1]",1.711835992336273,5.223117446899414,FIT_OK,
1-s expert,5,0,GRC_TIME_SHUFFLED,43,11,6,"[-4, -3, -2, -1]",1.711835992336273,5.223117446899414,FIT_OK,
1-s expert,5,0,CELL_SHUFFLED,43,11,6,"[-4, -3, -2, -1]",1.711835992336273,5.223117446899414,FIT_OK,
1-s expert,5,0,RAW_GRC_PCA16_RIDGE,43,11,,,,,FIT_OK,16
1-s expert,5,1,BIO_CF_LTD,43,11,10,"[-4, -3, -2, -1]",1.6855569839477533,4.743517732620239,FIT_OK,
1-s expert,5,1,BIO_NO_TRACE,43,11,10,[0],1.6855569839477533,4.743517732620239,FIT_OK,
1-s expert,5,1,CF_EVENT_YOKED,43,11,10,"[-4, -3, -2, -1]",1.6855569839477533,4.743517732620239,FIT_OK,
1-s expert,5,1,GRC_TIME_SHUFFLED,43,11,10,"[-4, -3, -2, -1]",1.6855569839477533,4.743517732620239,FIT_OK,
1-s expert,5,1,CELL_SHUFFLED,43,11,10,"[-4, -3, -2, -1]",1.6855569839477533,4.743517732620239,FIT_OK,
1-s expert,5,1,RAW_GRC_PCA16_RIDGE,43,11,,,,,FIT_OK,16
1-s expert,5,2,BIO_CF_LTD,43,11,9,"[-4, -3, -2, -1]",1.6849839925765986,4.547494363784789,FIT_OK,
1-s expert,5,2,BIO_NO_TRACE,43,11,9,[0],1.6849839925765986,4.547494363784789,FIT_OK,
1-s expert,5,2,CF_EVENT_YOKED,43,11,9,"[-4, -3, -2, -1]",1.6849839925765986,4.547494363784789,FIT_OK,
1-s expert,5,2,GRC_TIME_SHUFFLED,43,11,9,"[-4, -3, -2, -1]",1.6849839925765986,4.547494363784789,FIT_OK,
1-s expert,5,2,CELL_SHUFFLED,43,11,9,"[-4, -3, -2, -1]",1.6849839925765986,4.547494363784789,FIT_OK,
1-s expert,5,2,RAW_GRC_PCA16_RIDGE,43,11,,,,,FIT_OK,16
1-s expert,5,3,BIO_CF_LTD,43,11,9,"[-4, -3, -2, -1]",1.730736470222473,4.7315716743469185,FIT_OK,
1-s expert,5,3,BIO_NO_TRACE,43,11,9,[0],1.730736470222473,4.7315716743469185,FIT_OK,
1-s expert,5,3,CF_EVENT_YOKED,43,11,9,"[-4, -3, -2, -1]",1.730736470222473,4.7315716743469185,FIT_OK,
1-s expert,5,3,GRC_TIME_SHUFFLED,43,11,9,"[-4, -3, -2, -1]",1.730736470222473,4.7315716743469185,FIT_OK,
1-s expert,5,3,CELL_SHUFFLED,43,11,9,"[-4, -3, -2, -1]",1.730736470222473,4.7315716743469185,FIT_OK,
1-s expert,5,3,RAW_GRC_PCA16_RIDGE,43,11,,,,,FIT_OK,16
1-s expert,5,4,BIO_CF_LTD,44,10,8,"[-4, -3, -2, -1]",1.7459434568881989,5.085531115531921,FIT_OK,
1-s expert,5,4,BIO_NO_TRACE,44,10,8,[0],1.7459434568881989,5.085531115531921,FIT_OK,
1-s expert,5,4,CF_EVENT_YOKED,44,10,8,"[-4, -3, -2, -1]",1.7459434568881989,5.085531115531921,FIT_OK,
1-s expert,5,4,GRC_TIME_SHUFFLED,44,10,8,"[-4, -3, -2, -1]",1.7459434568881989,5.085531115531921,FIT_OK,
1-s expert,5,4,CELL_SHUFFLED,44,10,8,"[-4, -3, -2, -1]",1.7459434568881989,5.085531115531921,FIT_OK,
1-s expert,5,4,RAW_GRC_PCA16_RIDGE,44,10,,,,,FIT_OK,16
2-s novice / 1-s expert,1,0,BIO_CF_LTD,49,13,3,"[-4, -3, -2, -1]",1.7409555912017822,3.5596909523010254,FIT_OK,
2-s novice / 1-s expert,1,0,BIO_NO_TRACE,49,13,3,[0],1.7409555912017822,3.5596909523010254,FIT_OK,
2-s novice / 1-s expert,1,0,CF_EVENT_YOKED,49,13,3,"[-4, -3, -2, -1]",1.7409555912017822,3.5596909523010254,FIT_OK,
2-s novice / 1-s expert,1,0,GRC_TIME_SHUFFLED,49,13,3,"[-4, -3, -2, -1]",1.7409555912017822,3.5596909523010254,FIT_OK,
2-s novice / 1-s expert,1,0,CELL_SHUFFLED,49,13,3,"[-4, -3, -2, -1]",1.7409555912017822,3.5596909523010254,FIT_OK,
2-s novice / 1-s expert,1,0,RAW_GRC_PCA16_RIDGE,49,13,,,,,FIT_OK,16
2-s novice / 1-s expert,1,1,BIO_CF_LTD,49,13,5,"[-4, -3, -2, -1]",1.7604482173919678,3.598071813583374,FIT_OK,
2-s novice / 1-s expert,1,1,BIO_NO_TRACE,49,13,5,[0],1.7604482173919678,3.598071813583374,FIT_OK,
2-s novice / 1-s expert,1,1,CF_EVENT_YOKED,49,13,5,"[-4, -3, -2, -1]",1.7604482173919678,3.598071813583374,FIT_OK,
2-s novice / 1-s expert,1,1,GRC_TIME_SHUFFLED,49,13,5,"[-4, -3, -2, -1]",1.7604482173919678,3.598071813583374,FIT_OK,
2-s novice / 1-s expert,1,1,CELL_SHUFFLED,49,13,5,"[-4, -3, -2, -1]",1.7604482173919678,3.598071813583374,FIT_OK,
2-s novice / 1-s expert,1,1,RAW_GRC_PCA16_RIDGE,49,13,,,,,FIT_OK,16
2-s novice / 1-s expert,1,2,BIO_CF_LTD,50,12,5,"[-4, -3, -2, -1]",1.7566498696804032,3.536532092094419,FIT_OK,
2-s novice / 1-s expert,1,2,BIO_NO_TRACE,50,12,5,[0],1.7566498696804032,3.536532092094419,FIT_OK,
2-s novice / 1-s expert,1,2,CF_EVENT_YOKED,50,12,5,"[-4, -3, -2, -1]",1.7566498696804032,3.536532092094419,FIT_OK,
2-s novice / 1-s expert,1,2,GRC_TIME_SHUFFLED,50,12,5,"[-4, -3, -2, -1]",1.7566498696804032,3.536532092094419,FIT_OK,
2-s novice / 1-s expert,1,2,CELL_SHUFFLED,50,12,5,"[-4, -3, -2, -1]",1.7566498696804032,3.536532092094419,FIT_OK,
2-s novice / 1-s expert,1,2,RAW_GRC_PCA16_RIDGE,50,12,,,,,FIT_OK,16
2-s novice / 1-s expert,1,3,BIO_CF_LTD,50,12,4,"[-4, -3, -2, -1]",1.753925609588621,3.5704346299171443,FIT_OK,
2-s novice / 1-s expert,1,3,BIO_NO_TRACE,50,12,4,[0],1.753925609588621,3.5704346299171443,FIT_OK,
2-s novice / 1-s expert,1,3,CF_EVENT_YOKED,50,12,4,"[-4, -3, -2, -1]",1.753925609588621,3.5704346299171443,FIT_OK,
2-s novice / 1-s expert,1,3,GRC_TIME_SHUFFLED,50,12,4,"[-4, -3, -2, -1]",1.753925609588621,3.5704346299171443,FIT_OK,
2-s novice / 1-s expert,1,3,CELL_SHUFFLED,50,12,4,"[-4, -3, -2, -1]",1.753925609588621,3.5704346299171443,FIT_OK,
2-s novice / 1-s expert,1,3,RAW_GRC_PCA16_RIDGE,50,12,,,,,FIT_OK,16
2-s novice / 1-s expert,1,4,BIO_CF_LTD,50,12,5,"[-4, -3, -2, -1]",1.744415920972824,3.5272968053817744,FIT_OK,
2-s novice / 1-s expert,1,4,BIO_NO_TRACE,50,12,5,[0],1.744415920972824,3.5272968053817744,FIT_OK,
2-s novice / 1-s expert,1,4,CF_EVENT_YOKED,50,12,5,"[-4, -3, -2, -1]",1.744415920972824,3.5272968053817744,FIT_OK,
2-s novice / 1-s expert,1,4,GRC_TIME_SHUFFLED,50,12,5,"[-4, -3, -2, -1]",1.744415920972824,3.5272968053817744,FIT_OK,
2-s novice / 1-s expert,1,4,CELL_SHUFFLED,50,12,5,"[-4, -3, -2, -1]",1.744415920972824,3.5272968053817744,FIT_OK,
2-s novice / 1-s expert,1,4,RAW_GRC_PCA16_RIDGE,50,12,,,,,FIT_OK,16
2-s novice / 1-s expert,2,0,BIO_CF_LTD,58,15,17,"[-4, -3, -2, -1]",1.7085111618041988,6.534285330772397,FIT_OK,
2-s novice / 1-s expert,2,0,BIO_NO_TRACE,58,15,17,[0],1.7085111618041988,6.534285330772397,FIT_OK,
2-s novice / 1-s expert,2,0,CF_EVENT_YOKED,58,15,17,"[-4, -3, -2, -1]",1.7085111618041988,6.534285330772397,FIT_OK,
2-s novice / 1-s expert,2,0,GRC_TIME_SHUFFLED,58,15,17,"[-4, -3, -2, -1]",1.7085111618041988,6.534285330772397,FIT_OK,
2-s novice / 1-s expert,2,0,CELL_SHUFFLED,58,15,17,"[-4, -3, -2, -1]",1.7085111618041988,6.534285330772397,FIT_OK,
2-s novice / 1-s expert,2,0,RAW_GRC_PCA16_RIDGE,58,15,,,,,FIT_OK,16
2-s novice / 1-s expert,2,1,BIO_CF_LTD,58,15,15,"[-4, -3, -2, -1]",1.736121463775631,6.693321466445918,FIT_OK,
2-s novice / 1-s expert,2,1,BIO_NO_TRACE,58,15,15,[0],1.736121463775631,6.693321466445918,FIT_OK,
2-s novice / 1-s expert,2,1,CF_EVENT_YOKED,58,15,15,"[-4, -3, -2, -1]",1.736121463775631,6.693321466445918,FIT_OK,
2-s novice / 1-s expert,2,1,GRC_TIME_SHUFFLED,58,15,15,"[-4, -3, -2, -1]",1.736121463775631,6.693321466445918,FIT_OK,
2-s novice / 1-s expert,2,1,CELL_SHUFFLED,58,15,15,"[-4, -3, -2, -1]",1.736121463775631,6.693321466445918,FIT_OK,
2-s novice / 1-s expert,2,1,RAW_GRC_PCA16_RIDGE,58,15,,,,,FIT_OK,16
2-s novice / 1-s expert,2,2,BIO_CF_LTD,58,15,19,"[-4, -3, -2, -1]",1.7364460527896857,6.693321466445918,FIT_OK,
2-s novice / 1-s expert,2,2,BIO_NO_TRACE,58,15,19,[0],1.7364460527896857,6.693321466445918,FIT_OK,
2-s novice / 1-s expert,2,2,CF_EVENT_YOKED,58,15,19,"[-4, -3, -2, -1]",1.7364460527896857,6.693321466445918,FIT_OK,
2-s novice / 1-s expert,2,2,GRC_TIME_SHUFFLED,58,15,19,"[-4, -3, -2, -1]",1.7364460527896857,6.693321466445918,FIT_OK,
2-s novice / 1-s expert,2,2,CELL_SHUFFLED,58,15,19,"[-4, -3, -2, -1]",1.7364460527896857,6.693321466445918,FIT_OK,
2-s novice / 1-s expert,2,2,RAW_GRC_PCA16_RIDGE,58,15,,,,,FIT_OK,16
2-s novice / 1-s expert,2,3,BIO_CF_LTD,59,14,19,"[-4, -3, -2, -1]",1.7226802706718445,6.291124105453491,FIT_OK,
2-s novice / 1-s expert,2,3,BIO_NO_TRACE,59,14,19,[0],1.7226802706718445,6.291124105453491,FIT_OK,
2-s novice / 1-s expert,2,3,CF_EVENT_YOKED,59,14,19,"[-4, -3, -2, -1]",1.7226802706718445,6.291124105453491,FIT_OK,
2-s novice / 1-s expert,2,3,GRC_TIME_SHUFFLED,59,14,19,"[-4, -3, -2, -1]",1.7226802706718445,6.291124105453491,FIT_OK,
2-s novice / 1-s expert,2,3,CELL_SHUFFLED,59,14,19,"[-4, -3, -2, -1]",1.7226802706718445,6.291124105453491,FIT_OK,
2-s novice / 1-s expert,2,3,RAW_GRC_PCA16_RIDGE,59,14,,,,,FIT_OK,16
2-s novice / 1-s expert,2,4,BIO_CF_LTD,59,14,18,"[-4, -3, -2, -1]",1.7473759651184082,6.587305307388306,FIT_OK,
2-s novice / 1-s expert,2,4,BIO_NO_TRACE,59,14,18,[0],1.7473759651184082,6.587305307388306,FIT_OK,
2-s novice / 1-s expert,2,4,CF_EVENT_YOKED,59,14,18,"[-4, -3, -2, -1]",1.7473759651184082,6.587305307388306,FIT_OK,
2-s novice / 1-s expert,2,4,GRC_TIME_SHUFFLED,59,14,18,"[-4, -3, -2, -1]",1.7473759651184082,6.587305307388306,FIT_OK,
2-s novice / 1-s expert,2,4,CELL_SHUFFLED,59,14,18,"[-4, -3, -2, -1]",1.7473759651184082,6.587305307388306,FIT_OK,
2-s novice / 1-s expert,2,4,RAW_GRC_PCA16_RIDGE,59,14,,,,,FIT_OK,16
2-s novice / 1-s expert,3,0,BIO_CF_LTD,55,14,3,"[-4, -3, -2, -1]",1.0875317692756652,6.159977102279648,FIT_OK,
2-s novice / 1-s expert,3,0,BIO_NO_TRACE,55,14,3,[0],1.0875317692756652,6.159977102279648,FIT_OK,
2-s novice / 1-s expert,3,0,CF_EVENT_YOKED,55,14,3,"[-4, -3, -2, -1]",1.0875317692756652,6.159977102279648,FIT_OK,
2-s novice / 1-s expert,3,0,GRC_TIME_SHUFFLED,55,14,3,"[-4, -3, -2, -1]",1.0875317692756652,6.159977102279648,FIT_OK,
2-s novice / 1-s expert,3,0,CELL_SHUFFLED,55,14,3,"[-4, -3, -2, -1]",1.0875317692756652,6.159977102279648,FIT_OK,
2-s novice / 1-s expert,3,0,RAW_GRC_PCA16_RIDGE,55,14,,,,,FIT_OK,16
2-s novice / 1-s expert,3,1,BIO_CF_LTD,55,14,3,"[-4, -3, -2, -1]",1.1190497279167173,5.802911758422845,FIT_OK,
2-s novice / 1-s expert,3,1,BIO_NO_TRACE,55,14,3,[0],1.1190497279167173,5.802911758422845,FIT_OK,
2-s novice / 1-s expert,3,1,CF_EVENT_YOKED,55,14,3,"[-4, -3, -2, -1]",1.1190497279167173,5.802911758422845,FIT_OK,
2-s novice / 1-s expert,3,1,GRC_TIME_SHUFFLED,55,14,3,"[-4, -3, -2, -1]",1.1190497279167173,5.802911758422845,FIT_OK,
2-s novice / 1-s expert,3,1,CELL_SHUFFLED,55,14,3,"[-4, -3, -2, -1]",1.1190497279167173,5.802911758422845,FIT_OK,
2-s novice / 1-s expert,3,1,RAW_GRC_PCA16_RIDGE,55,14,,,,,FIT_OK,16
2-s novice / 1-s expert,3,2,BIO_CF_LTD,55,14,3,"[-4, -3, -2, -1]",1.0479390978813166,5.775849771499616,FIT_OK,
2-s novice / 1-s expert,3,2,BIO_NO_TRACE,55,14,3,[0],1.0479390978813166,5.775849771499616,FIT_OK,
2-s novice / 1-s expert,3,2,CF_EVENT_YOKED,55,14,3,"[-4, -3, -2, -1]",1.0479390978813166,5.775849771499616,FIT_OK,
2-s novice / 1-s expert,3,2,GRC_TIME_SHUFFLED,55,14,3,"[-4, -3, -2, -1]",1.0479390978813166,5.775849771499616,FIT_OK,
2-s novice / 1-s expert,3,2,CELL_SHUFFLED,55,14,3,"[-4, -3, -2, -1]",1.0479390978813166,5.775849771499616,FIT_OK,
2-s novice / 1-s expert,3,2,RAW_GRC_PCA16_RIDGE,55,14,,,,,FIT_OK,16
2-s novice / 1-s expert,3,3,BIO_CF_LTD,55,14,4,"[-4, -3, -2, -1]",1.0875317692756652,5.716551494598387,FIT_OK,
2-s novice / 1-s expert,3,3,BIO_NO_TRACE,55,14,4,[0],1.0875317692756652,5.716551494598387,FIT_OK,
2-s novice / 1-s expert,3,3,CF_EVENT_YOKED,55,14,4,"[-4, -3, -2, -1]",1.0875317692756652,5.716551494598387,FIT_OK,
2-s novice / 1-s expert,3,3,GRC_TIME_SHUFFLED,55,14,4,"[-4, -3, -2, -1]",1.0875317692756652,5.716551494598387,FIT_OK,
2-s novice / 1-s expert,3,3,CELL_SHUFFLED,55,14,4,"[-4, -3, -2, -1]",1.0875317692756652,5.716551494598387,FIT_OK,
2-s novice / 1-s expert,3,3,RAW_GRC_PCA16_RIDGE,55,14,,,,,FIT_OK,16
2-s novice / 1-s expert,3,4,BIO_CF_LTD,56,13,4,"[-4, -3, -2, -1]",1.0791177034378043,5.476236891746517,FIT_OK,
2-s novice / 1-s expert,3,4,BIO_NO_TRACE,56,13,4,[0],1.0791177034378043,5.476236891746517,FIT_OK,
2-s novice / 1-s expert,3,4,CF_EVENT_YOKED,56,13,4,"[-4, -3, -2, -1]",1.0791177034378043,5.476236891746517,FIT_OK,
2-s novice / 1-s expert,3,4,GRC_TIME_SHUFFLED,56,13,4,"[-4, -3, -2, -1]",1.0791177034378043,5.476236891746517,FIT_OK,
2-s novice / 1-s expert,3,4,CELL_SHUFFLED,56,13,4,"[-4, -3, -2, -1]",1.0791177034378043,5.476236891746517,FIT_OK,
2-s novice / 1-s expert,3,4,RAW_GRC_PCA16_RIDGE,56,13,,,,,FIT_OK,16
2-s novice / 1-s expert,4,0,BIO_CF_LTD,27,7,3,"[-4, -3, -2, -1]",1.6435551643371575,12.782656860351558,FIT_OK,
2-s novice / 1-s expert,4,0,BIO_NO_TRACE,27,7,3,[0],1.6435551643371575,12.782656860351558,FIT_OK,
2-s novice / 1-s expert,4,0,CF_EVENT_YOKED,27,7,3,"[-4, -3, -2, -1]",1.6435551643371575,12.782656860351558,FIT_OK,
2-s novice / 1-s expert,4,0,GRC_TIME_SHUFFLED,27,7,3,"[-4, -3, -2, -1]",1.6435551643371575,12.782656860351558,FIT_OK,
2-s novice / 1-s expert,4,0,CELL_SHUFFLED,27,7,3,"[-4, -3, -2, -1]",1.6435551643371575,12.782656860351558,FIT_OK,
2-s novice / 1-s expert,4,0,RAW_GRC_PCA16_RIDGE,27,7,,,,,FIT_OK,16
2-s novice / 1-s expert,4,1,BIO_CF_LTD,27,7,3,"[-4, -3, -2, -1]",1.6212128281593314,14.283904457092284,FIT_OK,
2-s novice / 1-s expert,4,1,BIO_NO_TRACE,27,7,3,[0],1.6212128281593314,14.283904457092284,FIT_OK,
2-s novice / 1-s expert,4,1,CF_EVENT_YOKED,27,7,3,"[-4, -3, -2, -1]",1.6212128281593314,14.283904457092284,FIT_OK,
2-s novice / 1-s expert,4,1,GRC_TIME_SHUFFLED,27,7,3,"[-4, -3, -2, -1]",1.6212128281593314,14.283904457092284,FIT_OK,
2-s novice / 1-s expert,4,1,CELL_SHUFFLED,27,7,3,"[-4, -3, -2, -1]",1.6212128281593314,14.283904457092284,FIT_OK,
2-s novice / 1-s expert,4,1,RAW_GRC_PCA16_RIDGE,27,7,,,,,FIT_OK,16
2-s novice / 1-s expert,4,2,BIO_CF_LTD,27,7,3,"[-4, -3, -2, -1]",1.672556471824646,13.974924182891835,FIT_OK,
2-s novice / 1-s expert,4,2,BIO_NO_TRACE,27,7,3,[0],1.672556471824646,13.974924182891835,FIT_OK,
2-s novice / 1-s expert,4,2,CF_EVENT_YOKED,27,7,3,"[-4, -3, -2, -1]",1.672556471824646,13.974924182891835,FIT_OK,
2-s novice / 1-s expert,4,2,GRC_TIME_SHUFFLED,27,7,3,"[-4, -3, -2, -1]",1.672556471824646,13.974924182891835,FIT_OK,
2-s novice / 1-s expert,4,2,CELL_SHUFFLED,27,7,3,"[-4, -3, -2, -1]",1.672556471824646,13.974924182891835,FIT_OK,
2-s novice / 1-s expert,4,2,RAW_GRC_PCA16_RIDGE,27,7,,,,,FIT_OK,16
2-s novice / 1-s expert,4,3,BIO_CF_LTD,27,7,4,"[-4, -3, -2, -1]",1.6212128281593314,14.283904457092284,FIT_OK,
2-s novice / 1-s expert,4,3,BIO_NO_TRACE,27,7,4,[0],1.6212128281593314,14.283904457092284,FIT_OK,
2-s novice / 1-s expert,4,3,CF_EVENT_YOKED,27,7,4,"[-4, -3, -2, -1]",1.6212128281593314,14.283904457092284,FIT_OK,
2-s novice / 1-s expert,4,3,GRC_TIME_SHUFFLED,27,7,4,"[-4, -3, -2, -1]",1.6212128281593314,14.283904457092284,FIT_OK,
2-s novice / 1-s expert,4,3,CELL_SHUFFLED,27,7,4,"[-4, -3, -2, -1]",1.6212128281593314,14.283904457092284,FIT_OK,
2-s novice / 1-s expert,4,3,RAW_GRC_PCA16_RIDGE,27,7,,,,,FIT_OK,16
2-s novice / 1-s expert,4,4,BIO_CF_LTD,28,6,3,"[-4, -3, -2, -1]",1.672986352443695,13.67776947021484,FIT_OK,
2-s novice / 1-s expert,4,4,BIO_NO_TRACE,28,6,3,[0],1.672986352443695,13.67776947021484,FIT_OK,
2-s novice / 1-s expert,4,4,CF_EVENT_YOKED,28,6,3,"[-4, -3, -2, -1]",1.672986352443695,13.67776947021484,FIT_OK,
2-s novice / 1-s expert,4,4,GRC_TIME_SHUFFLED,28,6,3,"[-4, -3, -2, -1]",1.672986352443695,13.67776947021484,FIT_OK,
2-s novice / 1-s expert,4,4,CELL_SHUFFLED,28,6,3,"[-4, -3, -2, -1]",1.672986352443695,13.67776947021484,FIT_OK,
2-s novice / 1-s expert,4,4,RAW_GRC_PCA16_RIDGE,28,6,,,,,FIT_OK,16
2-s novice / 1-s expert,5,0,BIO_CF_LTD,51,13,12,"[-2, -1, 0]",1.744065374135971,5.0382338762283325,FIT_OK,
2-s novice / 1-s expert,5,0,BIO_NO_TRACE,51,13,12,[0],1.744065374135971,5.0382338762283325,FIT_OK,
2-s novice / 1-s expert,5,0,CF_EVENT_YOKED,51,13,12,"[-2, -1, 0]",1.744065374135971,5.0382338762283325,FIT_OK,
2-s novice / 1-s expert,5,0,GRC_TIME_SHUFFLED,51,13,12,"[-2, -1, 0]",1.744065374135971,5.0382338762283325,FIT_OK,
2-s novice / 1-s expert,5,0,CELL_SHUFFLED,51,13,12,"[-2, -1, 0]",1.744065374135971,5.0382338762283325,FIT_OK,
2-s novice / 1-s expert,5,0,RAW_GRC_PCA16_RIDGE,51,13,,,,,FIT_OK,16
2-s novice / 1-s expert,5,1,BIO_CF_LTD,51,13,13,"[-2, -1, 0]",1.8166484832763672,4.8566590547561646,FIT_OK,
2-s novice / 1-s expert,5,1,BIO_NO_TRACE,51,13,13,[0],1.8166484832763672,4.8566590547561646,FIT_OK,
2-s novice / 1-s expert,5,1,CF_EVENT_YOKED,51,13,13,"[-2, -1, 0]",1.8166484832763672,4.8566590547561646,FIT_OK,
2-s novice / 1-s expert,5,1,GRC_TIME_SHUFFLED,51,13,13,"[-2, -1, 0]",1.8166484832763672,4.8566590547561646,FIT_OK,
2-s novice / 1-s expert,5,1,CELL_SHUFFLED,51,13,13,"[-2, -1, 0]",1.8166484832763672,4.8566590547561646,FIT_OK,
2-s novice / 1-s expert,5,1,RAW_GRC_PCA16_RIDGE,51,13,,,,,FIT_OK,16
2-s novice / 1-s expert,5,2,BIO_CF_LTD,51,13,12,"[-2, -1, 0]",1.7848749458789825,5.004372239112854,FIT_OK,
2-s novice / 1-s expert,5,2,BIO_NO_TRACE,51,13,12,[0],1.7848749458789825,5.004372239112854,FIT_OK,
2-s novice / 1-s expert,5,2,CF_EVENT_YOKED,51,13,12,"[-2, -1, 0]",1.7848749458789825,5.004372239112854,FIT_OK,
2-s novice / 1-s expert,5,2,GRC_TIME_SHUFFLED,51,13,12,"[-2, -1, 0]",1.7848749458789825,5.004372239112854,FIT_OK,
2-s novice / 1-s expert,5,2,CELL_SHUFFLED,51,13,12,"[-2, -1, 0]",1.7848749458789825,5.004372239112854,FIT_OK,
2-s novice / 1-s expert,5,2,RAW_GRC_PCA16_RIDGE,51,13,,,,,FIT_OK,16
2-s novice / 1-s expert,5,3,BIO_CF_LTD,51,13,12,"[-2, -1, 0]",1.7422888576984406,4.9905407428741455,FIT_OK,
2-s novice / 1-s expert,5,3,BIO_NO_TRACE,51,13,12,[0],1.7422888576984406,4.9905407428741455,FIT_OK,
2-s novice / 1-s expert,5,3,CF_EVENT_YOKED,51,13,12,"[-2, -1, 0]",1.7422888576984406,4.9905407428741455,FIT_OK,
2-s novice / 1-s expert,5,3,GRC_TIME_SHUFFLED,51,13,12,"[-2, -1, 0]",1.7422888576984406,4.9905407428741455,FIT_OK,
2-s novice / 1-s expert,5,3,CELL_SHUFFLED,51,13,12,"[-2, -1, 0]",1.7422888576984406,4.9905407428741455,FIT_OK,
2-s novice / 1-s expert,5,3,RAW_GRC_PCA16_RIDGE,51,13,,,,,FIT_OK,16
2-s novice / 1-s expert,5,4,BIO_CF_LTD,52,12,13,"[-2, -1, 0]",1.773717999458312,5.1561193466186515,FIT_OK,
2-s novice / 1-s expert,5,4,BIO_NO_TRACE,52,12,13,[0],1.773717999458312,5.1561193466186515,FIT_OK,
2-s novice / 1-s expert,5,4,CF_EVENT_YOKED,52,12,13,"[-2, -1, 0]",1.773717999458312,5.1561193466186515,FIT_OK,
2-s novice / 1-s expert,5,4,GRC_TIME_SHUFFLED,52,12,13,"[-2, -1, 0]",1.773717999458312,5.1561193466186515,FIT_OK,
2-s novice / 1-s expert,5,4,CELL_SHUFFLED,52,12,13,"[-2, -1, 0]",1.773717999458312,5.1561193466186515,FIT_OK,
2-s novice / 1-s expert,5,4,RAW_GRC_PCA16_RIDGE,52,12,,,,,FIT_OK,16
2-s expert,1,0,BIO_CF_LTD,56,15,12,"[-4, -3, -2, -1]",1.7048160076141352,7.542466783523554,FIT_OK,
2-s expert,1,0,BIO_NO_TRACE,56,15,12,[0],1.7048160076141352,7.542466783523554,FIT_OK,
2-s expert,1,0,CF_EVENT_YOKED,56,15,12,"[-4, -3, -2, -1]",1.7048160076141352,7.542466783523554,FIT_OK,
2-s expert,1,0,GRC_TIME_SHUFFLED,56,15,12,"[-4, -3, -2, -1]",1.7048160076141352,7.542466783523554,FIT_OK,
2-s expert,1,0,CELL_SHUFFLED,56,15,12,"[-4, -3, -2, -1]",1.7048160076141352,7.542466783523554,FIT_OK,
2-s expert,1,0,RAW_GRC_PCA16_RIDGE,56,15,,,,,FIT_OK,16
2-s expert,1,1,BIO_CF_LTD,57,14,8,"[-4, -3, -2, -1]",1.7096919298171998,7.307872867584227,FIT_OK,
2-s expert,1,1,BIO_NO_TRACE,57,14,8,[0],1.7096919298171998,7.307872867584227,FIT_OK,
2-s expert,1,1,CF_EVENT_YOKED,57,14,8,"[-4, -3, -2, -1]",1.7096919298171998,7.307872867584227,FIT_OK,
2-s expert,1,1,GRC_TIME_SHUFFLED,57,14,8,"[-4, -3, -2, -1]",1.7096919298171998,7.307872867584227,FIT_OK,
2-s expert,1,1,CELL_SHUFFLED,57,14,8,"[-4, -3, -2, -1]",1.7096919298171998,7.307872867584227,FIT_OK,
2-s expert,1,1,RAW_GRC_PCA16_RIDGE,57,14,,,,,FIT_OK,16
2-s expert,1,2,BIO_CF_LTD,57,14,6,"[-4, -3, -2, -1]",1.7213595151901242,7.336576843261717,FIT_OK,
2-s expert,1,2,BIO_NO_TRACE,57,14,6,[0],1.7213595151901242,7.336576843261717,FIT_OK,
2-s expert,1,2,CF_EVENT_YOKED,57,14,6,"[-4, -3, -2, -1]",1.7213595151901242,7.336576843261717,FIT_OK,
2-s expert,1,2,GRC_TIME_SHUFFLED,57,14,6,"[-4, -3, -2, -1]",1.7213595151901242,7.336576843261717,FIT_OK,
2-s expert,1,2,CELL_SHUFFLED,57,14,6,"[-4, -3, -2, -1]",1.7213595151901242,7.336576843261717,FIT_OK,
2-s expert,1,2,RAW_GRC_PCA16_RIDGE,57,14,,,,,FIT_OK,16
2-s expert,1,3,BIO_CF_LTD,57,14,11,"[-4, -3, -2, -1]",1.7268046140670776,7.050415325164795,FIT_OK,
2-s expert,1,3,BIO_NO_TRACE,57,14,11,[0],1.7268046140670776,7.050415325164795,FIT_OK,
2-s expert,1,3,CF_EVENT_YOKED,57,14,11,"[-4, -3, -2, -1]",1.7268046140670776,7.050415325164795,FIT_OK,
2-s expert,1,3,GRC_TIME_SHUFFLED,57,14,11,"[-4, -3, -2, -1]",1.7268046140670776,7.050415325164795,FIT_OK,
2-s expert,1,3,CELL_SHUFFLED,57,14,11,"[-4, -3, -2, -1]",1.7268046140670776,7.050415325164795,FIT_OK,
2-s expert,1,3,RAW_GRC_PCA16_RIDGE,57,14,,,,,FIT_OK,16
2-s expert,1,4,BIO_CF_LTD,57,14,9,"[-4, -3, -2, -1]",1.7097673892974854,6.86681585311889,FIT_OK,
2-s expert,1,4,BIO_NO_TRACE,57,14,9,[0],1.7097673892974854,6.86681585311889,FIT_OK,
2-s expert,1,4,CF_EVENT_YOKED,57,14,9,"[-4, -3, -2, -1]",1.7097673892974854,6.86681585311889,FIT_OK,
2-s expert,1,4,GRC_TIME_SHUFFLED,57,14,9,"[-4, -3, -2, -1]",1.7097673892974854,6.86681585311889,FIT_OK,
2-s expert,1,4,CELL_SHUFFLED,57,14,9,"[-4, -3, -2, -1]",1.7097673892974854,6.86681585311889,FIT_OK,
2-s expert,1,4,RAW_GRC_PCA16_RIDGE,57,14,,,,,FIT_OK,16
2-s expert,2,0,BIO_CF_LTD,53,14,9,"[-4, -3, -2, -1]",1.5290769338607788,9.98613719940185,FIT_OK,
2-s expert,2,0,BIO_NO_TRACE,53,14,9,[0],1.5290769338607788,9.98613719940185,FIT_OK,
2-s expert,2,0,CF_EVENT_YOKED,53,14,9,"[-4, -3, -2, -1]",1.5290769338607788,9.98613719940185,FIT_OK,
2-s expert,2,0,GRC_TIME_SHUFFLED,53,14,9,"[-4, -3, -2, -1]",1.5290769338607788,9.98613719940185,FIT_OK,
2-s expert,2,0,CELL_SHUFFLED,53,14,9,"[-4, -3, -2, -1]",1.5290769338607788,9.98613719940185,FIT_OK,
2-s expert,2,0,RAW_GRC_PCA16_RIDGE,53,14,,,,,FIT_OK,16
2-s expert,2,1,BIO_CF_LTD,53,14,15,"[-4, -3, -2, -1]",1.5470121145248412,9.384846115112305,FIT_OK,
2-s expert,2,1,BIO_NO_TRACE,53,14,15,[0],1.5470121145248412,9.384846115112305,FIT_OK,
2-s expert,2,1,CF_EVENT_YOKED,53,14,15,"[-4, -3, -2, -1]",1.5470121145248412,9.384846115112305,FIT_OK,
2-s expert,2,1,GRC_TIME_SHUFFLED,53,14,15,"[-4, -3, -2, -1]",1.5470121145248412,9.384846115112305,FIT_OK,
2-s expert,2,1,CELL_SHUFFLED,53,14,15,"[-4, -3, -2, -1]",1.5470121145248412,9.384846115112305,FIT_OK,
2-s expert,2,1,RAW_GRC_PCA16_RIDGE,53,14,,,,,FIT_OK,16
2-s expert,2,2,BIO_CF_LTD,54,13,14,"[-4, -3, -2, -1]",1.5785314738750458,9.725614547729492,FIT_OK,
2-s expert,2,2,BIO_NO_TRACE,54,13,14,[0],1.5785314738750458,9.725614547729492,FIT_OK,
2-s expert,2,2,CF_EVENT_YOKED,54,13,14,"[-4, -3, -2, -1]",1.5785314738750458,9.725614547729492,FIT_OK,
2-s expert,2,2,GRC_TIME_SHUFFLED,54,13,14,"[-4, -3, -2, -1]",1.5785314738750458,9.725614547729492,FIT_OK,
2-s expert,2,2,CELL_SHUFFLED,54,13,14,"[-4, -3, -2, -1]",1.5785314738750458,9.725614547729492,FIT_OK,
2-s expert,2,2,RAW_GRC_PCA16_RIDGE,54,13,,,,,FIT_OK,16
2-s expert,2,3,BIO_CF_LTD,54,13,13,"[-4, -3, -2, -1]",1.565876990556717,9.564449548721313,FIT_OK,
2-s expert,2,3,BIO_NO_TRACE,54,13,13,[0],1.565876990556717,9.564449548721313,FIT_OK,
2-s expert,2,3,CF_EVENT_YOKED,54,13,13,"[-4, -3, -2, -1]",1.565876990556717,9.564449548721313,FIT_OK,
2-s expert,2,3,GRC_TIME_SHUFFLED,54,13,13,"[-4, -3, -2, -1]",1.565876990556717,9.564449548721313,FIT_OK,
2-s expert,2,3,CELL_SHUFFLED,54,13,13,"[-4, -3, -2, -1]",1.565876990556717,9.564449548721313,FIT_OK,
2-s expert,2,3,RAW_GRC_PCA16_RIDGE,54,13,,,,,FIT_OK,16
2-s expert,2,4,BIO_CF_LTD,54,13,11,"[-4, -3, -2, -1]",1.564679890871048,9.46000862121582,FIT_OK,
2-s expert,2,4,BIO_NO_TRACE,54,13,11,[0],1.564679890871048,9.46000862121582,FIT_OK,
2-s expert,2,4,CF_EVENT_YOKED,54,13,11,"[-4, -3, -2, -1]",1.564679890871048,9.46000862121582,FIT_OK,
2-s expert,2,4,GRC_TIME_SHUFFLED,54,13,11,"[-4, -3, -2, -1]",1.564679890871048,9.46000862121582,FIT_OK,
2-s expert,2,4,CELL_SHUFFLED,54,13,11,"[-4, -3, -2, -1]",1.564679890871048,9.46000862121582,FIT_OK,
2-s expert,2,4,RAW_GRC_PCA16_RIDGE,54,13,,,,,FIT_OK,16
2-s expert,3,0,BIO_CF_LTD,62,16,3,"[-4, -3, -2, -1]",1.7180620551109314,3.9097692728042595,FIT_OK,
2-s expert,3,0,BIO_NO_TRACE,62,16,3,[0],1.7180620551109314,3.9097692728042595,FIT_OK,
2-s expert,3,0,CF_EVENT_YOKED,62,16,3,"[-4, -3, -2, -1]",1.7180620551109314,3.9097692728042595,FIT_OK,
2-s expert,3,0,GRC_TIME_SHUFFLED,62,16,3,"[-4, -3, -2, -1]",1.7180620551109314,3.9097692728042595,FIT_OK,
2-s expert,3,0,CELL_SHUFFLED,62,16,3,"[-4, -3, -2, -1]",1.7180620551109314,3.9097692728042595,FIT_OK,
2-s expert,3,0,RAW_GRC_PCA16_RIDGE,62,16,,,,,FIT_OK,16
2-s expert,3,1,BIO_CF_LTD,62,16,6,"[-4, -3, -2, -1]",1.7074442148208615,3.800845634937286,FIT_OK,
2-s expert,3,1,BIO_NO_TRACE,62,16,6,[0],1.7074442148208615,3.800845634937286,FIT_OK,
2-s expert,3,1,CF_EVENT_YOKED,62,16,6,"[-4, -3, -2, -1]",1.7074442148208615,3.800845634937286,FIT_OK,
2-s expert,3,1,GRC_TIME_SHUFFLED,62,16,6,"[-4, -3, -2, -1]",1.7074442148208615,3.800845634937286,FIT_OK,
2-s expert,3,1,CELL_SHUFFLED,62,16,6,"[-4, -3, -2, -1]",1.7074442148208615,3.800845634937286,FIT_OK,
2-s expert,3,1,RAW_GRC_PCA16_RIDGE,62,16,,,,,FIT_OK,16
2-s expert,3,2,BIO_CF_LTD,62,16,5,"[-4, -3, -2, -1]",1.741868162155151,3.7907908797264094,FIT_OK,
2-s expert,3,2,BIO_NO_TRACE,62,16,5,[0],1.741868162155151,3.7907908797264094,FIT_OK,
2-s expert,3,2,CF_EVENT_YOKED,62,16,5,"[-4, -3, -2, -1]",1.741868162155151,3.7907908797264094,FIT_OK,
2-s expert,3,2,GRC_TIME_SHUFFLED,62,16,5,"[-4, -3, -2, -1]",1.741868162155151,3.7907908797264094,FIT_OK,
2-s expert,3,2,CELL_SHUFFLED,62,16,5,"[-4, -3, -2, -1]",1.741868162155151,3.7907908797264094,FIT_OK,
2-s expert,3,2,RAW_GRC_PCA16_RIDGE,62,16,,,,,FIT_OK,16
2-s expert,3,3,BIO_CF_LTD,63,15,4,"[-4, -3, -2, -1]",1.699977421760559,3.8537984132766714,FIT_OK,
2-s expert,3,3,BIO_NO_TRACE,63,15,4,[0],1.699977421760559,3.8537984132766714,FIT_OK,
2-s expert,3,3,CF_EVENT_YOKED,63,15,4,"[-4, -3, -2, -1]",1.699977421760559,3.8537984132766714,FIT_OK,
2-s expert,3,3,GRC_TIME_SHUFFLED,63,15,4,"[-4, -3, -2, -1]",1.699977421760559,3.8537984132766714,FIT_OK,
2-s expert,3,3,CELL_SHUFFLED,63,15,4,"[-4, -3, -2, -1]",1.699977421760559,3.8537984132766714,FIT_OK,
2-s expert,3,3,RAW_GRC_PCA16_RIDGE,63,15,,,,,FIT_OK,16
2-s expert,3,4,BIO_CF_LTD,63,15,7,"[-4, -3, -2, -1]",1.695861279964445,3.831448507308953,FIT_OK,
2-s expert,3,4,BIO_NO_TRACE,63,15,7,[0],1.695861279964445,3.831448507308953,FIT_OK,
2-s expert,3,4,CF_EVENT_YOKED,63,15,7,"[-4, -3, -2, -1]",1.695861279964445,3.831448507308953,FIT_OK,
2-s expert,3,4,GRC_TIME_SHUFFLED,63,15,7,"[-4, -3, -2, -1]",1.695861279964445,3.831448507308953,FIT_OK,
2-s expert,3,4,CELL_SHUFFLED,63,15,7,"[-4, -3, -2, -1]",1.695861279964445,3.831448507308953,FIT_OK,
2-s expert,3,4,RAW_GRC_PCA16_RIDGE,63,15,,,,,FIT_OK,16
2-s expert,4,0,BIO_CF_LTD,25,7,15,"[-4, -3, -2, -1]",1.6424447536468505,14.303485679626448,FIT_OK,
2-s expert,4,0,BIO_NO_TRACE,25,7,15,[0],1.6424447536468505,14.303485679626448,FIT_OK,
2-s expert,4,0,CF_EVENT_YOKED,25,7,15,"[-4, -3, -2, -1]",1.6424447536468505,14.303485679626448,FIT_OK,
2-s expert,4,0,GRC_TIME_SHUFFLED,25,7,15,"[-4, -3, -2, -1]",1.6424447536468505,14.303485679626448,FIT_OK,
2-s expert,4,0,CELL_SHUFFLED,25,7,15,"[-4, -3, -2, -1]",1.6424447536468505,14.303485679626448,FIT_OK,
2-s expert,4,0,RAW_GRC_PCA16_RIDGE,25,7,,,,,FIT_OK,16
2-s expert,4,1,BIO_CF_LTD,25,7,16,"[-4, -3, -2, -1]",1.5822503805160515,13.861137962341301,FIT_OK,
2-s expert,4,1,BIO_NO_TRACE,25,7,16,[0],1.5822503805160515,13.861137962341301,FIT_OK,
2-s expert,4,1,CF_EVENT_YOKED,25,7,16,"[-4, -3, -2, -1]",1.5822503805160515,13.861137962341301,FIT_OK,
2-s expert,4,1,GRC_TIME_SHUFFLED,25,7,16,"[-4, -3, -2, -1]",1.5822503805160515,13.861137962341301,FIT_OK,
2-s expert,4,1,CELL_SHUFFLED,25,7,16,"[-4, -3, -2, -1]",1.5822503805160515,13.861137962341301,FIT_OK,
2-s expert,4,1,RAW_GRC_PCA16_RIDGE,25,7,,,,,FIT_OK,16
2-s expert,4,2,BIO_CF_LTD,26,6,13,"[-4, -3, -2, -1]",1.6130351066589352,14.01356468200683,FIT_OK,
2-s expert,4,2,BIO_NO_TRACE,26,6,13,[0],1.6130351066589352,14.01356468200683,FIT_OK,
2-s expert,4,2,CF_EVENT_YOKED,26,6,13,"[-4, -3, -2, -1]",1.6130351066589352,14.01356468200683,FIT_OK,
2-s expert,4,2,GRC_TIME_SHUFFLED,26,6,13,"[-4, -3, -2, -1]",1.6130351066589352,14.01356468200683,FIT_OK,
2-s expert,4,2,CELL_SHUFFLED,26,6,13,"[-4, -3, -2, -1]",1.6130351066589352,14.01356468200683,FIT_OK,
2-s expert,4,2,RAW_GRC_PCA16_RIDGE,26,6,,,,,FIT_OK,16
2-s expert,4,3,BIO_CF_LTD,26,6,15,"[-4, -3, -2, -1]",1.6391179800033566,13.722084236145019,FIT_OK,
2-s expert,4,3,BIO_NO_TRACE,26,6,15,[0],1.6391179800033566,13.722084236145019,FIT_OK,
2-s expert,4,3,CF_EVENT_YOKED,26,6,15,"[-4, -3, -2, -1]",1.6391179800033566,13.722084236145019,FIT_OK,
2-s expert,4,3,GRC_TIME_SHUFFLED,26,6,15,"[-4, -3, -2, -1]",1.6391179800033566,13.722084236145019,FIT_OK,
2-s expert,4,3,CELL_SHUFFLED,26,6,15,"[-4, -3, -2, -1]",1.6391179800033566,13.722084236145019,FIT_OK,
2-s expert,4,3,RAW_GRC_PCA16_RIDGE,26,6,,,,,FIT_OK,16
2-s expert,4,4,BIO_CF_LTD,26,6,14,"[-4, -3, -2, -1]",1.633642613887786,13.638453483581543,FIT_OK,
2-s expert,4,4,BIO_NO_TRACE,26,6,14,[0],1.633642613887786,13.638453483581543,FIT_OK,
2-s expert,4,4,CF_EVENT_YOKED,26,6,14,"[-4, -3, -2, -1]",1.633642613887786,13.638453483581543,FIT_OK,
2-s expert,4,4,GRC_TIME_SHUFFLED,26,6,14,"[-4, -3, -2, -1]",1.633642613887786,13.638453483581543,FIT_OK,
2-s expert,4,4,CELL_SHUFFLED,26,6,14,"[-4, -3, -2, -1]",1.633642613887786,13.638453483581543,FIT_OK,
2-s expert,4,4,RAW_GRC_PCA16_RIDGE,26,6,,,,,FIT_OK,16
2-s expert,5,0,BIO_CF_LTD,24,7,14,"[-4, -3, -2, -1]",1.3500104546546936,6.099317908287048,FIT_OK,
2-s expert,5,0,BIO_NO_TRACE,24,7,14,[0],1.3500104546546936,6.099317908287048,FIT_OK,
2-s expert,5,0,CF_EVENT_YOKED,24,7,14,"[-4, -3, -2, -1]",1.3500104546546936,6.099317908287048,FIT_OK,
2-s expert,5,0,GRC_TIME_SHUFFLED,24,7,14,"[-4, -3, -2, -1]",1.3500104546546936,6.099317908287048,FIT_OK,
2-s expert,5,0,CELL_SHUFFLED,24,7,14,"[-4, -3, -2, -1]",1.3500104546546936,6.099317908287048,FIT_OK,
2-s expert,5,0,RAW_GRC_PCA16_RIDGE,24,7,,,,,FIT_OK,16
2-s expert,5,1,BIO_CF_LTD,25,6,12,"[-4, -3, -2, -1]",1.303495979309081,5.566376590728754,FIT_OK,
2-s expert,5,1,BIO_NO_TRACE,25,6,12,[0],1.303495979309081,5.566376590728754,FIT_OK,
2-s expert,5,1,CF_EVENT_YOKED,25,6,12,"[-4, -3, -2, -1]",1.303495979309081,5.566376590728754,FIT_OK,
2-s expert,5,1,GRC_TIME_SHUFFLED,25,6,12,"[-4, -3, -2, -1]",1.303495979309081,5.566376590728754,FIT_OK,
2-s expert,5,1,CELL_SHUFFLED,25,6,12,"[-4, -3, -2, -1]",1.303495979309081,5.566376590728754,FIT_OK,
2-s expert,5,1,RAW_GRC_PCA16_RIDGE,25,6,,,,,FIT_OK,16
2-s expert,5,2,BIO_CF_LTD,25,6,7,"[-4, -3, -2, -1]",1.359183359146118,5.486081695556619,FIT_OK,
2-s expert,5,2,BIO_NO_TRACE,25,6,7,[0],1.359183359146118,5.486081695556619,FIT_OK,
2-s expert,5,2,CF_EVENT_YOKED,25,6,7,"[-4, -3, -2, -1]",1.359183359146118,5.486081695556619,FIT_OK,
2-s expert,5,2,GRC_TIME_SHUFFLED,25,6,7,"[-4, -3, -2, -1]",1.359183359146118,5.486081695556619,FIT_OK,
2-s expert,5,2,CELL_SHUFFLED,25,6,7,"[-4, -3, -2, -1]",1.359183359146118,5.486081695556619,FIT_OK,
2-s expert,5,2,RAW_GRC_PCA16_RIDGE,25,6,,,,,FIT_OK,16
2-s expert,5,3,BIO_CF_LTD,25,6,7,"[-4, -3, -2, -1]",1.271564126014709,6.1303382873535135,FIT_OK,
2-s expert,5,3,BIO_NO_TRACE,25,6,7,[0],1.271564126014709,6.1303382873535135,FIT_OK,
2-s expert,5,3,CF_EVENT_YOKED,25,6,7,"[-4, -3, -2, -1]",1.271564126014709,6.1303382873535135,FIT_OK,
2-s expert,5,3,GRC_TIME_SHUFFLED,25,6,7,"[-4, -3, -2, -1]",1.271564126014709,6.1303382873535135,FIT_OK,
2-s expert,5,3,CELL_SHUFFLED,25,6,7,"[-4, -3, -2, -1]",1.271564126014709,6.1303382873535135,FIT_OK,
2-s expert,5,3,RAW_GRC_PCA16_RIDGE,25,6,,,,,FIT_OK,16
2-s expert,5,4,BIO_CF_LTD,25,6,13,"[-4, -3, -2, -1]",1.288515853881835,5.987336063385009,FIT_OK,
2-s expert,5,4,BIO_NO_TRACE,25,6,13,[0],1.288515853881835,5.987336063385009,FIT_OK,
2-s expert,5,4,CF_EVENT_YOKED,25,6,13,"[-4, -3, -2, -1]",1.288515853881835,5.987336063385009,FIT_OK,
2-s expert,5,4,GRC_TIME_SHUFFLED,25,6,13,"[-4, -3, -2, -1]",1.288515853881835,5.987336063385009,FIT_OK,
2-s expert,5,4,CELL_SHUFFLED,25,6,13,"[-4, -3, -2, -1]",1.288515853881835,5.987336063385009,FIT_OK,
2-s expert,5,4,RAW_GRC_PCA16_RIDGE,25,6,,,,,FIT_OK,16
2-s expert,6,0,BIO_CF_LTD,63,16,12,"[-4, -3, -2, -1]",1.845564293861389,11.278573322296126,FIT_OK,
2-s expert,6,0,BIO_NO_TRACE,63,16,12,[0],1.845564293861389,11.278573322296126,FIT_OK,
2-s expert,6,0,CF_EVENT_YOKED,63,16,12,"[-4, -3, -2, -1]",1.845564293861389,11.278573322296126,FIT_OK,
2-s expert,6,0,GRC_TIME_SHUFFLED,63,16,12,"[-4, -3, -2, -1]",1.845564293861389,11.278573322296126,FIT_OK,
2-s expert,6,0,CELL_SHUFFLED,63,16,12,"[-4, -3, -2, -1]",1.845564293861389,11.278573322296126,FIT_OK,
2-s expert,6,0,RAW_GRC_PCA16_RIDGE,63,16,,,,,FIT_OK,16
2-s expert,6,1,BIO_CF_LTD,63,16,12,"[-4, -3, -2, -1]",1.8322967410087543,10.229988479614258,FIT_OK,
2-s expert,6,1,BIO_NO_TRACE,63,16,12,[0],1.8322967410087543,10.229988479614258,FIT_OK,
2-s expert,6,1,CF_EVENT_YOKED,63,16,12,"[-4, -3, -2, -1]",1.8322967410087543,10.229988479614258,FIT_OK,
2-s expert,6,1,GRC_TIME_SHUFFLED,63,16,12,"[-4, -3, -2, -1]",1.8322967410087543,10.229988479614258,FIT_OK,
2-s expert,6,1,CELL_SHUFFLED,63,16,12,"[-4, -3, -2, -1]",1.8322967410087543,10.229988479614258,FIT_OK,
2-s expert,6,1,RAW_GRC_PCA16_RIDGE,63,16,,,,,FIT_OK,16
2-s expert,6,2,BIO_CF_LTD,63,16,14,"[-4, -3, -2, -1]",1.7896032691001862,10.60580110549926,FIT_OK,
2-s expert,6,2,BIO_NO_TRACE,63,16,14,[0],1.7896032691001862,10.60580110549926,FIT_OK,
2-s expert,6,2,CF_EVENT_YOKED,63,16,14,"[-4, -3, -2, -1]",1.7896032691001862,10.60580110549926,FIT_OK,
2-s expert,6,2,GRC_TIME_SHUFFLED,63,16,14,"[-4, -3, -2, -1]",1.7896032691001862,10.60580110549926,FIT_OK,
2-s expert,6,2,CELL_SHUFFLED,63,16,14,"[-4, -3, -2, -1]",1.7896032691001862,10.60580110549926,FIT_OK,
2-s expert,6,2,RAW_GRC_PCA16_RIDGE,63,16,,,,,FIT_OK,16
2-s expert,6,3,BIO_CF_LTD,63,16,12,"[-4, -3, -2, -1]",1.836493980884551,11.379396820068347,FIT_OK,
2-s expert,6,3,BIO_NO_TRACE,63,16,12,[0],1.836493980884551,11.379396820068347,FIT_OK,
2-s expert,6,3,CF_EVENT_YOKED,63,16,12,"[-4, -3, -2, -1]",1.836493980884551,11.379396820068347,FIT_OK,
2-s expert,6,3,GRC_TIME_SHUFFLED,63,16,12,"[-4, -3, -2, -1]",1.836493980884551,11.379396820068347,FIT_OK,
2-s expert,6,3,CELL_SHUFFLED,63,16,12,"[-4, -3, -2, -1]",1.836493980884551,11.379396820068347,FIT_OK,
2-s expert,6,3,RAW_GRC_PCA16_RIDGE,63,16,,,,,FIT_OK,16
2-s expert,6,4,BIO_CF_LTD,64,15,11,"[-4, -3, -2, -1]",1.834218591451645,11.782305479049683,FIT_OK,
2-s expert,6,4,BIO_NO_TRACE,64,15,11,[0],1.834218591451645,11.782305479049683,FIT_OK,
2-s expert,6,4,CF_EVENT_YOKED,64,15,11,"[-4, -3, -2, -1]",1.834218591451645,11.782305479049683,FIT_OK,
2-s expert,6,4,GRC_TIME_SHUFFLED,64,15,11,"[-4, -3, -2, -1]",1.834218591451645,11.782305479049683,FIT_OK,
2-s expert,6,4,CELL_SHUFFLED,64,15,11,"[-4, -3, -2, -1]",1.834218591451645,11.782305479049683,FIT_OK,
2-s expert,6,4,RAW_GRC_PCA16_RIDGE,64,15,,,,,FIT_OK,16
