group,session_index,arm,n_heldout_trials,mean_absolute_error_s,median_absolute_error_s,training_mean_baseline_mae_s,mae_improvement_vs_training_mean_s,fraction_baseline_mae_reduced
1-s expert,1,BIO_CF_LTD,98,0.0445677414539209,0.03318874872757871,0.044392176539554615,-0.00017556491436628713,-0.003954861600666372
1-s expert,1,BIO_NO_TRACE,98,0.04440352108423988,0.0317434436392704,0.044392176539554615,-1.1344544685265578e-05,-0.00025555279262230555
1-s expert,1,CELL_SHUFFLED,98,0.05362492185510484,0.03658323845577527,0.044392176539554615,-0.009232745315550225,-0.20798136147534022
1-s expert,1,CF_EVENT_YOKED,98,0.045561918479879594,0.03403244124918514,0.044392176539554615,-0.0011697419403249795,-0.02635018220570258
1-s expert,1,GRC_TIME_SHUFFLED,98,0.04410780112921509,0.02742591993891086,0.044392176539554615,0.0002843754103395227,0.006405980343994546
1-s expert,1,RAW_GRC_PCA16_RIDGE,98,0.0383120737125751,0.027523031688613253,0.044392176539554615,0.0060801028269795165,0.13696338636520744
1-s expert,1,TRAINING_MEAN,98,0.044392176539554615,0.030801282051282186,0.044392176539554615,0.0,0.0
1-s expert,2,BIO_CF_LTD,82,0.0636714713400827,0.04961371459844399,0.05981309341065445,-0.0038583779294282528,-0.06450724597937219
1-s expert,2,BIO_NO_TRACE,82,0.06345460776767121,0.050990972748177876,0.05981309341065445,-0.003641514357016762,-0.060881558691764676
1-s expert,2,CELL_SHUFFLED,82,0.07792458960897823,0.05847816059240207,0.05981309341065445,-0.01811149619832378,-0.3028015299923878
1-s expert,2,CF_EVENT_YOKED,82,0.06305608802681692,0.05509585936051026,0.05981309341065445,-0.0032429946161624673,-0.05421880781014405
1-s expert,2,GRC_TIME_SHUFFLED,82,0.076913834517951,0.05877544792990386,0.05981309341065445,-0.01710074110729655,-0.28590297094131584
1-s expert,2,RAW_GRC_PCA16_RIDGE,82,0.04682454226993406,0.030047581778433252,0.05981309341065445,0.012988551140720395,0.21715230562555649
1-s expert,2,TRAINING_MEAN,82,0.05981309341065445,0.03684615384615397,0.05981309341065445,0.0,0.0
1-s expert,3,BIO_CF_LTD,54,0.07245908895322406,0.04523255813953486,0.06759817163886936,-0.004860917314354701,-0.0719090057690206
1-s expert,3,BIO_NO_TRACE,54,0.07293125898386925,0.05030803022093888,0.06759817163886936,-0.00533308734499989,-0.07889395845631618
1-s expert,3,CELL_SHUFFLED,54,0.06933238416997112,0.04523255813953486,0.06759817163886936,-0.0017342125311017587,-0.025654725402433458
1-s expert,3,CF_EVENT_YOKED,54,0.06891134880238957,0.04523255813953486,0.06759817163886936,-0.00131317716352021,-0.01942622310164858
1-s expert,3,GRC_TIME_SHUFFLED,54,0.0689115546053502,0.04523255813953486,0.06759817163886936,-0.0013133829664808416,-0.01942926760648713
1-s expert,3,RAW_GRC_PCA16_RIDGE,54,0.06412261266174783,0.04451050448338578,0.06759817163886936,0.003475558977121526,0.05141498494499308
1-s expert,3,TRAINING_MEAN,54,0.06759817163886936,0.046220930232558244,0.06759817163886936,0.0,0.0
1-s expert,4,BIO_CF_LTD,56,0.06356943613032796,0.0379288982310364,0.04153318903318905,-0.022036247097138917,-0.5305695904913494
1-s expert,4,BIO_NO_TRACE,56,0.07038114705384713,0.03981187549198184,0.04153318903318905,-0.02884795802065808,-0.6945760412860608
1-s expert,4,CELL_SHUFFLED,56,0.08110063090133421,0.05194204339430858,0.04153318903318905,-0.03956744186814516,-0.952670449565694
1-s expert,4,CF_EVENT_YOKED,56,0.06436586781824462,0.037586021224036925,0.04153318903318905,-0.02283267878505557,-0.5497453799372364
1-s expert,4,GRC_TIME_SHUFFLED,56,0.06153722818781882,0.03957838112988299,0.04153318903318905,-0.020004039154629775,-0.4816398552647765
1-s expert,4,RAW_GRC_PCA16_RIDGE,56,0.04482495064943326,0.023863529227631797,0.04153318903318905,-0.0032917616162442126,-0.0792561730237901
1-s expert,4,TRAINING_MEAN,56,0.04153318903318905,0.029055555555555612,0.04153318903318905,0.0,0.0
1-s expert,5,BIO_CF_LTD,54,0.05832240302101979,0.04043442226810967,0.046540404040404056,-0.011781998980615736,-0.25315635357155886
1-s expert,5,BIO_NO_TRACE,54,0.06114548008281103,0.03857865658289078,0.046540404040404056,-0.014605076042406975,-0.3138149817033728
1-s expert,5,CELL_SHUFFLED,54,0.06407072162782344,0.0378690041180022,0.046540404040404056,-0.017530317587419388,-0.37666878809647725
1-s expert,5,CF_EVENT_YOKED,54,0.05692412134322706,0.03852207145789288,0.046540404040404056,-0.010383717302823003,-0.22311188561681541
1-s expert,5,GRC_TIME_SHUFFLED,54,0.057384105271678865,0.04019164622445248,0.046540404040404056,-0.010843701231274809,-0.2329954252623344
1-s expert,5,RAW_GRC_PCA16_RIDGE,54,0.04314466302497507,0.030093458989868482,0.046540404040404056,0.003395741015428985,0.07296329040205522
1-s expert,5,TRAINING_MEAN,54,0.046540404040404056,0.03337209302325583,0.046540404040404056,0.0,0.0
2-s expert,1,BIO_CF_LTD,71,0.039889243114925046,0.0277145515048427,0.034793784637650496,-0.00509545847727455,-0.14644737645932124
2-s expert,1,BIO_NO_TRACE,71,0.03970907733168096,0.029493107679291697,0.034793784637650496,-0.004915292694030467,-0.14126927395853364
2-s expert,1,CELL_SHUFFLED,71,0.035668496169281236,0.02729257236187177,0.034793784637650496,-0.0008747115316307397,-0.025139878881822206
2-s expert,1,CF_EVENT_YOKED,71,0.03957938699953363,0.029021067111110632,0.034793784637650496,-0.0047856023618831345,-0.13754187455378494
2-s expert,1,GRC_TIME_SHUFFLED,71,0.03629476925776008,0.02334734680115602,0.034793784637650496,-0.0015009846201095856,-0.04313944676444781
2-s expert,1,RAW_GRC_PCA16_RIDGE,71,0.034699838291275334,0.024328693499989562,0.034793784637650496,9.394634637516219e-05,0.002700089896903669
2-s expert,1,TRAINING_MEAN,71,0.034793784637650496,0.027105263157894743,0.034793784637650496,0.0,0.0
2-s expert,2,BIO_CF_LTD,67,0.030362095065275634,0.020365865650643133,0.029662666750106884,-0.0006994283151687507,-0.023579414523349638
2-s expert,2,BIO_NO_TRACE,67,0.030023408065991675,0.020010649782439494,0.029662666750106884,-0.0003607413158847918,-0.012161459349688845
2-s expert,2,CELL_SHUFFLED,67,0.03570636351925683,0.030036798250227648,0.029662666750106884,-0.006043696769149946,-0.20374758682572494
2-s expert,2,CF_EVENT_YOKED,67,0.031545240336687756,0.021734473499668283,0.029662666750106884,-0.0018825735865808726,-0.06346609367393069
2-s expert,2,GRC_TIME_SHUFFLED,67,0.034290421290736665,0.02643605620687728,0.029662666750106884,-0.004627754540629782,-0.15601276107830414
2-s expert,2,RAW_GRC_PCA16_RIDGE,67,0.02775949315275992,0.01973536645884799,0.029662666750106884,0.0019031735973469646,0.06416056969456756
2-s expert,2,TRAINING_MEAN,67,0.029662666750106884,0.02370370370370356,0.029662666750106884,0.0,0.0
2-s expert,3,BIO_CF_LTD,78,0.09262993540704076,0.06165013489669202,0.0743717095329999,-0.018258225874040857,-0.2454996125366648
2-s expert,3,BIO_NO_TRACE,78,0.08727228707418086,0.05750724073727653,0.0743717095329999,-0.012900577541180958,-0.17346081759027965
2-s expert,3,CELL_SHUFFLED,78,0.1031720665721446,0.08111145403115905,0.0743717095329999,-0.0288003570391447,-0.38724882377976705
2-s expert,3,CF_EVENT_YOKED,78,0.09257948680082348,0.055738225717039125,0.0743717095329999,-0.018207777267823577,-0.2448212819384567
2-s expert,3,GRC_TIME_SHUFFLED,78,0.09944242304326971,0.06466538948775113,0.0743717095329999,-0.025070713510269807,-0.3371001375078723
2-s expert,3,RAW_GRC_PCA16_RIDGE,78,0.07460629319580303,0.04398885505910899,0.0743717095329999,-0.00023458366280312837,-0.0031542056015135688
2-s expert,3,TRAINING_MEAN,78,0.0743717095329999,0.05333589349718393,0.0743717095329999,0.0,0.0
2-s expert,4,BIO_CF_LTD,32,0.09201923674485261,0.05215482605633692,0.07803365384615374,-0.013985582898698876,-0.17922501650726202
2-s expert,4,BIO_NO_TRACE,32,0.08823579636101167,0.046469992437359164,0.07803365384615374,-0.010202142514857931,-0.13074028975974694
2-s expert,4,CELL_SHUFFLED,32,0.09292052105452578,0.047074560049046754,0.07803365384615374,-0.01488686720837204,-0.19077496022065113
2-s expert,4,CF_EVENT_YOKED,32,0.09068352698617804,0.051398030872173095,0.07803365384615374,-0.012649873140024304,-0.16210791775768954
2-s expert,4,GRC_TIME_SHUFFLED,32,0.08943355450009663,0.05749366507853426,0.07803365384615374,-0.01139990065394289,-0.1460895407565846
2-s expert,4,RAW_GRC_PCA16_RIDGE,32,0.06430846810510885,0.03409301320933822,0.07803365384615374,0.013725185741044893,0.1758880311833739
2-s expert,4,TRAINING_MEAN,32,0.07803365384615374,0.05211538461538412,0.07803365384615374,0.0,0.0
2-s expert,5,BIO_CF_LTD,31,0.07168285194096495,0.04150293293690943,0.06610806451612906,-0.005574787424835886,-0.08432840177125059
2-s expert,5,BIO_NO_TRACE,31,0.07481583787278795,0.05873984516969166,0.06610806451612906,-0.008707773356658885,-0.13172028889961465
2-s expert,5,CELL_SHUFFLED,31,0.09413885846648287,0.0680479328465795,0.06610806451612906,-0.028030793950353808,-0.4240147424602765
2-s expert,5,CF_EVENT_YOKED,31,0.06419590736584965,0.04121113882947025,0.06610806451612906,0.0019121571502794116,0.028924718402743178
2-s expert,5,GRC_TIME_SHUFFLED,31,0.08427248013385037,0.054600248904039805,0.06610806451612906,-0.018164415617721308,-0.2747685286307172
2-s expert,5,RAW_GRC_PCA16_RIDGE,31,0.06908315373992567,0.04565245245137417,0.06610806451612906,-0.0029750892237966065,-0.045003423494129724
2-s expert,5,TRAINING_MEAN,31,0.06610806451612906,0.04919999999999991,0.06610806451612906,0.0,0.0
2-s expert,6,BIO_CF_LTD,79,0.0489087594085002,0.035941189391636374,0.03891576250753473,-0.009992996900965473,-0.25678532957000816
2-s expert,6,BIO_NO_TRACE,79,0.04718615103332128,0.0352301702577984,0.03891576250753473,-0.00827038852578655,-0.21252027437944374
2-s expert,6,CELL_SHUFFLED,79,0.04571669192806721,0.03428438167517278,0.03891576250753473,-0.006800929420532481,-0.17476027661582397
2-s expert,6,CF_EVENT_YOKED,79,0.04898289481346535,0.039125665622969485,0.03891576250753473,-0.01006713230593062,-0.25869035211584146
2-s expert,6,GRC_TIME_SHUFFLED,79,0.04086961774097862,0.02516642563907512,0.03891576250753473,-0.0019538552334438936,-0.050207296672282735
2-s expert,6,RAW_GRC_PCA16_RIDGE,79,0.03153703334999931,0.018471310404754693,0.03891576250753473,0.007378729157535416,0.189607724019458
2-s expert,6,TRAINING_MEAN,79,0.03891576250753473,0.026349206349206344,0.03891576250753473,0.0,0.0
2-s novice / 1-s expert,1,BIO_CF_LTD,62,0.048136891566255176,0.03689872696326635,0.03248327847267939,-0.015653613093575783,-0.4818975740623446
2-s novice / 1-s expert,1,BIO_NO_TRACE,62,0.04956877533240454,0.03360267445880227,0.03248327847267939,-0.017085496859725144,-0.5259782159641055
2-s novice / 1-s expert,1,CELL_SHUFFLED,62,0.05057156381866071,0.030617827286863908,0.03248327847267939,-0.018088285345981316,-0.556849129658965
2-s novice / 1-s expert,1,CF_EVENT_YOKED,62,0.045732649856902306,0.031542667392612245,0.03248327847267939,-0.013249371384222913,-0.4078828248622293
2-s novice / 1-s expert,1,GRC_TIME_SHUFFLED,62,0.04645402533422948,0.03527399090879668,0.03248327847267939,-0.013970746861550087,-0.43009041939225495
2-s novice / 1-s expert,1,RAW_GRC_PCA16_RIDGE,62,0.029582865730579708,0.016866611965838052,0.03248327847267939,0.0029004127420996853,0.08928940915059193
2-s novice / 1-s expert,1,TRAINING_MEAN,62,0.03248327847267939,0.019799999999999596,0.03248327847267939,0.0,0.0
2-s novice / 1-s expert,2,BIO_CF_LTD,73,0.0597532719340844,0.03942233506325232,0.04629250298231428,-0.013460768951770119,-0.29077643429461375
2-s novice / 1-s expert,2,BIO_NO_TRACE,73,0.06389391762041588,0.042676308626607984,0.04629250298231428,-0.017601414638101602,-0.38022170987008624
2-s novice / 1-s expert,2,CELL_SHUFFLED,73,0.08186630182635658,0.05472172274976295,0.04629250298231428,-0.035573798844042305,-0.7684570190044168
2-s novice / 1-s expert,2,CF_EVENT_YOKED,73,0.06419157400758499,0.03645987508421733,0.04629250298231428,-0.01789907102527071,-0.3866516146709312
2-s novice / 1-s expert,2,GRC_TIME_SHUFFLED,73,0.07141615542968661,0.04816335033008112,0.04629250298231428,-0.025123652447372337,-0.5427153605621767
2-s novice / 1-s expert,2,RAW_GRC_PCA16_RIDGE,73,0.04930994615465747,0.029334536517125365,0.04629250298231428,-0.00301744317234319,-0.06518211325699937
2-s novice / 1-s expert,2,TRAINING_MEAN,73,0.04629250298231428,0.03103448275862064,0.04629250298231428,0.0,0.0
2-s novice / 1-s expert,3,BIO_CF_LTD,69,0.09173781635518388,0.07892187336674628,0.06958222755505371,-0.022155588800130174,-0.3184087313473917
2-s novice / 1-s expert,3,BIO_NO_TRACE,69,0.07812776000387658,0.04894388168082253,0.06958222755505371,-0.008545532448822876,-0.12281199882630403
2-s novice / 1-s expert,3,CELL_SHUFFLED,69,0.07681106188342818,0.061442323628702944,0.06958222755505371,-0.00722883432837447,-0.10388909039531669
2-s novice / 1-s expert,3,CF_EVENT_YOKED,69,0.08150928202714007,0.0638996550002564,0.06958222755505371,-0.011927054472086362,-0.17140949479735518
2-s novice / 1-s expert,3,GRC_TIME_SHUFFLED,69,0.0863803605017772,0.056397221499570716,0.06958222755505371,-0.0167981329467235,-0.24141413025952288
2-s novice / 1-s expert,3,RAW_GRC_PCA16_RIDGE,69,0.0718455936209744,0.05108731386593002,0.06958222755505371,-0.0022633660659206883,-0.032527933431419756
2-s novice / 1-s expert,3,TRAINING_MEAN,69,0.06958222755505371,0.05508928571428573,0.06958222755505371,0.0,0.0
2-s novice / 1-s expert,4,BIO_CF_LTD,34,0.04631531813833086,0.030950040315818272,0.0378376906318084,-0.008477627506522464,-0.2240524557647214
2-s novice / 1-s expert,4,BIO_NO_TRACE,34,0.04090293062086825,0.021465854721806288,0.0378376906318084,-0.0030652399890598522,-0.08101022916242796
2-s novice / 1-s expert,4,CELL_SHUFFLED,34,0.05244969056461499,0.033967447093045555,0.0378376906318084,-0.01461199993280659,-0.38617578633414157
2-s novice / 1-s expert,4,CF_EVENT_YOKED,34,0.04472530779261777,0.02920231491609626,0.0378376906318084,-0.006887617160809371,-0.18203059028711627
2-s novice / 1-s expert,4,GRC_TIME_SHUFFLED,34,0.04710101044850189,0.034827569308078954,0.0378376906318084,-0.00926331981669349,-0.24481726188929312
2-s novice / 1-s expert,4,RAW_GRC_PCA16_RIDGE,34,0.037553185048312204,0.026351088976402037,0.0378376906318084,0.0002845055834961932,0.007519105387922975
2-s novice / 1-s expert,4,TRAINING_MEAN,34,0.0378376906318084,0.02879629629629643,0.0378376906318084,0.0,0.0
2-s novice / 1-s expert,5,BIO_CF_LTD,64,0.026275018610830113,0.015402415309789363,0.027225560897435927,0.0009505422866058141,0.03491359793051445
2-s novice / 1-s expert,5,BIO_NO_TRACE,64,0.027390324446618597,0.016844462555591466,0.027225560897435927,-0.0001647635491826699,-0.006051796317562263
2-s novice / 1-s expert,5,CELL_SHUFFLED,64,0.032132085643468755,0.023481891312276293,0.027225560897435927,-0.004906524746032828,-0.18021758172464022
2-s novice / 1-s expert,5,CF_EVENT_YOKED,64,0.02778471081562131,0.01773281862336229,0.027225560897435927,-0.0005591499181853837,-0.020537682227808347
2-s novice / 1-s expert,5,GRC_TIME_SHUFFLED,64,0.034849809289920666,0.02815711639671603,0.027225560897435927,-0.007624248392484739,-0.2800400851687424
2-s novice / 1-s expert,5,RAW_GRC_PCA16_RIDGE,64,0.025286577108960193,0.015002673243825315,0.027225560897435927,0.0019389837884757344,0.07121924120425911
2-s novice / 1-s expert,5,TRAINING_MEAN,64,0.027225560897435927,0.01892156862745109,0.027225560897435927,0.0,0.0
