source_group,source_group_label,within_group_session_index,eligible_reward_trials,grc_cells,imaging_dt_seconds,mean_reward_delay_seconds,median_grc_active_duration_seconds,median_grc_activity_centroid_seconds
1,1-s expert,1,117,54,0.03336489780611162,1.0668803418803419,0.3836963247702836,0.4976928869685798
1,1-s expert,2,110,85,0.03336380398774797,1.0610000000000002,0.7006398837427074,0.6358058120106811
1,1-s expert,3,64,27,0.03336552284517656,1.0970312500000001,0.6005794112131781,0.5649365772955722
1,1-s expert,4,96,24,0.033361147571721976,1.0422916666666666,0.8340286892930494,0.46879864723792014
1,1-s expert,5,94,67,0.03336192887055314,1.0537234042553192,0.5004289330582972,0.6242883477891452
2,2-s novice / 1-s expert,1,92,35,0.0333639602475142,2.0416847826086957,0.166819801237571,0.0897007808107291
2,2-s novice / 1-s expert,2,105,87,0.03336192887055314,2.052380952380952,0.8340482217638285,0.8396406545676686
2,2-s novice / 1-s expert,3,87,34,0.033365522845176555,2.08551724137931,0.9509174010875319,0.9089483346841932
2,2-s novice / 1-s expert,4,68,44,0.033363647727981734,2.0544117647058826,1.7015460341270685,1.0974968832255598
2,2-s novice / 1-s expert,5,116,63,0.0657119660254785,2.0499137931034483,0.262847864101914,0.2959632548235609
3,2-s expert,1,122,72,0.033362397649851855,2.039098360655738,0.9508283330207778,1.0146916807678208
3,2-s expert,2,120,119,0.0333634914682155,2.0395833333333333,1.6348110819425596,0.8980894201140143
3,2-s expert,3,121,27,0.03336536658541033,2.076487603305785,1.4680761297580547,1.1149194459397982
3,2-s expert,4,49,108,0.033361616351020675,2.0594897959183673,1.8348888993061372,0.8953205705971368
3,2-s expert,5,61,94,0.03336271016938432,2.08327868852459,0.417033877117304,1.005472341064632
3,2-s expert,6,120,103,0.03336396024751421,2.0543333333333336,1.7015619726232247,0.9492018404799156
