seed,trace_minus_h1_mean_across_cells
30,0.23944444444444443
31,0.26722222222222225
32,0.25722222222222224
33,0.23022222222222222
34,0.16877777777777778
35,0.24288888888888888
36,0.2281111111111111
37,0.16399999999999995
38,0.21155555555555555
39,0.18099999999999997
40,0.24333333333333332
41,0.25044444444444447
42,0.17955555555555558
43,0.22355555555555556
44,0.22500000000000003
45,0.22966666666666669
46,0.21911111111111112
47,0.20555555555555557
48,0.23522222222222222
49,0.18844444444444447
50,0.20344444444444443
51,0.22688888888888892
52,0.18899999999999995
53,0.27222222222222225
54,0.22299999999999998
55,0.18833333333333335
56,0.21244444444444444
57,0.21722222222222223
58,0.21433333333333338
59,0.2371111111111111
