group,session_index,fold,arm,n_train_trials,n_test_trials,n_train_samples,n_test_samples,n_features,fit_status,training_event_fraction,n_cf_candidates,offsets_frames,p95_min,p95_max,pca_components
1-s expert,1,0,TIME_LICK_HISTORY,8,3,184,69,10,FIT_OK,0.42934782608695654,,,,,
1-s expert,1,0,CF_LTD,8,3,184,69,11,FIT_OK,0.42934782608695654,6,"[-4, -3, -2, -1]",1.4554401397705081,9.386818695068362,
1-s expert,1,0,CF_NO_TRACE,8,3,184,69,11,FIT_OK,0.42934782608695654,6,[0],1.4554401397705081,9.386818695068362,
1-s expert,1,0,CF_EVENT_YOKED,8,3,184,69,11,FIT_OK,0.42934782608695654,6,"[-4, -3, -2, -1]",1.4554401397705081,9.386818695068362,
1-s expert,1,0,CF_TIME_SHUFFLED,8,3,184,69,11,FIT_OK,0.42934782608695654,6,"[-4, -3, -2, -1]",1.4554401397705081,9.386818695068362,
1-s expert,1,0,CF_CELL_SHUFFLED,8,3,184,69,11,FIT_OK,0.42934782608695654,6,"[-4, -3, -2, -1]",1.4554401397705081,9.386818695068362,
1-s expert,1,0,RAW_GRC_PC1,8,3,184,69,11,FIT_OK,0.42934782608695654,,,,,1
1-s expert,1,0,RAW_GRC_PC16,8,3,184,69,26,FIT_OK,0.42934782608695654,,,,,16
1-s expert,1,1,TIME_LICK_HISTORY,9,2,207,46,10,FIT_OK,0.5024154589371981,,,,,
1-s expert,1,1,CF_LTD,9,2,207,46,11,FIT_OK,0.5024154589371981,6,"[-4, -3, -2, -1]",1.428115963935852,9.724092483520508,
1-s expert,1,1,CF_NO_TRACE,9,2,207,46,11,FIT_OK,0.5024154589371981,6,[0],1.428115963935852,9.724092483520508,
1-s expert,1,1,CF_EVENT_YOKED,9,2,207,46,11,FIT_OK,0.5024154589371981,6,"[-4, -3, -2, -1]",1.428115963935852,9.724092483520508,
1-s expert,1,1,CF_TIME_SHUFFLED,9,2,207,46,11,FIT_OK,0.5024154589371981,6,"[-4, -3, -2, -1]",1.428115963935852,9.724092483520508,
1-s expert,1,1,CF_CELL_SHUFFLED,9,2,207,46,11,FIT_OK,0.5024154589371981,6,"[-4, -3, -2, -1]",1.428115963935852,9.724092483520508,
1-s expert,1,1,RAW_GRC_PC1,9,2,207,46,11,FIT_OK,0.5024154589371981,,,,,1
1-s expert,1,1,RAW_GRC_PC16,9,2,207,46,26,FIT_OK,0.5024154589371981,,,,,16
1-s expert,1,2,TIME_LICK_HISTORY,9,2,207,46,10,FIT_OK,0.4975845410628019,,,,,
1-s expert,1,2,CF_LTD,9,2,207,46,11,FIT_OK,0.4975845410628019,3,"[-4, -3, -2, -1]",1.3579189777374268,9.920242309570312,
1-s expert,1,2,CF_NO_TRACE,9,2,207,46,11,FIT_OK,0.4975845410628019,3,[0],1.3579189777374268,9.920242309570312,
1-s expert,1,2,CF_EVENT_YOKED,9,2,207,46,11,FIT_OK,0.4975845410628019,3,"[-4, -3, -2, -1]",1.3579189777374268,9.920242309570312,
1-s expert,1,2,CF_TIME_SHUFFLED,9,2,207,46,11,FIT_OK,0.4975845410628019,3,"[-4, -3, -2, -1]",1.3579189777374268,9.920242309570312,
1-s expert,1,2,CF_CELL_SHUFFLED,9,2,207,46,11,FIT_OK,0.4975845410628019,3,"[-4, -3, -2, -1]",1.3579189777374268,9.920242309570312,
1-s expert,1,2,RAW_GRC_PC1,9,2,207,46,11,FIT_OK,0.4975845410628019,,,,,1
1-s expert,1,2,RAW_GRC_PC16,9,2,207,46,26,FIT_OK,0.4975845410628019,,,,,16
1-s expert,1,3,TIME_LICK_HISTORY,9,2,207,46,10,FIT_OK,0.47342995169082125,,,,,
1-s expert,1,3,CF_LTD,9,2,207,46,11,FIT_OK,0.47342995169082125,7,"[-4, -3, -2, -1]",1.5180515050888062,10.392082214355469,
1-s expert,1,3,CF_NO_TRACE,9,2,207,46,11,FIT_OK,0.47342995169082125,7,[0],1.5180515050888062,10.392082214355469,
1-s expert,1,3,CF_EVENT_YOKED,9,2,207,46,11,FIT_OK,0.47342995169082125,7,"[-4, -3, -2, -1]",1.5180515050888062,10.392082214355469,
1-s expert,1,3,CF_TIME_SHUFFLED,9,2,207,46,11,FIT_OK,0.47342995169082125,7,"[-4, -3, -2, -1]",1.5180515050888062,10.392082214355469,
1-s expert,1,3,CF_CELL_SHUFFLED,9,2,207,46,11,FIT_OK,0.47342995169082125,7,"[-4, -3, -2, -1]",1.5180515050888062,10.392082214355469,
1-s expert,1,3,RAW_GRC_PC1,9,2,207,46,11,FIT_OK,0.47342995169082125,,,,,1
1-s expert,1,3,RAW_GRC_PC16,9,2,207,46,26,FIT_OK,0.47342995169082125,,,,,16
1-s expert,1,4,TIME_LICK_HISTORY,9,2,207,46,10,FIT_OK,0.4830917874396135,,,,,
1-s expert,1,4,CF_LTD,9,2,207,46,11,FIT_OK,0.4830917874396135,5,"[-4, -3, -2, -1]",1.4144700765609741,9.67894458770752,
1-s expert,1,4,CF_NO_TRACE,9,2,207,46,11,FIT_OK,0.4830917874396135,5,[0],1.4144700765609741,9.67894458770752,
1-s expert,1,4,CF_EVENT_YOKED,9,2,207,46,11,FIT_OK,0.4830917874396135,5,"[-4, -3, -2, -1]",1.4144700765609741,9.67894458770752,
1-s expert,1,4,CF_TIME_SHUFFLED,9,2,207,46,11,FIT_OK,0.4830917874396135,5,"[-4, -3, -2, -1]",1.4144700765609741,9.67894458770752,
1-s expert,1,4,CF_CELL_SHUFFLED,9,2,207,46,11,FIT_OK,0.4830917874396135,5,"[-4, -3, -2, -1]",1.4144700765609741,9.67894458770752,
1-s expert,1,4,RAW_GRC_PC1,9,2,207,46,11,FIT_OK,0.4830917874396135,,,,,1
1-s expert,1,4,RAW_GRC_PC16,9,2,207,46,26,FIT_OK,0.4830917874396135,,,,,16
1-s expert,2,0,TIME_LICK_HISTORY,27,7,621,161,10,FIT_OK,0.43156199677938806,,,,,
1-s expert,2,0,CF_LTD,27,7,621,161,11,FIT_OK,0.43156199677938806,8,"[-4, -3, -2, -1]",1.7238540530204765,9.695551681518554,
1-s expert,2,0,CF_NO_TRACE,27,7,621,161,11,FIT_OK,0.43156199677938806,8,[0],1.7238540530204765,9.695551681518554,
1-s expert,2,0,CF_EVENT_YOKED,27,7,621,161,11,FIT_OK,0.43156199677938806,8,"[-4, -3, -2, -1]",1.7238540530204765,9.695551681518554,
1-s expert,2,0,CF_TIME_SHUFFLED,27,7,621,161,11,FIT_OK,0.43156199677938806,8,"[-4, -3, -2, -1]",1.7238540530204765,9.695551681518554,
1-s expert,2,0,CF_CELL_SHUFFLED,27,7,621,161,11,FIT_OK,0.43156199677938806,8,"[-4, -3, -2, -1]",1.7238540530204765,9.695551681518554,
1-s expert,2,0,RAW_GRC_PC1,27,7,621,161,11,FIT_OK,0.43156199677938806,,,,,1
1-s expert,2,0,RAW_GRC_PC16,27,7,621,161,26,FIT_OK,0.43156199677938806,,,,,16
1-s expert,2,1,TIME_LICK_HISTORY,27,7,621,161,10,FIT_OK,0.3896940418679549,,,,,
1-s expert,2,1,CF_LTD,27,7,621,161,11,FIT_OK,0.3896940418679549,10,"[-4, -3, -2, -1]",1.731633591651916,8.27934293746948,
1-s expert,2,1,CF_NO_TRACE,27,7,621,161,11,FIT_OK,0.3896940418679549,10,[0],1.731633591651916,8.27934293746948,
1-s expert,2,1,CF_EVENT_YOKED,27,7,621,161,11,FIT_OK,0.3896940418679549,10,"[-4, -3, -2, -1]",1.731633591651916,8.27934293746948,
1-s expert,2,1,CF_TIME_SHUFFLED,27,7,621,161,11,FIT_OK,0.3896940418679549,10,"[-4, -3, -2, -1]",1.731633591651916,8.27934293746948,
1-s expert,2,1,CF_CELL_SHUFFLED,27,7,621,161,11,FIT_OK,0.3896940418679549,10,"[-4, -3, -2, -1]",1.731633591651916,8.27934293746948,
1-s expert,2,1,RAW_GRC_PC1,27,7,621,161,11,FIT_OK,0.3896940418679549,,,,,1
1-s expert,2,1,RAW_GRC_PC16,27,7,621,161,26,FIT_OK,0.3896940418679549,,,,,16
1-s expert,2,2,TIME_LICK_HISTORY,27,7,621,161,10,FIT_OK,0.38164251207729466,,,,,
1-s expert,2,2,CF_LTD,27,7,621,161,11,FIT_OK,0.38164251207729466,8,"[-4, -3, -2, -1]",1.74011412858963,8.910770320892333,
1-s expert,2,2,CF_NO_TRACE,27,7,621,161,11,FIT_OK,0.38164251207729466,8,[0],1.74011412858963,8.910770320892333,
1-s expert,2,2,CF_EVENT_YOKED,27,7,621,161,11,FIT_OK,0.38164251207729466,8,"[-4, -3, -2, -1]",1.74011412858963,8.910770320892333,
1-s expert,2,2,CF_TIME_SHUFFLED,27,7,621,161,11,FIT_OK,0.38164251207729466,8,"[-4, -3, -2, -1]",1.74011412858963,8.910770320892333,
1-s expert,2,2,CF_CELL_SHUFFLED,27,7,621,161,11,FIT_OK,0.38164251207729466,8,"[-4, -3, -2, -1]",1.74011412858963,8.910770320892333,
1-s expert,2,2,RAW_GRC_PC1,27,7,621,161,11,FIT_OK,0.38164251207729466,,,,,1
1-s expert,2,2,RAW_GRC_PC16,27,7,621,161,26,FIT_OK,0.38164251207729466,,,,,16
1-s expert,2,3,TIME_LICK_HISTORY,27,7,621,161,10,FIT_OK,0.40096618357487923,,,,,
1-s expert,2,3,CF_LTD,27,7,621,161,11,FIT_OK,0.40096618357487923,8,"[-4, -3, -2, -1]",1.7133363723754877,9.462760162353515,
1-s expert,2,3,CF_NO_TRACE,27,7,621,161,11,FIT_OK,0.40096618357487923,8,[0],1.7133363723754877,9.462760162353515,
1-s expert,2,3,CF_EVENT_YOKED,27,7,621,161,11,FIT_OK,0.40096618357487923,8,"[-4, -3, -2, -1]",1.7133363723754877,9.462760162353515,
1-s expert,2,3,CF_TIME_SHUFFLED,27,7,621,161,11,FIT_OK,0.40096618357487923,8,"[-4, -3, -2, -1]",1.7133363723754877,9.462760162353515,
1-s expert,2,3,CF_CELL_SHUFFLED,27,7,621,161,11,FIT_OK,0.40096618357487923,8,"[-4, -3, -2, -1]",1.7133363723754877,9.462760162353515,
1-s expert,2,3,RAW_GRC_PC1,27,7,621,161,11,FIT_OK,0.40096618357487923,,,,,1
1-s expert,2,3,RAW_GRC_PC16,27,7,621,161,26,FIT_OK,0.40096618357487923,,,,,16
1-s expert,2,4,TIME_LICK_HISTORY,28,6,644,138,10,FIT_OK,0.40993788819875776,,,,,
1-s expert,2,4,CF_LTD,28,6,644,138,11,FIT_OK,0.40993788819875776,7,"[-4, -3, -2, -1]",1.7221571028232574,9.110775232315062,
1-s expert,2,4,CF_NO_TRACE,28,6,644,138,11,FIT_OK,0.40993788819875776,7,[0],1.7221571028232574,9.110775232315062,
1-s expert,2,4,CF_EVENT_YOKED,28,6,644,138,11,FIT_OK,0.40993788819875776,7,"[-4, -3, -2, -1]",1.7221571028232574,9.110775232315062,
1-s expert,2,4,CF_TIME_SHUFFLED,28,6,644,138,11,FIT_OK,0.40993788819875776,7,"[-4, -3, -2, -1]",1.7221571028232574,9.110775232315062,
1-s expert,2,4,CF_CELL_SHUFFLED,28,6,644,138,11,FIT_OK,0.40993788819875776,7,"[-4, -3, -2, -1]",1.7221571028232574,9.110775232315062,
1-s expert,2,4,RAW_GRC_PC1,28,6,644,138,11,FIT_OK,0.40993788819875776,,,,,1
1-s expert,2,4,RAW_GRC_PC16,28,6,644,138,26,FIT_OK,0.40993788819875776,,,,,16
1-s expert,3,0,TIME_LICK_HISTORY,72,18,1656,414,10,FIT_OK,0.966183574879227,,,,,
1-s expert,3,0,CF_LTD,72,18,1656,414,11,NO_CF_CANDIDATE_ZERO_SIGNAL,0.966183574879227,0,"[-4, -3, -2, -1]",,,
1-s expert,3,0,CF_NO_TRACE,72,18,1656,414,11,NO_CF_CANDIDATE_ZERO_SIGNAL,0.966183574879227,0,[0],,,
1-s expert,3,0,CF_EVENT_YOKED,72,18,1656,414,11,NO_CF_CANDIDATE_ZERO_SIGNAL,0.966183574879227,0,"[-4, -3, -2, -1]",,,
1-s expert,3,0,CF_TIME_SHUFFLED,72,18,1656,414,11,NO_CF_CANDIDATE_ZERO_SIGNAL,0.966183574879227,0,"[-4, -3, -2, -1]",,,
1-s expert,3,0,CF_CELL_SHUFFLED,72,18,1656,414,11,NO_CF_CANDIDATE_ZERO_SIGNAL,0.966183574879227,0,"[-4, -3, -2, -1]",,,
1-s expert,3,0,RAW_GRC_PC1,72,18,1656,414,11,FIT_OK,0.966183574879227,,,,,1
1-s expert,3,0,RAW_GRC_PC16,72,18,1656,414,26,FIT_OK,0.966183574879227,,,,,16
1-s expert,3,1,TIME_LICK_HISTORY,72,18,1656,414,10,FIT_OK,0.9631642512077294,,,,,
1-s expert,3,1,CF_LTD,72,18,1656,414,11,NO_CF_CANDIDATE_ZERO_SIGNAL,0.9631642512077294,0,"[-4, -3, -2, -1]",,,
1-s expert,3,1,CF_NO_TRACE,72,18,1656,414,11,NO_CF_CANDIDATE_ZERO_SIGNAL,0.9631642512077294,0,[0],,,
1-s expert,3,1,CF_EVENT_YOKED,72,18,1656,414,11,NO_CF_CANDIDATE_ZERO_SIGNAL,0.9631642512077294,0,"[-4, -3, -2, -1]",,,
1-s expert,3,1,CF_TIME_SHUFFLED,72,18,1656,414,11,NO_CF_CANDIDATE_ZERO_SIGNAL,0.9631642512077294,0,"[-4, -3, -2, -1]",,,
1-s expert,3,1,CF_CELL_SHUFFLED,72,18,1656,414,11,NO_CF_CANDIDATE_ZERO_SIGNAL,0.9631642512077294,0,"[-4, -3, -2, -1]",,,
1-s expert,3,1,RAW_GRC_PC1,72,18,1656,414,11,FIT_OK,0.9631642512077294,,,,,1
1-s expert,3,1,RAW_GRC_PC16,72,18,1656,414,26,FIT_OK,0.9631642512077294,,,,,16
1-s expert,3,2,TIME_LICK_HISTORY,72,18,1656,414,10,FIT_OK,0.9770531400966184,,,,,
1-s expert,3,2,CF_LTD,72,18,1656,414,11,NO_CF_CANDIDATE_ZERO_SIGNAL,0.9770531400966184,0,"[-4, -3, -2, -1]",,,
1-s expert,3,2,CF_NO_TRACE,72,18,1656,414,11,NO_CF_CANDIDATE_ZERO_SIGNAL,0.9770531400966184,0,[0],,,
1-s expert,3,2,CF_EVENT_YOKED,72,18,1656,414,11,NO_CF_CANDIDATE_ZERO_SIGNAL,0.9770531400966184,0,"[-4, -3, -2, -1]",,,
1-s expert,3,2,CF_TIME_SHUFFLED,72,18,1656,414,11,NO_CF_CANDIDATE_ZERO_SIGNAL,0.9770531400966184,0,"[-4, -3, -2, -1]",,,
1-s expert,3,2,CF_CELL_SHUFFLED,72,18,1656,414,11,NO_CF_CANDIDATE_ZERO_SIGNAL,0.9770531400966184,0,"[-4, -3, -2, -1]",,,
1-s expert,3,2,RAW_GRC_PC1,72,18,1656,414,11,FIT_OK,0.9770531400966184,,,,,1
1-s expert,3,2,RAW_GRC_PC16,72,18,1656,414,26,FIT_OK,0.9770531400966184,,,,,16
1-s expert,3,3,TIME_LICK_HISTORY,72,18,1656,414,10,FIT_OK,0.9770531400966184,,,,,
1-s expert,3,3,CF_LTD,72,18,1656,414,11,NO_CF_CANDIDATE_ZERO_SIGNAL,0.9770531400966184,0,"[-4, -3, -2, -1]",,,
1-s expert,3,3,CF_NO_TRACE,72,18,1656,414,11,NO_CF_CANDIDATE_ZERO_SIGNAL,0.9770531400966184,0,[0],,,
1-s expert,3,3,CF_EVENT_YOKED,72,18,1656,414,11,NO_CF_CANDIDATE_ZERO_SIGNAL,0.9770531400966184,0,"[-4, -3, -2, -1]",,,
1-s expert,3,3,CF_TIME_SHUFFLED,72,18,1656,414,11,NO_CF_CANDIDATE_ZERO_SIGNAL,0.9770531400966184,0,"[-4, -3, -2, -1]",,,
1-s expert,3,3,CF_CELL_SHUFFLED,72,18,1656,414,11,NO_CF_CANDIDATE_ZERO_SIGNAL,0.9770531400966184,0,"[-4, -3, -2, -1]",,,
1-s expert,3,3,RAW_GRC_PC1,72,18,1656,414,11,FIT_OK,0.9770531400966184,,,,,1
1-s expert,3,3,RAW_GRC_PC16,72,18,1656,414,26,FIT_OK,0.9770531400966184,,,,,16
1-s expert,3,4,TIME_LICK_HISTORY,72,18,1656,414,10,FIT_OK,0.9692028985507246,,,,,
1-s expert,3,4,CF_LTD,72,18,1656,414,11,NO_CF_CANDIDATE_ZERO_SIGNAL,0.9692028985507246,0,"[-4, -3, -2, -1]",,,
1-s expert,3,4,CF_NO_TRACE,72,18,1656,414,11,NO_CF_CANDIDATE_ZERO_SIGNAL,0.9692028985507246,0,[0],,,
1-s expert,3,4,CF_EVENT_YOKED,72,18,1656,414,11,NO_CF_CANDIDATE_ZERO_SIGNAL,0.9692028985507246,0,"[-4, -3, -2, -1]",,,
1-s expert,3,4,CF_TIME_SHUFFLED,72,18,1656,414,11,NO_CF_CANDIDATE_ZERO_SIGNAL,0.9692028985507246,0,"[-4, -3, -2, -1]",,,
1-s expert,3,4,CF_CELL_SHUFFLED,72,18,1656,414,11,NO_CF_CANDIDATE_ZERO_SIGNAL,0.9692028985507246,0,"[-4, -3, -2, -1]",,,
1-s expert,3,4,RAW_GRC_PC1,72,18,1656,414,11,FIT_OK,0.9692028985507246,,,,,1
1-s expert,3,4,RAW_GRC_PC16,72,18,1656,414,26,FIT_OK,0.9692028985507246,,,,,16
1-s expert,4,0,TIME_LICK_HISTORY,33,9,759,207,10,FIT_OK,0.8735177865612648,,,,,
1-s expert,4,0,CF_LTD,33,9,759,207,11,FIT_OK,0.8735177865612648,7,"[-4, -3, -2, -1]",1.843884134292602,3.2772229194641103,
1-s expert,4,0,CF_NO_TRACE,33,9,759,207,11,FIT_OK,0.8735177865612648,7,[0],1.843884134292602,3.2772229194641103,
1-s expert,4,0,CF_EVENT_YOKED,33,9,759,207,11,FIT_OK,0.8735177865612648,7,"[-4, -3, -2, -1]",1.843884134292602,3.2772229194641103,
1-s expert,4,0,CF_TIME_SHUFFLED,33,9,759,207,11,FIT_OK,0.8735177865612648,7,"[-4, -3, -2, -1]",1.843884134292602,3.2772229194641103,
1-s expert,4,0,CF_CELL_SHUFFLED,33,9,759,207,11,FIT_OK,0.8735177865612648,7,"[-4, -3, -2, -1]",1.843884134292602,3.2772229194641103,
1-s expert,4,0,RAW_GRC_PC1,33,9,759,207,11,FIT_OK,0.8735177865612648,,,,,1
1-s expert,4,0,RAW_GRC_PC16,33,9,759,207,26,FIT_OK,0.8735177865612648,,,,,16
1-s expert,4,1,TIME_LICK_HISTORY,33,9,759,207,10,FIT_OK,0.8537549407114624,,,,,
1-s expert,4,1,CF_LTD,33,9,759,207,11,FIT_OK,0.8537549407114624,5,"[-4, -3, -2, -1]",1.8311932802200315,3.927320909500122,
1-s expert,4,1,CF_NO_TRACE,33,9,759,207,11,FIT_OK,0.8537549407114624,5,[0],1.8311932802200315,3.927320909500122,
1-s expert,4,1,CF_EVENT_YOKED,33,9,759,207,11,FIT_OK,0.8537549407114624,5,"[-4, -3, -2, -1]",1.8311932802200315,3.927320909500122,
1-s expert,4,1,CF_TIME_SHUFFLED,33,9,759,207,11,FIT_OK,0.8537549407114624,5,"[-4, -3, -2, -1]",1.8311932802200315,3.927320909500122,
1-s expert,4,1,CF_CELL_SHUFFLED,33,9,759,207,11,FIT_OK,0.8537549407114624,5,"[-4, -3, -2, -1]",1.8311932802200315,3.927320909500122,
1-s expert,4,1,RAW_GRC_PC1,33,9,759,207,11,FIT_OK,0.8537549407114624,,,,,1
1-s expert,4,1,RAW_GRC_PC16,33,9,759,207,26,FIT_OK,0.8537549407114624,,,,,16
1-s expert,4,2,TIME_LICK_HISTORY,34,8,782,184,10,FIT_OK,0.8631713554987213,,,,,
1-s expert,4,2,CF_LTD,34,8,782,184,11,FIT_OK,0.8631713554987213,7,"[-4, -3, -2, -1]",1.8360642552375779,3.5201660394668575,
1-s expert,4,2,CF_NO_TRACE,34,8,782,184,11,FIT_OK,0.8631713554987213,7,[0],1.8360642552375779,3.5201660394668575,
1-s expert,4,2,CF_EVENT_YOKED,34,8,782,184,11,FIT_OK,0.8631713554987213,7,"[-4, -3, -2, -1]",1.8360642552375779,3.5201660394668575,
1-s expert,4,2,CF_TIME_SHUFFLED,34,8,782,184,11,FIT_OK,0.8631713554987213,7,"[-4, -3, -2, -1]",1.8360642552375779,3.5201660394668575,
1-s expert,4,2,CF_CELL_SHUFFLED,34,8,782,184,11,FIT_OK,0.8631713554987213,7,"[-4, -3, -2, -1]",1.8360642552375779,3.5201660394668575,
1-s expert,4,2,RAW_GRC_PC1,34,8,782,184,11,FIT_OK,0.8631713554987213,,,,,1
1-s expert,4,2,RAW_GRC_PC16,34,8,782,184,26,FIT_OK,0.8631713554987213,,,,,16
1-s expert,4,3,TIME_LICK_HISTORY,34,8,782,184,10,FIT_OK,0.8964194373401535,,,,,
1-s expert,4,3,CF_LTD,34,8,782,184,11,FIT_OK,0.8964194373401535,8,"[-4, -3, -2, -1]",1.8174595654010768,3.7346256971359235,
1-s expert,4,3,CF_NO_TRACE,34,8,782,184,11,FIT_OK,0.8964194373401535,8,[0],1.8174595654010768,3.7346256971359235,
1-s expert,4,3,CF_EVENT_YOKED,34,8,782,184,11,FIT_OK,0.8964194373401535,8,"[-4, -3, -2, -1]",1.8174595654010768,3.7346256971359235,
1-s expert,4,3,CF_TIME_SHUFFLED,34,8,782,184,11,FIT_OK,0.8964194373401535,8,"[-4, -3, -2, -1]",1.8174595654010768,3.7346256971359235,
1-s expert,4,3,CF_CELL_SHUFFLED,34,8,782,184,11,FIT_OK,0.8964194373401535,8,"[-4, -3, -2, -1]",1.8174595654010768,3.7346256971359235,
1-s expert,4,3,RAW_GRC_PC1,34,8,782,184,11,FIT_OK,0.8964194373401535,,,,,1
1-s expert,4,3,RAW_GRC_PC16,34,8,782,184,26,FIT_OK,0.8964194373401535,,,,,16
1-s expert,4,4,TIME_LICK_HISTORY,34,8,782,184,10,FIT_OK,0.8554987212276215,,,,,
1-s expert,4,4,CF_LTD,34,8,782,184,11,FIT_OK,0.8554987212276215,7,"[-4, -3, -2, -1]",1.800593382120132,4.270896720886229,
1-s expert,4,4,CF_NO_TRACE,34,8,782,184,11,FIT_OK,0.8554987212276215,7,[0],1.800593382120132,4.270896720886229,
1-s expert,4,4,CF_EVENT_YOKED,34,8,782,184,11,FIT_OK,0.8554987212276215,7,"[-4, -3, -2, -1]",1.800593382120132,4.270896720886229,
1-s expert,4,4,CF_TIME_SHUFFLED,34,8,782,184,11,FIT_OK,0.8554987212276215,7,"[-4, -3, -2, -1]",1.800593382120132,4.270896720886229,
1-s expert,4,4,CF_CELL_SHUFFLED,34,8,782,184,11,FIT_OK,0.8554987212276215,7,"[-4, -3, -2, -1]",1.800593382120132,4.270896720886229,
1-s expert,4,4,RAW_GRC_PC1,34,8,782,184,11,FIT_OK,0.8554987212276215,,,,,1
1-s expert,4,4,RAW_GRC_PC16,34,8,782,184,26,FIT_OK,0.8554987212276215,,,,,16
1-s expert,5,0,TIME_LICK_HISTORY,77,20,1771,460,10,FIT_OK,0.9175607001693958,,,,,
1-s expert,5,0,CF_LTD,77,20,1771,460,11,FIT_OK,0.9175607001693958,8,"[-4, -3, -2, -1]",1.7343571186065674,5.913008880615238,
1-s expert,5,0,CF_NO_TRACE,77,20,1771,460,11,FIT_OK,0.9175607001693958,8,[0],1.7343571186065674,5.913008880615238,
1-s expert,5,0,CF_EVENT_YOKED,77,20,1771,460,11,FIT_OK,0.9175607001693958,8,"[-4, -3, -2, -1]",1.7343571186065674,5.913008880615238,
1-s expert,5,0,CF_TIME_SHUFFLED,77,20,1771,460,11,FIT_OK,0.9175607001693958,8,"[-4, -3, -2, -1]",1.7343571186065674,5.913008880615238,
1-s expert,5,0,CF_CELL_SHUFFLED,77,20,1771,460,11,FIT_OK,0.9175607001693958,8,"[-4, -3, -2, -1]",1.7343571186065674,5.913008880615238,
1-s expert,5,0,RAW_GRC_PC1,77,20,1771,460,11,FIT_OK,0.9175607001693958,,,,,1
1-s expert,5,0,RAW_GRC_PC16,77,20,1771,460,26,FIT_OK,0.9175607001693958,,,,,16
1-s expert,5,1,TIME_LICK_HISTORY,77,20,1771,460,10,FIT_OK,0.8876341050254094,,,,,
1-s expert,5,1,CF_LTD,77,20,1771,460,11,FIT_OK,0.8876341050254094,6,"[-4, -3, -2, -1]",1.7191299438476562,5.989843463897694,
1-s expert,5,1,CF_NO_TRACE,77,20,1771,460,11,FIT_OK,0.8876341050254094,6,[0],1.7191299438476562,5.989843463897694,
1-s expert,5,1,CF_EVENT_YOKED,77,20,1771,460,11,FIT_OK,0.8876341050254094,6,"[-4, -3, -2, -1]",1.7191299438476562,5.989843463897694,
1-s expert,5,1,CF_TIME_SHUFFLED,77,20,1771,460,11,FIT_OK,0.8876341050254094,6,"[-4, -3, -2, -1]",1.7191299438476562,5.989843463897694,
1-s expert,5,1,CF_CELL_SHUFFLED,77,20,1771,460,11,FIT_OK,0.8876341050254094,6,"[-4, -3, -2, -1]",1.7191299438476562,5.989843463897694,
1-s expert,5,1,RAW_GRC_PC1,77,20,1771,460,11,FIT_OK,0.8876341050254094,,,,,1
1-s expert,5,1,RAW_GRC_PC16,77,20,1771,460,26,FIT_OK,0.8876341050254094,,,,,16
1-s expert,5,2,TIME_LICK_HISTORY,78,19,1794,437,10,FIT_OK,0.8974358974358975,,,,,
1-s expert,5,2,CF_LTD,78,19,1794,437,11,FIT_OK,0.8974358974358975,6,"[-4, -3, -2, -1]",1.7442722797393806,6.145140552520754,
1-s expert,5,2,CF_NO_TRACE,78,19,1794,437,11,FIT_OK,0.8974358974358975,6,[0],1.7442722797393806,6.145140552520754,
1-s expert,5,2,CF_EVENT_YOKED,78,19,1794,437,11,FIT_OK,0.8974358974358975,6,"[-4, -3, -2, -1]",1.7442722797393806,6.145140552520754,
1-s expert,5,2,CF_TIME_SHUFFLED,78,19,1794,437,11,FIT_OK,0.8974358974358975,6,"[-4, -3, -2, -1]",1.7442722797393806,6.145140552520754,
1-s expert,5,2,CF_CELL_SHUFFLED,78,19,1794,437,11,FIT_OK,0.8974358974358975,6,"[-4, -3, -2, -1]",1.7442722797393806,6.145140552520754,
1-s expert,5,2,RAW_GRC_PC1,78,19,1794,437,11,FIT_OK,0.8974358974358975,,,,,1
1-s expert,5,2,RAW_GRC_PC16,78,19,1794,437,26,FIT_OK,0.8974358974358975,,,,,16
1-s expert,5,3,TIME_LICK_HISTORY,78,19,1794,437,10,FIT_OK,0.8885172798216276,,,,,
1-s expert,5,3,CF_LTD,78,19,1794,437,11,FIT_OK,0.8885172798216276,7,"[-4, -3, -2, -1]",1.706914949417115,5.507964611053469,
1-s expert,5,3,CF_NO_TRACE,78,19,1794,437,11,FIT_OK,0.8885172798216276,7,[0],1.706914949417115,5.507964611053469,
1-s expert,5,3,CF_EVENT_YOKED,78,19,1794,437,11,FIT_OK,0.8885172798216276,7,"[-4, -3, -2, -1]",1.706914949417115,5.507964611053469,
1-s expert,5,3,CF_TIME_SHUFFLED,78,19,1794,437,11,FIT_OK,0.8885172798216276,7,"[-4, -3, -2, -1]",1.706914949417115,5.507964611053469,
1-s expert,5,3,CF_CELL_SHUFFLED,78,19,1794,437,11,FIT_OK,0.8885172798216276,7,"[-4, -3, -2, -1]",1.706914949417115,5.507964611053469,
1-s expert,5,3,RAW_GRC_PC1,78,19,1794,437,11,FIT_OK,0.8885172798216276,,,,,1
1-s expert,5,3,RAW_GRC_PC16,78,19,1794,437,26,FIT_OK,0.8885172798216276,,,,,16
1-s expert,5,4,TIME_LICK_HISTORY,78,19,1794,437,10,FIT_OK,0.9091415830546266,,,,,
1-s expert,5,4,CF_LTD,78,19,1794,437,11,FIT_OK,0.9091415830546266,7,"[-4, -3, -2, -1]",1.7556558370590212,4.814990329742432,
1-s expert,5,4,CF_NO_TRACE,78,19,1794,437,11,FIT_OK,0.9091415830546266,7,[0],1.7556558370590212,4.814990329742432,
1-s expert,5,4,CF_EVENT_YOKED,78,19,1794,437,11,FIT_OK,0.9091415830546266,7,"[-4, -3, -2, -1]",1.7556558370590212,4.814990329742432,
1-s expert,5,4,CF_TIME_SHUFFLED,78,19,1794,437,11,FIT_OK,0.9091415830546266,7,"[-4, -3, -2, -1]",1.7556558370590212,4.814990329742432,
1-s expert,5,4,CF_CELL_SHUFFLED,78,19,1794,437,11,FIT_OK,0.9091415830546266,7,"[-4, -3, -2, -1]",1.7556558370590212,4.814990329742432,
1-s expert,5,4,RAW_GRC_PC1,78,19,1794,437,11,FIT_OK,0.9091415830546266,,,,,1
1-s expert,5,4,RAW_GRC_PC16,78,19,1794,437,26,FIT_OK,0.9091415830546266,,,,,16
2-s novice / 1-s expert,1,0,TIME_LICK_HISTORY,19,5,1007,265,10,FIT_OK,0.5858987090367428,,,,,
2-s novice / 1-s expert,1,0,CF_LTD,19,5,1007,265,11,FIT_OK,0.5858987090367428,4,"[-4, -3, -2, -1]",1.4376356720924377,3.5188201665878296,
2-s novice / 1-s expert,1,0,CF_NO_TRACE,19,5,1007,265,11,FIT_OK,0.5858987090367428,4,[0],1.4376356720924377,3.5188201665878296,
2-s novice / 1-s expert,1,0,CF_EVENT_YOKED,19,5,1007,265,11,FIT_OK,0.5858987090367428,4,"[-4, -3, -2, -1]",1.4376356720924377,3.5188201665878296,
2-s novice / 1-s expert,1,0,CF_TIME_SHUFFLED,19,5,1007,265,11,FIT_OK,0.5858987090367428,4,"[-4, -3, -2, -1]",1.4376356720924377,3.5188201665878296,
2-s novice / 1-s expert,1,0,CF_CELL_SHUFFLED,19,5,1007,265,11,FIT_OK,0.5858987090367428,4,"[-4, -3, -2, -1]",1.4376356720924377,3.5188201665878296,
2-s novice / 1-s expert,1,0,RAW_GRC_PC1,19,5,1007,265,11,FIT_OK,0.5858987090367428,,,,,1
2-s novice / 1-s expert,1,0,RAW_GRC_PC16,19,5,1007,265,26,FIT_OK,0.5858987090367428,,,,,16
2-s novice / 1-s expert,1,1,TIME_LICK_HISTORY,19,5,1007,265,10,FIT_OK,0.6355511420059583,,,,,
2-s novice / 1-s expert,1,1,CF_LTD,19,5,1007,265,11,FIT_OK,0.6355511420059583,4,"[-4, -3, -2, -1]",1.4414730072021484,3.7093793153762804,
2-s novice / 1-s expert,1,1,CF_NO_TRACE,19,5,1007,265,11,FIT_OK,0.6355511420059583,4,[0],1.4414730072021484,3.7093793153762804,
2-s novice / 1-s expert,1,1,CF_EVENT_YOKED,19,5,1007,265,11,FIT_OK,0.6355511420059583,4,"[-4, -3, -2, -1]",1.4414730072021484,3.7093793153762804,
2-s novice / 1-s expert,1,1,CF_TIME_SHUFFLED,19,5,1007,265,11,FIT_OK,0.6355511420059583,4,"[-4, -3, -2, -1]",1.4414730072021484,3.7093793153762804,
2-s novice / 1-s expert,1,1,CF_CELL_SHUFFLED,19,5,1007,265,11,FIT_OK,0.6355511420059583,4,"[-4, -3, -2, -1]",1.4414730072021484,3.7093793153762804,
2-s novice / 1-s expert,1,1,RAW_GRC_PC1,19,5,1007,265,11,FIT_OK,0.6355511420059583,,,,,1
2-s novice / 1-s expert,1,1,RAW_GRC_PC16,19,5,1007,265,26,FIT_OK,0.6355511420059583,,,,,16
2-s novice / 1-s expert,1,2,TIME_LICK_HISTORY,19,5,1007,265,10,FIT_OK,0.631578947368421,,,,,
2-s novice / 1-s expert,1,2,CF_LTD,19,5,1007,265,11,FIT_OK,0.631578947368421,5,"[-4, -3, -2, -1]",1.4551533699035644,3.876204514503478,
2-s novice / 1-s expert,1,2,CF_NO_TRACE,19,5,1007,265,11,FIT_OK,0.631578947368421,5,[0],1.4551533699035644,3.876204514503478,
2-s novice / 1-s expert,1,2,CF_EVENT_YOKED,19,5,1007,265,11,FIT_OK,0.631578947368421,5,"[-4, -3, -2, -1]",1.4551533699035644,3.876204514503478,
2-s novice / 1-s expert,1,2,CF_TIME_SHUFFLED,19,5,1007,265,11,FIT_OK,0.631578947368421,5,"[-4, -3, -2, -1]",1.4551533699035644,3.876204514503478,
2-s novice / 1-s expert,1,2,CF_CELL_SHUFFLED,19,5,1007,265,11,FIT_OK,0.631578947368421,5,"[-4, -3, -2, -1]",1.4551533699035644,3.876204514503478,
2-s novice / 1-s expert,1,2,RAW_GRC_PC1,19,5,1007,265,11,FIT_OK,0.631578947368421,,,,,1
2-s novice / 1-s expert,1,2,RAW_GRC_PC16,19,5,1007,265,26,FIT_OK,0.631578947368421,,,,,16
2-s novice / 1-s expert,1,3,TIME_LICK_HISTORY,19,5,1007,265,10,FIT_OK,0.576961271102284,,,,,
2-s novice / 1-s expert,1,3,CF_LTD,19,5,1007,265,11,FIT_OK,0.576961271102284,3,"[-4, -3, -2, -1]",1.3973136067390433,3.7019784450530997,
2-s novice / 1-s expert,1,3,CF_NO_TRACE,19,5,1007,265,11,FIT_OK,0.576961271102284,3,[0],1.3973136067390433,3.7019784450530997,
2-s novice / 1-s expert,1,3,CF_EVENT_YOKED,19,5,1007,265,11,FIT_OK,0.576961271102284,3,"[-4, -3, -2, -1]",1.3973136067390433,3.7019784450530997,
2-s novice / 1-s expert,1,3,CF_TIME_SHUFFLED,19,5,1007,265,11,FIT_OK,0.576961271102284,3,"[-4, -3, -2, -1]",1.3973136067390433,3.7019784450530997,
2-s novice / 1-s expert,1,3,CF_CELL_SHUFFLED,19,5,1007,265,11,FIT_OK,0.576961271102284,3,"[-4, -3, -2, -1]",1.3973136067390433,3.7019784450530997,
2-s novice / 1-s expert,1,3,RAW_GRC_PC1,19,5,1007,265,11,FIT_OK,0.576961271102284,,,,,1
2-s novice / 1-s expert,1,3,RAW_GRC_PC16,19,5,1007,265,26,FIT_OK,0.576961271102284,,,,,16
2-s novice / 1-s expert,1,4,TIME_LICK_HISTORY,20,4,1060,212,10,FIT_OK,0.6084905660377359,,,,,
2-s novice / 1-s expert,1,4,CF_LTD,20,4,1060,212,11,FIT_OK,0.6084905660377359,4,"[-4, -3, -2, -1]",1.468483757972719,3.635709583759308,
2-s novice / 1-s expert,1,4,CF_NO_TRACE,20,4,1060,212,11,FIT_OK,0.6084905660377359,4,[0],1.468483757972719,3.635709583759308,
2-s novice / 1-s expert,1,4,CF_EVENT_YOKED,20,4,1060,212,11,FIT_OK,0.6084905660377359,4,"[-4, -3, -2, -1]",1.468483757972719,3.635709583759308,
2-s novice / 1-s expert,1,4,CF_TIME_SHUFFLED,20,4,1060,212,11,FIT_OK,0.6084905660377359,4,"[-4, -3, -2, -1]",1.468483757972719,3.635709583759308,
2-s novice / 1-s expert,1,4,CF_CELL_SHUFFLED,20,4,1060,212,11,FIT_OK,0.6084905660377359,4,"[-4, -3, -2, -1]",1.468483757972719,3.635709583759308,
2-s novice / 1-s expert,1,4,RAW_GRC_PC1,20,4,1060,212,11,FIT_OK,0.6084905660377359,,,,,1
2-s novice / 1-s expert,1,4,RAW_GRC_PC16,20,4,1060,212,26,FIT_OK,0.6084905660377359,,,,,16
2-s novice / 1-s expert,2,0,TIME_LICK_HISTORY,5,2,265,106,10,FIT_OK,0.3849056603773585,,,,,
2-s novice / 1-s expert,2,0,CF_LTD,5,2,265,106,11,FIT_OK,0.3849056603773585,12,"[-4, -3, -2, -1]",1.5726266980171202,6.367213106155393,
2-s novice / 1-s expert,2,0,CF_NO_TRACE,5,2,265,106,11,FIT_OK,0.3849056603773585,12,[0],1.5726266980171202,6.367213106155393,
2-s novice / 1-s expert,2,0,CF_EVENT_YOKED,5,2,265,106,11,FIT_OK,0.3849056603773585,12,"[-4, -3, -2, -1]",1.5726266980171202,6.367213106155393,
2-s novice / 1-s expert,2,0,CF_TIME_SHUFFLED,5,2,265,106,11,FIT_OK,0.3849056603773585,12,"[-4, -3, -2, -1]",1.5726266980171202,6.367213106155393,
2-s novice / 1-s expert,2,0,CF_CELL_SHUFFLED,5,2,265,106,11,FIT_OK,0.3849056603773585,12,"[-4, -3, -2, -1]",1.5726266980171202,6.367213106155393,
2-s novice / 1-s expert,2,0,RAW_GRC_PC1,5,2,265,106,11,FIT_OK,0.3849056603773585,,,,,1
2-s novice / 1-s expert,2,0,RAW_GRC_PC16,5,2,265,106,26,FIT_OK,0.3849056603773585,,,,,16
2-s novice / 1-s expert,2,1,TIME_LICK_HISTORY,5,2,265,106,10,FIT_OK,0.35094339622641507,,,,,
2-s novice / 1-s expert,2,1,CF_LTD,5,2,265,106,11,FIT_OK,0.35094339622641507,6,"[-4, -3, -2, -1]",1.5676839590072629,6.367213106155393,
2-s novice / 1-s expert,2,1,CF_NO_TRACE,5,2,265,106,11,FIT_OK,0.35094339622641507,6,[0],1.5676839590072629,6.367213106155393,
2-s novice / 1-s expert,2,1,CF_EVENT_YOKED,5,2,265,106,11,FIT_OK,0.35094339622641507,6,"[-4, -3, -2, -1]",1.5676839590072629,6.367213106155393,
2-s novice / 1-s expert,2,1,CF_TIME_SHUFFLED,5,2,265,106,11,FIT_OK,0.35094339622641507,6,"[-4, -3, -2, -1]",1.5676839590072629,6.367213106155393,
2-s novice / 1-s expert,2,1,CF_CELL_SHUFFLED,5,2,265,106,11,FIT_OK,0.35094339622641507,6,"[-4, -3, -2, -1]",1.5676839590072629,6.367213106155393,
2-s novice / 1-s expert,2,1,RAW_GRC_PC1,5,2,265,106,11,FIT_OK,0.35094339622641507,,,,,1
2-s novice / 1-s expert,2,1,RAW_GRC_PC16,5,2,265,106,26,FIT_OK,0.35094339622641507,,,,,16
2-s novice / 1-s expert,2,2,TIME_LICK_HISTORY,6,1,318,53,10,FIT_OK,0.3490566037735849,,,,,
2-s novice / 1-s expert,2,2,CF_LTD,6,1,318,53,11,FIT_OK,0.3490566037735849,10,"[-4, -3, -2, -1]",1.5772201120853424,5.528563737869263,
2-s novice / 1-s expert,2,2,CF_NO_TRACE,6,1,318,53,11,FIT_OK,0.3490566037735849,10,[0],1.5772201120853424,5.528563737869263,
2-s novice / 1-s expert,2,2,CF_EVENT_YOKED,6,1,318,53,11,FIT_OK,0.3490566037735849,10,"[-4, -3, -2, -1]",1.5772201120853424,5.528563737869263,
2-s novice / 1-s expert,2,2,CF_TIME_SHUFFLED,6,1,318,53,11,FIT_OK,0.3490566037735849,10,"[-4, -3, -2, -1]",1.5772201120853424,5.528563737869263,
2-s novice / 1-s expert,2,2,CF_CELL_SHUFFLED,6,1,318,53,11,FIT_OK,0.3490566037735849,10,"[-4, -3, -2, -1]",1.5772201120853424,5.528563737869263,
2-s novice / 1-s expert,2,2,RAW_GRC_PC1,6,1,318,53,11,FIT_OK,0.3490566037735849,,,,,1
2-s novice / 1-s expert,2,2,RAW_GRC_PC16,6,1,318,53,26,FIT_OK,0.3490566037735849,,,,,16
2-s novice / 1-s expert,2,3,TIME_LICK_HISTORY,6,1,318,53,10,FIT_OK,0.3490566037735849,,,,,
2-s novice / 1-s expert,2,3,CF_LTD,6,1,318,53,11,FIT_OK,0.3490566037735849,13,"[-4, -3, -2, -1]",1.2556475162506098,5.880688381195065,
2-s novice / 1-s expert,2,3,CF_NO_TRACE,6,1,318,53,11,FIT_OK,0.3490566037735849,13,[0],1.2556475162506098,5.880688381195065,
2-s novice / 1-s expert,2,3,CF_EVENT_YOKED,6,1,318,53,11,FIT_OK,0.3490566037735849,13,"[-4, -3, -2, -1]",1.2556475162506098,5.880688381195065,
2-s novice / 1-s expert,2,3,CF_TIME_SHUFFLED,6,1,318,53,11,FIT_OK,0.3490566037735849,13,"[-4, -3, -2, -1]",1.2556475162506098,5.880688381195065,
2-s novice / 1-s expert,2,3,CF_CELL_SHUFFLED,6,1,318,53,11,FIT_OK,0.3490566037735849,13,"[-4, -3, -2, -1]",1.2556475162506098,5.880688381195065,
2-s novice / 1-s expert,2,3,RAW_GRC_PC1,6,1,318,53,11,FIT_OK,0.3490566037735849,,,,,1
2-s novice / 1-s expert,2,3,RAW_GRC_PC16,6,1,318,53,26,FIT_OK,0.3490566037735849,,,,,16
2-s novice / 1-s expert,2,4,TIME_LICK_HISTORY,6,1,318,53,10,FIT_OK,0.36163522012578614,,,,,
2-s novice / 1-s expert,2,4,CF_LTD,6,1,318,53,11,FIT_OK,0.36163522012578614,8,"[-4, -3, -2, -1]",1.5350687742233275,6.367213106155393,
2-s novice / 1-s expert,2,4,CF_NO_TRACE,6,1,318,53,11,FIT_OK,0.36163522012578614,8,[0],1.5350687742233275,6.367213106155393,
2-s novice / 1-s expert,2,4,CF_EVENT_YOKED,6,1,318,53,11,FIT_OK,0.36163522012578614,8,"[-4, -3, -2, -1]",1.5350687742233275,6.367213106155393,
2-s novice / 1-s expert,2,4,CF_TIME_SHUFFLED,6,1,318,53,11,FIT_OK,0.36163522012578614,8,"[-4, -3, -2, -1]",1.5350687742233275,6.367213106155393,
2-s novice / 1-s expert,2,4,CF_CELL_SHUFFLED,6,1,318,53,11,FIT_OK,0.36163522012578614,8,"[-4, -3, -2, -1]",1.5350687742233275,6.367213106155393,
2-s novice / 1-s expert,2,4,RAW_GRC_PC1,6,1,318,53,11,FIT_OK,0.36163522012578614,,,,,1
2-s novice / 1-s expert,2,4,RAW_GRC_PC16,6,1,318,53,26,FIT_OK,0.36163522012578614,,,,,16
2-s novice / 1-s expert,3,0,TIME_LICK_HISTORY,92,24,4876,1272,10,FIT_OK,0.9362182116488925,,,,,
2-s novice / 1-s expert,3,0,CF_LTD,92,24,4876,1272,11,FIT_OK,0.9362182116488925,2,"[-4, -3, -2, -1]",1.0959748566150667,5.969321274757388,
2-s novice / 1-s expert,3,0,CF_NO_TRACE,92,24,4876,1272,11,FIT_OK,0.9362182116488925,2,[0],1.0959748566150667,5.969321274757388,
2-s novice / 1-s expert,3,0,CF_EVENT_YOKED,92,24,4876,1272,11,FIT_OK,0.9362182116488925,2,"[-4, -3, -2, -1]",1.0959748566150667,5.969321274757388,
2-s novice / 1-s expert,3,0,CF_TIME_SHUFFLED,92,24,4876,1272,11,FIT_OK,0.9362182116488925,2,"[-4, -3, -2, -1]",1.0959748566150667,5.969321274757388,
2-s novice / 1-s expert,3,0,CF_CELL_SHUFFLED,92,24,4876,1272,11,FIT_OK,0.9362182116488925,2,"[-4, -3, -2, -1]",1.0959748566150667,5.969321274757388,
2-s novice / 1-s expert,3,0,RAW_GRC_PC1,92,24,4876,1272,11,FIT_OK,0.9362182116488925,,,,,1
2-s novice / 1-s expert,3,0,RAW_GRC_PC16,92,24,4876,1272,26,FIT_OK,0.9362182116488925,,,,,16
2-s novice / 1-s expert,3,1,TIME_LICK_HISTORY,93,23,4929,1219,10,FIT_OK,0.9360925136944613,,,,,
2-s novice / 1-s expert,3,1,CF_LTD,93,23,4929,1219,11,FIT_OK,0.9360925136944613,2,"[-4, -3, -2, -1]",1.1249035716056826,5.93777906894684,
2-s novice / 1-s expert,3,1,CF_NO_TRACE,93,23,4929,1219,11,FIT_OK,0.9360925136944613,2,[0],1.1249035716056826,5.93777906894684,
2-s novice / 1-s expert,3,1,CF_EVENT_YOKED,93,23,4929,1219,11,FIT_OK,0.9360925136944613,2,"[-4, -3, -2, -1]",1.1249035716056826,5.93777906894684,
2-s novice / 1-s expert,3,1,CF_TIME_SHUFFLED,93,23,4929,1219,11,FIT_OK,0.9360925136944613,2,"[-4, -3, -2, -1]",1.1249035716056826,5.93777906894684,
2-s novice / 1-s expert,3,1,CF_CELL_SHUFFLED,93,23,4929,1219,11,FIT_OK,0.9360925136944613,2,"[-4, -3, -2, -1]",1.1249035716056826,5.93777906894684,
2-s novice / 1-s expert,3,1,RAW_GRC_PC1,93,23,4929,1219,11,FIT_OK,0.9360925136944613,,,,,1
2-s novice / 1-s expert,3,1,RAW_GRC_PC16,93,23,4929,1219,26,FIT_OK,0.9360925136944613,,,,,16
2-s novice / 1-s expert,3,2,TIME_LICK_HISTORY,93,23,4929,1219,10,FIT_OK,0.9302089673361736,,,,,
2-s novice / 1-s expert,3,2,CF_LTD,93,23,4929,1219,11,FIT_OK,0.9302089673361736,4,"[-4, -3, -2, -1]",1.1071757435798646,6.390302228927617,
2-s novice / 1-s expert,3,2,CF_NO_TRACE,93,23,4929,1219,11,FIT_OK,0.9302089673361736,4,[0],1.1071757435798646,6.390302228927617,
2-s novice / 1-s expert,3,2,CF_EVENT_YOKED,93,23,4929,1219,11,FIT_OK,0.9302089673361736,4,"[-4, -3, -2, -1]",1.1071757435798646,6.390302228927617,
2-s novice / 1-s expert,3,2,CF_TIME_SHUFFLED,93,23,4929,1219,11,FIT_OK,0.9302089673361736,4,"[-4, -3, -2, -1]",1.1071757435798646,6.390302228927617,
2-s novice / 1-s expert,3,2,CF_CELL_SHUFFLED,93,23,4929,1219,11,FIT_OK,0.9302089673361736,4,"[-4, -3, -2, -1]",1.1071757435798646,6.390302228927617,
2-s novice / 1-s expert,3,2,RAW_GRC_PC1,93,23,4929,1219,11,FIT_OK,0.9302089673361736,,,,,1
2-s novice / 1-s expert,3,2,RAW_GRC_PC16,93,23,4929,1219,26,FIT_OK,0.9302089673361736,,,,,16
2-s novice / 1-s expert,3,3,TIME_LICK_HISTORY,93,23,4929,1219,10,FIT_OK,0.9573950091296409,,,,,
2-s novice / 1-s expert,3,3,CF_LTD,93,23,4929,1219,11,FIT_OK,0.9573950091296409,2,"[-4, -3, -2, -1]",1.1077268838882446,6.4383975982666,
2-s novice / 1-s expert,3,3,CF_NO_TRACE,93,23,4929,1219,11,FIT_OK,0.9573950091296409,2,[0],1.1077268838882446,6.4383975982666,
2-s novice / 1-s expert,3,3,CF_EVENT_YOKED,93,23,4929,1219,11,FIT_OK,0.9573950091296409,2,"[-4, -3, -2, -1]",1.1077268838882446,6.4383975982666,
2-s novice / 1-s expert,3,3,CF_TIME_SHUFFLED,93,23,4929,1219,11,FIT_OK,0.9573950091296409,2,"[-4, -3, -2, -1]",1.1077268838882446,6.4383975982666,
2-s novice / 1-s expert,3,3,CF_CELL_SHUFFLED,93,23,4929,1219,11,FIT_OK,0.9573950091296409,2,"[-4, -3, -2, -1]",1.1077268838882446,6.4383975982666,
2-s novice / 1-s expert,3,3,RAW_GRC_PC1,93,23,4929,1219,11,FIT_OK,0.9573950091296409,,,,,1
2-s novice / 1-s expert,3,3,RAW_GRC_PC16,93,23,4929,1219,26,FIT_OK,0.9573950091296409,,,,,16
2-s novice / 1-s expert,3,4,TIME_LICK_HISTORY,93,23,4929,1219,10,FIT_OK,0.9358896327855549,,,,,
2-s novice / 1-s expert,3,4,CF_LTD,93,23,4929,1219,11,FIT_OK,0.9358896327855549,3,"[-4, -3, -2, -1]",1.1097704410552973,6.317834806442257,
2-s novice / 1-s expert,3,4,CF_NO_TRACE,93,23,4929,1219,11,FIT_OK,0.9358896327855549,3,[0],1.1097704410552973,6.317834806442257,
2-s novice / 1-s expert,3,4,CF_EVENT_YOKED,93,23,4929,1219,11,FIT_OK,0.9358896327855549,3,"[-4, -3, -2, -1]",1.1097704410552973,6.317834806442257,
2-s novice / 1-s expert,3,4,CF_TIME_SHUFFLED,93,23,4929,1219,11,FIT_OK,0.9358896327855549,3,"[-4, -3, -2, -1]",1.1097704410552973,6.317834806442257,
2-s novice / 1-s expert,3,4,CF_CELL_SHUFFLED,93,23,4929,1219,11,FIT_OK,0.9358896327855549,3,"[-4, -3, -2, -1]",1.1097704410552973,6.317834806442257,
2-s novice / 1-s expert,3,4,RAW_GRC_PC1,93,23,4929,1219,11,FIT_OK,0.9358896327855549,,,,,1
2-s novice / 1-s expert,3,4,RAW_GRC_PC16,93,23,4929,1219,26,FIT_OK,0.9358896327855549,,,,,16
2-s novice / 1-s expert,4,0,TIME_LICK_HISTORY,68,17,3604,901,10,FIT_OK,0.9833518312985572,,,,,
2-s novice / 1-s expert,4,0,CF_LTD,68,17,3604,901,11,FIT_OK,0.9833518312985572,2,"[-4, -3, -2, -1]",1.6328510344028473,12.96698546409607,
2-s novice / 1-s expert,4,0,CF_NO_TRACE,68,17,3604,901,11,FIT_OK,0.9833518312985572,2,[0],1.6328510344028473,12.96698546409607,
2-s novice / 1-s expert,4,0,CF_EVENT_YOKED,68,17,3604,901,11,FIT_OK,0.9833518312985572,2,"[-4, -3, -2, -1]",1.6328510344028473,12.96698546409607,
2-s novice / 1-s expert,4,0,CF_TIME_SHUFFLED,68,17,3604,901,11,FIT_OK,0.9833518312985572,2,"[-4, -3, -2, -1]",1.6328510344028473,12.96698546409607,
2-s novice / 1-s expert,4,0,CF_CELL_SHUFFLED,68,17,3604,901,11,FIT_OK,0.9833518312985572,2,"[-4, -3, -2, -1]",1.6328510344028473,12.96698546409607,
2-s novice / 1-s expert,4,0,RAW_GRC_PC1,68,17,3604,901,11,FIT_OK,0.9833518312985572,,,,,1
2-s novice / 1-s expert,4,0,RAW_GRC_PC16,68,17,3604,901,26,FIT_OK,0.9833518312985572,,,,,16
2-s novice / 1-s expert,4,1,TIME_LICK_HISTORY,68,17,3604,901,10,FIT_OK,0.98834628190899,,,,,
2-s novice / 1-s expert,4,1,CF_LTD,68,17,3604,901,11,FIT_OK,0.98834628190899,2,"[-4, -3, -2, -1]",1.6478856801986694,12.925872087478638,
2-s novice / 1-s expert,4,1,CF_NO_TRACE,68,17,3604,901,11,FIT_OK,0.98834628190899,2,[0],1.6478856801986694,12.925872087478638,
2-s novice / 1-s expert,4,1,CF_EVENT_YOKED,68,17,3604,901,11,FIT_OK,0.98834628190899,2,"[-4, -3, -2, -1]",1.6478856801986694,12.925872087478638,
2-s novice / 1-s expert,4,1,CF_TIME_SHUFFLED,68,17,3604,901,11,FIT_OK,0.98834628190899,2,"[-4, -3, -2, -1]",1.6478856801986694,12.925872087478638,
2-s novice / 1-s expert,4,1,CF_CELL_SHUFFLED,68,17,3604,901,11,FIT_OK,0.98834628190899,2,"[-4, -3, -2, -1]",1.6478856801986694,12.925872087478638,
2-s novice / 1-s expert,4,1,RAW_GRC_PC1,68,17,3604,901,11,FIT_OK,0.98834628190899,,,,,1
2-s novice / 1-s expert,4,1,RAW_GRC_PC16,68,17,3604,901,26,FIT_OK,0.98834628190899,,,,,16
2-s novice / 1-s expert,4,2,TIME_LICK_HISTORY,68,17,3604,901,10,FIT_OK,0.9816870144284129,,,,,
2-s novice / 1-s expert,4,2,CF_LTD,68,17,3604,901,11,FIT_OK,0.9816870144284129,2,"[-4, -3, -2, -1]",1.6820770800113678,12.762817621231079,
2-s novice / 1-s expert,4,2,CF_NO_TRACE,68,17,3604,901,11,FIT_OK,0.9816870144284129,2,[0],1.6820770800113678,12.762817621231079,
2-s novice / 1-s expert,4,2,CF_EVENT_YOKED,68,17,3604,901,11,FIT_OK,0.9816870144284129,2,"[-4, -3, -2, -1]",1.6820770800113678,12.762817621231079,
2-s novice / 1-s expert,4,2,CF_TIME_SHUFFLED,68,17,3604,901,11,FIT_OK,0.9816870144284129,2,"[-4, -3, -2, -1]",1.6820770800113678,12.762817621231079,
2-s novice / 1-s expert,4,2,CF_CELL_SHUFFLED,68,17,3604,901,11,FIT_OK,0.9816870144284129,2,"[-4, -3, -2, -1]",1.6820770800113678,12.762817621231079,
2-s novice / 1-s expert,4,2,RAW_GRC_PC1,68,17,3604,901,11,FIT_OK,0.9816870144284129,,,,,1
2-s novice / 1-s expert,4,2,RAW_GRC_PC16,68,17,3604,901,26,FIT_OK,0.9816870144284129,,,,,16
2-s novice / 1-s expert,4,3,TIME_LICK_HISTORY,68,17,3604,901,10,FIT_OK,0.9827968923418424,,,,,
2-s novice / 1-s expert,4,3,CF_LTD,68,17,3604,901,11,FIT_OK,0.9827968923418424,2,"[-4, -3, -2, -1]",1.6620101332664476,12.924643421173094,
2-s novice / 1-s expert,4,3,CF_NO_TRACE,68,17,3604,901,11,FIT_OK,0.9827968923418424,2,[0],1.6620101332664476,12.924643421173094,
2-s novice / 1-s expert,4,3,CF_EVENT_YOKED,68,17,3604,901,11,FIT_OK,0.9827968923418424,2,"[-4, -3, -2, -1]",1.6620101332664476,12.924643421173094,
2-s novice / 1-s expert,4,3,CF_TIME_SHUFFLED,68,17,3604,901,11,FIT_OK,0.9827968923418424,2,"[-4, -3, -2, -1]",1.6620101332664476,12.924643421173094,
2-s novice / 1-s expert,4,3,CF_CELL_SHUFFLED,68,17,3604,901,11,FIT_OK,0.9827968923418424,2,"[-4, -3, -2, -1]",1.6620101332664476,12.924643421173094,
2-s novice / 1-s expert,4,3,RAW_GRC_PC1,68,17,3604,901,11,FIT_OK,0.9827968923418424,,,,,1
2-s novice / 1-s expert,4,3,RAW_GRC_PC16,68,17,3604,901,26,FIT_OK,0.9827968923418424,,,,,16
2-s novice / 1-s expert,4,4,TIME_LICK_HISTORY,68,17,3604,901,10,FIT_OK,0.9816870144284129,,,,,
2-s novice / 1-s expert,4,4,CF_LTD,68,17,3604,901,11,FIT_OK,0.9816870144284129,2,"[-4, -3, -2, -1]",1.6267631173133839,12.767897415161126,
2-s novice / 1-s expert,4,4,CF_NO_TRACE,68,17,3604,901,11,FIT_OK,0.9816870144284129,2,[0],1.6267631173133839,12.767897415161126,
2-s novice / 1-s expert,4,4,CF_EVENT_YOKED,68,17,3604,901,11,FIT_OK,0.9816870144284129,2,"[-4, -3, -2, -1]",1.6267631173133839,12.767897415161126,
2-s novice / 1-s expert,4,4,CF_TIME_SHUFFLED,68,17,3604,901,11,FIT_OK,0.9816870144284129,2,"[-4, -3, -2, -1]",1.6267631173133839,12.767897415161126,
2-s novice / 1-s expert,4,4,CF_CELL_SHUFFLED,68,17,3604,901,11,FIT_OK,0.9816870144284129,2,"[-4, -3, -2, -1]",1.6267631173133839,12.767897415161126,
2-s novice / 1-s expert,4,4,RAW_GRC_PC1,68,17,3604,901,11,FIT_OK,0.9816870144284129,,,,,1
2-s novice / 1-s expert,4,4,RAW_GRC_PC16,68,17,3604,901,26,FIT_OK,0.9816870144284129,,,,,16
2-s novice / 1-s expert,5,0,TIME_LICK_HISTORY,116,29,3132,783,10,FIT_OK,0.4888250319284802,,,,,
2-s novice / 1-s expert,5,0,CF_LTD,116,29,3132,783,11,FIT_OK,0.4888250319284802,11,"[-2, -1, 0]",1.7552765727043143,5.239630484580993,
2-s novice / 1-s expert,5,0,CF_NO_TRACE,116,29,3132,783,11,FIT_OK,0.4888250319284802,11,[0],1.7552765727043143,5.239630484580993,
2-s novice / 1-s expert,5,0,CF_EVENT_YOKED,116,29,3132,783,11,FIT_OK,0.4888250319284802,11,"[-2, -1, 0]",1.7552765727043143,5.239630484580993,
2-s novice / 1-s expert,5,0,CF_TIME_SHUFFLED,116,29,3132,783,11,FIT_OK,0.4888250319284802,11,"[-2, -1, 0]",1.7552765727043143,5.239630484580993,
2-s novice / 1-s expert,5,0,CF_CELL_SHUFFLED,116,29,3132,783,11,FIT_OK,0.4888250319284802,11,"[-2, -1, 0]",1.7552765727043143,5.239630484580993,
2-s novice / 1-s expert,5,0,RAW_GRC_PC1,116,29,3132,783,11,FIT_OK,0.4888250319284802,,,,,1
2-s novice / 1-s expert,5,0,RAW_GRC_PC16,116,29,3132,783,26,FIT_OK,0.4888250319284802,,,,,16
2-s novice / 1-s expert,5,1,TIME_LICK_HISTORY,116,29,3132,783,10,FIT_OK,0.44061302681992337,,,,,
2-s novice / 1-s expert,5,1,CF_LTD,116,29,3132,783,11,FIT_OK,0.44061302681992337,11,"[-2, -1, 0]",1.75923244357109,5.166515588760373,
2-s novice / 1-s expert,5,1,CF_NO_TRACE,116,29,3132,783,11,FIT_OK,0.44061302681992337,11,[0],1.75923244357109,5.166515588760373,
2-s novice / 1-s expert,5,1,CF_EVENT_YOKED,116,29,3132,783,11,FIT_OK,0.44061302681992337,11,"[-2, -1, 0]",1.75923244357109,5.166515588760373,
2-s novice / 1-s expert,5,1,CF_TIME_SHUFFLED,116,29,3132,783,11,FIT_OK,0.44061302681992337,11,"[-2, -1, 0]",1.75923244357109,5.166515588760373,
2-s novice / 1-s expert,5,1,CF_CELL_SHUFFLED,116,29,3132,783,11,FIT_OK,0.44061302681992337,11,"[-2, -1, 0]",1.75923244357109,5.166515588760373,
2-s novice / 1-s expert,5,1,RAW_GRC_PC1,116,29,3132,783,11,FIT_OK,0.44061302681992337,,,,,1
2-s novice / 1-s expert,5,1,RAW_GRC_PC16,116,29,3132,783,26,FIT_OK,0.44061302681992337,,,,,16
2-s novice / 1-s expert,5,2,TIME_LICK_HISTORY,116,29,3132,783,10,FIT_OK,0.4891443167305236,,,,,
2-s novice / 1-s expert,5,2,CF_LTD,116,29,3132,783,11,FIT_OK,0.4891443167305236,12,"[-2, -1, 0]",1.7681173503398893,5.033777952194209,
2-s novice / 1-s expert,5,2,CF_NO_TRACE,116,29,3132,783,11,FIT_OK,0.4891443167305236,12,[0],1.7681173503398893,5.033777952194209,
2-s novice / 1-s expert,5,2,CF_EVENT_YOKED,116,29,3132,783,11,FIT_OK,0.4891443167305236,12,"[-2, -1, 0]",1.7681173503398893,5.033777952194209,
2-s novice / 1-s expert,5,2,CF_TIME_SHUFFLED,116,29,3132,783,11,FIT_OK,0.4891443167305236,12,"[-2, -1, 0]",1.7681173503398893,5.033777952194209,
2-s novice / 1-s expert,5,2,CF_CELL_SHUFFLED,116,29,3132,783,11,FIT_OK,0.4891443167305236,12,"[-2, -1, 0]",1.7681173503398893,5.033777952194209,
2-s novice / 1-s expert,5,2,RAW_GRC_PC1,116,29,3132,783,11,FIT_OK,0.4891443167305236,,,,,1
2-s novice / 1-s expert,5,2,RAW_GRC_PC16,116,29,3132,783,26,FIT_OK,0.4891443167305236,,,,,16
2-s novice / 1-s expert,5,3,TIME_LICK_HISTORY,116,29,3132,783,10,FIT_OK,0.47573435504469985,,,,,
2-s novice / 1-s expert,5,3,CF_LTD,116,29,3132,783,11,FIT_OK,0.47573435504469985,12,"[-2, -1, 0]",1.8010517835617048,5.13838813304901,
2-s novice / 1-s expert,5,3,CF_NO_TRACE,116,29,3132,783,11,FIT_OK,0.47573435504469985,12,[0],1.8010517835617048,5.13838813304901,
2-s novice / 1-s expert,5,3,CF_EVENT_YOKED,116,29,3132,783,11,FIT_OK,0.47573435504469985,12,"[-2, -1, 0]",1.8010517835617048,5.13838813304901,
2-s novice / 1-s expert,5,3,CF_TIME_SHUFFLED,116,29,3132,783,11,FIT_OK,0.47573435504469985,12,"[-2, -1, 0]",1.8010517835617048,5.13838813304901,
2-s novice / 1-s expert,5,3,CF_CELL_SHUFFLED,116,29,3132,783,11,FIT_OK,0.47573435504469985,12,"[-2, -1, 0]",1.8010517835617048,5.13838813304901,
2-s novice / 1-s expert,5,3,RAW_GRC_PC1,116,29,3132,783,11,FIT_OK,0.47573435504469985,,,,,1
2-s novice / 1-s expert,5,3,RAW_GRC_PC16,116,29,3132,783,26,FIT_OK,0.47573435504469985,,,,,16
2-s novice / 1-s expert,5,4,TIME_LICK_HISTORY,116,29,3132,783,10,FIT_OK,0.4492337164750958,,,,,
2-s novice / 1-s expert,5,4,CF_LTD,116,29,3132,783,11,FIT_OK,0.4492337164750958,14,"[-2, -1, 0]",1.77521938085556,5.3011736869812,
2-s novice / 1-s expert,5,4,CF_NO_TRACE,116,29,3132,783,11,FIT_OK,0.4492337164750958,14,[0],1.77521938085556,5.3011736869812,
2-s novice / 1-s expert,5,4,CF_EVENT_YOKED,116,29,3132,783,11,FIT_OK,0.4492337164750958,14,"[-2, -1, 0]",1.77521938085556,5.3011736869812,
2-s novice / 1-s expert,5,4,CF_TIME_SHUFFLED,116,29,3132,783,11,FIT_OK,0.4492337164750958,14,"[-2, -1, 0]",1.77521938085556,5.3011736869812,
2-s novice / 1-s expert,5,4,CF_CELL_SHUFFLED,116,29,3132,783,11,FIT_OK,0.4492337164750958,14,"[-2, -1, 0]",1.77521938085556,5.3011736869812,
2-s novice / 1-s expert,5,4,RAW_GRC_PC1,116,29,3132,783,11,FIT_OK,0.4492337164750958,,,,,1
2-s novice / 1-s expert,5,4,RAW_GRC_PC16,116,29,3132,783,26,FIT_OK,0.4492337164750958,,,,,16
2-s expert,1,0,TIME_LICK_HISTORY,121,31,6413,1643,10,FIT_OK,0.7169811320754716,,,,,
2-s expert,1,0,CF_LTD,121,31,6413,1643,11,FIT_OK,0.7169811320754716,8,"[-4, -3, -2, -1]",1.7141956567764283,7.528218841552734,
2-s expert,1,0,CF_NO_TRACE,121,31,6413,1643,11,FIT_OK,0.7169811320754716,8,[0],1.7141956567764283,7.528218841552734,
2-s expert,1,0,CF_EVENT_YOKED,121,31,6413,1643,11,FIT_OK,0.7169811320754716,8,"[-4, -3, -2, -1]",1.7141956567764283,7.528218841552734,
2-s expert,1,0,CF_TIME_SHUFFLED,121,31,6413,1643,11,FIT_OK,0.7169811320754716,8,"[-4, -3, -2, -1]",1.7141956567764283,7.528218841552734,
2-s expert,1,0,CF_CELL_SHUFFLED,121,31,6413,1643,11,FIT_OK,0.7169811320754716,8,"[-4, -3, -2, -1]",1.7141956567764283,7.528218841552734,
2-s expert,1,0,RAW_GRC_PC1,121,31,6413,1643,11,FIT_OK,0.7169811320754716,,,,,1
2-s expert,1,0,RAW_GRC_PC16,121,31,6413,1643,26,FIT_OK,0.7169811320754716,,,,,16
2-s expert,1,1,TIME_LICK_HISTORY,121,31,6413,1643,10,FIT_OK,0.7414626539840948,,,,,
2-s expert,1,1,CF_LTD,121,31,6413,1643,11,FIT_OK,0.7414626539840948,6,"[-4, -3, -2, -1]",1.7313316345214842,7.731487178802485,
2-s expert,1,1,CF_NO_TRACE,121,31,6413,1643,11,FIT_OK,0.7414626539840948,6,[0],1.7313316345214842,7.731487178802485,
2-s expert,1,1,CF_EVENT_YOKED,121,31,6413,1643,11,FIT_OK,0.7414626539840948,6,"[-4, -3, -2, -1]",1.7313316345214842,7.731487178802485,
2-s expert,1,1,CF_TIME_SHUFFLED,121,31,6413,1643,11,FIT_OK,0.7414626539840948,6,"[-4, -3, -2, -1]",1.7313316345214842,7.731487178802485,
2-s expert,1,1,CF_CELL_SHUFFLED,121,31,6413,1643,11,FIT_OK,0.7414626539840948,6,"[-4, -3, -2, -1]",1.7313316345214842,7.731487178802485,
2-s expert,1,1,RAW_GRC_PC1,121,31,6413,1643,11,FIT_OK,0.7414626539840948,,,,,1
2-s expert,1,1,RAW_GRC_PC16,121,31,6413,1643,26,FIT_OK,0.7414626539840948,,,,,16
2-s expert,1,2,TIME_LICK_HISTORY,122,30,6466,1590,10,FIT_OK,0.7370862975564492,,,,,
2-s expert,1,2,CF_LTD,122,30,6466,1590,11,FIT_OK,0.7370862975564492,12,"[-4, -3, -2, -1]",1.7440489888191213,7.487196969985962,
2-s expert,1,2,CF_NO_TRACE,122,30,6466,1590,11,FIT_OK,0.7370862975564492,12,[0],1.7440489888191213,7.487196969985962,
2-s expert,1,2,CF_EVENT_YOKED,122,30,6466,1590,11,FIT_OK,0.7370862975564492,12,"[-4, -3, -2, -1]",1.7440489888191213,7.487196969985962,
2-s expert,1,2,CF_TIME_SHUFFLED,122,30,6466,1590,11,FIT_OK,0.7370862975564492,12,"[-4, -3, -2, -1]",1.7440489888191213,7.487196969985962,
2-s expert,1,2,CF_CELL_SHUFFLED,122,30,6466,1590,11,FIT_OK,0.7370862975564492,12,"[-4, -3, -2, -1]",1.7440489888191213,7.487196969985962,
2-s expert,1,2,RAW_GRC_PC1,122,30,6466,1590,11,FIT_OK,0.7370862975564492,,,,,1
2-s expert,1,2,RAW_GRC_PC16,122,30,6466,1590,26,FIT_OK,0.7370862975564492,,,,,16
2-s expert,1,3,TIME_LICK_HISTORY,122,30,6466,1590,10,FIT_OK,0.7223940612434272,,,,,
2-s expert,1,3,CF_LTD,122,30,6466,1590,11,FIT_OK,0.7223940612434272,6,"[-4, -3, -2, -1]",1.74595780968666,7.769260787963866,
2-s expert,1,3,CF_NO_TRACE,122,30,6466,1590,11,FIT_OK,0.7223940612434272,6,[0],1.74595780968666,7.769260787963866,
2-s expert,1,3,CF_EVENT_YOKED,122,30,6466,1590,11,FIT_OK,0.7223940612434272,6,"[-4, -3, -2, -1]",1.74595780968666,7.769260787963866,
2-s expert,1,3,CF_TIME_SHUFFLED,122,30,6466,1590,11,FIT_OK,0.7223940612434272,6,"[-4, -3, -2, -1]",1.74595780968666,7.769260787963866,
2-s expert,1,3,CF_CELL_SHUFFLED,122,30,6466,1590,11,FIT_OK,0.7223940612434272,6,"[-4, -3, -2, -1]",1.74595780968666,7.769260787963866,
2-s expert,1,3,RAW_GRC_PC1,122,30,6466,1590,11,FIT_OK,0.7223940612434272,,,,,1
2-s expert,1,3,RAW_GRC_PC16,122,30,6466,1590,26,FIT_OK,0.7223940612434272,,,,,16
2-s expert,1,4,TIME_LICK_HISTORY,122,30,6466,1590,10,FIT_OK,0.7191463037426539,,,,,
2-s expert,1,4,CF_LTD,122,30,6466,1590,11,FIT_OK,0.7191463037426539,10,"[-4, -3, -2, -1]",1.689049291610717,7.467547965049741,
2-s expert,1,4,CF_NO_TRACE,122,30,6466,1590,11,FIT_OK,0.7191463037426539,10,[0],1.689049291610717,7.467547965049741,
2-s expert,1,4,CF_EVENT_YOKED,122,30,6466,1590,11,FIT_OK,0.7191463037426539,10,"[-4, -3, -2, -1]",1.689049291610717,7.467547965049741,
2-s expert,1,4,CF_TIME_SHUFFLED,122,30,6466,1590,11,FIT_OK,0.7191463037426539,10,"[-4, -3, -2, -1]",1.689049291610717,7.467547965049741,
2-s expert,1,4,CF_CELL_SHUFFLED,122,30,6466,1590,11,FIT_OK,0.7191463037426539,10,"[-4, -3, -2, -1]",1.689049291610717,7.467547965049741,
2-s expert,1,4,RAW_GRC_PC1,122,30,6466,1590,11,FIT_OK,0.7191463037426539,,,,,1
2-s expert,1,4,RAW_GRC_PC16,122,30,6466,1590,26,FIT_OK,0.7191463037426539,,,,,16
2-s expert,2,0,TIME_LICK_HISTORY,117,30,6201,1590,10,FIT_OK,0.9229156587647154,,,,,
2-s expert,2,0,CF_LTD,117,30,6201,1590,11,FIT_OK,0.9229156587647154,9,"[-4, -3, -2, -1]",1.511842107772826,9.711663436889635,
2-s expert,2,0,CF_NO_TRACE,117,30,6201,1590,11,FIT_OK,0.9229156587647154,9,[0],1.511842107772826,9.711663436889635,
2-s expert,2,0,CF_EVENT_YOKED,117,30,6201,1590,11,FIT_OK,0.9229156587647154,9,"[-4, -3, -2, -1]",1.511842107772826,9.711663436889635,
2-s expert,2,0,CF_TIME_SHUFFLED,117,30,6201,1590,11,FIT_OK,0.9229156587647154,9,"[-4, -3, -2, -1]",1.511842107772826,9.711663436889635,
2-s expert,2,0,CF_CELL_SHUFFLED,117,30,6201,1590,11,FIT_OK,0.9229156587647154,9,"[-4, -3, -2, -1]",1.511842107772826,9.711663436889635,
2-s expert,2,0,RAW_GRC_PC1,117,30,6201,1590,11,FIT_OK,0.9229156587647154,,,,,1
2-s expert,2,0,RAW_GRC_PC16,117,30,6201,1590,26,FIT_OK,0.9229156587647154,,,,,16
2-s expert,2,1,TIME_LICK_HISTORY,117,30,6201,1590,10,FIT_OK,0.926463473633285,,,,,
2-s expert,2,1,CF_LTD,117,30,6201,1590,11,FIT_OK,0.926463473633285,9,"[-4, -3, -2, -1]",1.5714951992034902,9.986029815673815,
2-s expert,2,1,CF_NO_TRACE,117,30,6201,1590,11,FIT_OK,0.926463473633285,9,[0],1.5714951992034902,9.986029815673815,
2-s expert,2,1,CF_EVENT_YOKED,117,30,6201,1590,11,FIT_OK,0.926463473633285,9,"[-4, -3, -2, -1]",1.5714951992034902,9.986029815673815,
2-s expert,2,1,CF_TIME_SHUFFLED,117,30,6201,1590,11,FIT_OK,0.926463473633285,9,"[-4, -3, -2, -1]",1.5714951992034902,9.986029815673815,
2-s expert,2,1,CF_CELL_SHUFFLED,117,30,6201,1590,11,FIT_OK,0.926463473633285,9,"[-4, -3, -2, -1]",1.5714951992034902,9.986029815673815,
2-s expert,2,1,RAW_GRC_PC1,117,30,6201,1590,11,FIT_OK,0.926463473633285,,,,,1
2-s expert,2,1,RAW_GRC_PC16,117,30,6201,1590,26,FIT_OK,0.926463473633285,,,,,16
2-s expert,2,2,TIME_LICK_HISTORY,118,29,6254,1537,10,FIT_OK,0.9186120882635114,,,,,
2-s expert,2,2,CF_LTD,118,29,6254,1537,11,FIT_OK,0.9186120882635114,9,"[-4, -3, -2, -1]",1.569258689880371,9.686258316040039,
2-s expert,2,2,CF_NO_TRACE,118,29,6254,1537,11,FIT_OK,0.9186120882635114,9,[0],1.569258689880371,9.686258316040039,
2-s expert,2,2,CF_EVENT_YOKED,118,29,6254,1537,11,FIT_OK,0.9186120882635114,9,"[-4, -3, -2, -1]",1.569258689880371,9.686258316040039,
2-s expert,2,2,CF_TIME_SHUFFLED,118,29,6254,1537,11,FIT_OK,0.9186120882635114,9,"[-4, -3, -2, -1]",1.569258689880371,9.686258316040039,
2-s expert,2,2,CF_CELL_SHUFFLED,118,29,6254,1537,11,FIT_OK,0.9186120882635114,9,"[-4, -3, -2, -1]",1.569258689880371,9.686258316040039,
2-s expert,2,2,RAW_GRC_PC1,118,29,6254,1537,11,FIT_OK,0.9186120882635114,,,,,1
2-s expert,2,2,RAW_GRC_PC16,118,29,6254,1537,26,FIT_OK,0.9186120882635114,,,,,16
2-s expert,2,3,TIME_LICK_HISTORY,118,29,6254,1537,10,FIT_OK,0.9243684042212984,,,,,
2-s expert,2,3,CF_LTD,118,29,6254,1537,11,FIT_OK,0.9243684042212984,8,"[-4, -3, -2, -1]",1.5508912205696106,9.760716676712036,
2-s expert,2,3,CF_NO_TRACE,118,29,6254,1537,11,FIT_OK,0.9243684042212984,8,[0],1.5508912205696106,9.760716676712036,
2-s expert,2,3,CF_EVENT_YOKED,118,29,6254,1537,11,FIT_OK,0.9243684042212984,8,"[-4, -3, -2, -1]",1.5508912205696106,9.760716676712036,
2-s expert,2,3,CF_TIME_SHUFFLED,118,29,6254,1537,11,FIT_OK,0.9243684042212984,8,"[-4, -3, -2, -1]",1.5508912205696106,9.760716676712036,
2-s expert,2,3,CF_CELL_SHUFFLED,118,29,6254,1537,11,FIT_OK,0.9243684042212984,8,"[-4, -3, -2, -1]",1.5508912205696106,9.760716676712036,
2-s expert,2,3,RAW_GRC_PC1,118,29,6254,1537,11,FIT_OK,0.9243684042212984,,,,,1
2-s expert,2,3,RAW_GRC_PC16,118,29,6254,1537,26,FIT_OK,0.9243684042212984,,,,,16
2-s expert,2,4,TIME_LICK_HISTORY,118,29,6254,1537,10,FIT_OK,0.9277262551966742,,,,,
2-s expert,2,4,CF_LTD,118,29,6254,1537,11,FIT_OK,0.9277262551966742,12,"[-4, -3, -2, -1]",1.5559958517551422,9.832679271697998,
2-s expert,2,4,CF_NO_TRACE,118,29,6254,1537,11,FIT_OK,0.9277262551966742,12,[0],1.5559958517551422,9.832679271697998,
2-s expert,2,4,CF_EVENT_YOKED,118,29,6254,1537,11,FIT_OK,0.9277262551966742,12,"[-4, -3, -2, -1]",1.5559958517551422,9.832679271697998,
2-s expert,2,4,CF_TIME_SHUFFLED,118,29,6254,1537,11,FIT_OK,0.9277262551966742,12,"[-4, -3, -2, -1]",1.5559958517551422,9.832679271697998,
2-s expert,2,4,CF_CELL_SHUFFLED,118,29,6254,1537,11,FIT_OK,0.9277262551966742,12,"[-4, -3, -2, -1]",1.5559958517551422,9.832679271697998,
2-s expert,2,4,RAW_GRC_PC1,118,29,6254,1537,11,FIT_OK,0.9277262551966742,,,,,1
2-s expert,2,4,RAW_GRC_PC16,118,29,6254,1537,26,FIT_OK,0.9277262551966742,,,,,16
2-s expert,3,0,TIME_LICK_HISTORY,124,31,6572,1643,10,FIT_OK,0.9551125989044431,,,,,
2-s expert,3,0,CF_LTD,124,31,6572,1643,11,FIT_OK,0.9551125989044431,4,"[-4, -3, -2, -1]",1.7146186769008618,3.7119611263275143,
2-s expert,3,0,CF_NO_TRACE,124,31,6572,1643,11,FIT_OK,0.9551125989044431,4,[0],1.7146186769008618,3.7119611263275143,
2-s expert,3,0,CF_EVENT_YOKED,124,31,6572,1643,11,FIT_OK,0.9551125989044431,4,"[-4, -3, -2, -1]",1.7146186769008618,3.7119611263275143,
2-s expert,3,0,CF_TIME_SHUFFLED,124,31,6572,1643,11,FIT_OK,0.9551125989044431,4,"[-4, -3, -2, -1]",1.7146186769008618,3.7119611263275143,
2-s expert,3,0,CF_CELL_SHUFFLED,124,31,6572,1643,11,FIT_OK,0.9551125989044431,4,"[-4, -3, -2, -1]",1.7146186769008618,3.7119611263275143,
2-s expert,3,0,RAW_GRC_PC1,124,31,6572,1643,11,FIT_OK,0.9551125989044431,,,,,1
2-s expert,3,0,RAW_GRC_PC16,124,31,6572,1643,26,FIT_OK,0.9551125989044431,,,,,16
2-s expert,3,1,TIME_LICK_HISTORY,124,31,6572,1643,10,FIT_OK,0.9557212416311625,,,,,
2-s expert,3,1,CF_LTD,124,31,6572,1643,11,FIT_OK,0.9557212416311625,4,"[-4, -3, -2, -1]",1.6888156414031983,3.9820056438446043,
2-s expert,3,1,CF_NO_TRACE,124,31,6572,1643,11,FIT_OK,0.9557212416311625,4,[0],1.6888156414031983,3.9820056438446043,
2-s expert,3,1,CF_EVENT_YOKED,124,31,6572,1643,11,FIT_OK,0.9557212416311625,4,"[-4, -3, -2, -1]",1.6888156414031983,3.9820056438446043,
2-s expert,3,1,CF_TIME_SHUFFLED,124,31,6572,1643,11,FIT_OK,0.9557212416311625,4,"[-4, -3, -2, -1]",1.6888156414031983,3.9820056438446043,
2-s expert,3,1,CF_CELL_SHUFFLED,124,31,6572,1643,11,FIT_OK,0.9557212416311625,4,"[-4, -3, -2, -1]",1.6888156414031983,3.9820056438446043,
2-s expert,3,1,RAW_GRC_PC1,124,31,6572,1643,11,FIT_OK,0.9557212416311625,,,,,1
2-s expert,3,1,RAW_GRC_PC16,124,31,6572,1643,26,FIT_OK,0.9557212416311625,,,,,16
2-s expert,3,2,TIME_LICK_HISTORY,124,31,6572,1643,10,FIT_OK,0.956177723676202,,,,,
2-s expert,3,2,CF_LTD,124,31,6572,1643,11,FIT_OK,0.956177723676202,3,"[-4, -3, -2, -1]",1.7140885591506954,3.915875720977783,
2-s expert,3,2,CF_NO_TRACE,124,31,6572,1643,11,FIT_OK,0.956177723676202,3,[0],1.7140885591506954,3.915875720977783,
2-s expert,3,2,CF_EVENT_YOKED,124,31,6572,1643,11,FIT_OK,0.956177723676202,3,"[-4, -3, -2, -1]",1.7140885591506954,3.915875720977783,
2-s expert,3,2,CF_TIME_SHUFFLED,124,31,6572,1643,11,FIT_OK,0.956177723676202,3,"[-4, -3, -2, -1]",1.7140885591506954,3.915875720977783,
2-s expert,3,2,CF_CELL_SHUFFLED,124,31,6572,1643,11,FIT_OK,0.956177723676202,3,"[-4, -3, -2, -1]",1.7140885591506954,3.915875720977783,
2-s expert,3,2,RAW_GRC_PC1,124,31,6572,1643,11,FIT_OK,0.956177723676202,,,,,1
2-s expert,3,2,RAW_GRC_PC16,124,31,6572,1643,26,FIT_OK,0.956177723676202,,,,,16
2-s expert,3,3,TIME_LICK_HISTORY,124,31,6572,1643,10,FIT_OK,0.9554169202678028,,,,,
2-s expert,3,3,CF_LTD,124,31,6572,1643,11,FIT_OK,0.9554169202678028,4,"[-4, -3, -2, -1]",1.6882515192031857,3.7921887874603257,
2-s expert,3,3,CF_NO_TRACE,124,31,6572,1643,11,FIT_OK,0.9554169202678028,4,[0],1.6882515192031857,3.7921887874603257,
2-s expert,3,3,CF_EVENT_YOKED,124,31,6572,1643,11,FIT_OK,0.9554169202678028,4,"[-4, -3, -2, -1]",1.6882515192031857,3.7921887874603257,
2-s expert,3,3,CF_TIME_SHUFFLED,124,31,6572,1643,11,FIT_OK,0.9554169202678028,4,"[-4, -3, -2, -1]",1.6882515192031857,3.7921887874603257,
2-s expert,3,3,CF_CELL_SHUFFLED,124,31,6572,1643,11,FIT_OK,0.9554169202678028,4,"[-4, -3, -2, -1]",1.6882515192031857,3.7921887874603257,
2-s expert,3,3,RAW_GRC_PC1,124,31,6572,1643,11,FIT_OK,0.9554169202678028,,,,,1
2-s expert,3,3,RAW_GRC_PC16,124,31,6572,1643,26,FIT_OK,0.9554169202678028,,,,,16
2-s expert,3,4,TIME_LICK_HISTORY,124,31,6572,1643,10,FIT_OK,0.9517650639074863,,,,,
2-s expert,3,4,CF_LTD,124,31,6572,1643,11,FIT_OK,0.9517650639074863,4,"[-4, -3, -2, -1]",1.7181775093078613,3.83397569656372,
2-s expert,3,4,CF_NO_TRACE,124,31,6572,1643,11,FIT_OK,0.9517650639074863,4,[0],1.7181775093078613,3.83397569656372,
2-s expert,3,4,CF_EVENT_YOKED,124,31,6572,1643,11,FIT_OK,0.9517650639074863,4,"[-4, -3, -2, -1]",1.7181775093078613,3.83397569656372,
2-s expert,3,4,CF_TIME_SHUFFLED,124,31,6572,1643,11,FIT_OK,0.9517650639074863,4,"[-4, -3, -2, -1]",1.7181775093078613,3.83397569656372,
2-s expert,3,4,CF_CELL_SHUFFLED,124,31,6572,1643,11,FIT_OK,0.9517650639074863,4,"[-4, -3, -2, -1]",1.7181775093078613,3.83397569656372,
2-s expert,3,4,RAW_GRC_PC1,124,31,6572,1643,11,FIT_OK,0.9517650639074863,,,,,1
2-s expert,3,4,RAW_GRC_PC16,124,31,6572,1643,26,FIT_OK,0.9517650639074863,,,,,16
2-s expert,4,0,TIME_LICK_HISTORY,50,13,2650,689,10,FIT_OK,0.9049056603773585,,,,,
2-s expert,4,0,CF_LTD,50,13,2650,689,11,FIT_OK,0.9049056603773585,12,"[-4, -3, -2, -1]",1.642016589641571,14.102943420410156,
2-s expert,4,0,CF_NO_TRACE,50,13,2650,689,11,FIT_OK,0.9049056603773585,12,[0],1.642016589641571,14.102943420410156,
2-s expert,4,0,CF_EVENT_YOKED,50,13,2650,689,11,FIT_OK,0.9049056603773585,12,"[-4, -3, -2, -1]",1.642016589641571,14.102943420410156,
2-s expert,4,0,CF_TIME_SHUFFLED,50,13,2650,689,11,FIT_OK,0.9049056603773585,12,"[-4, -3, -2, -1]",1.642016589641571,14.102943420410156,
2-s expert,4,0,CF_CELL_SHUFFLED,50,13,2650,689,11,FIT_OK,0.9049056603773585,12,"[-4, -3, -2, -1]",1.642016589641571,14.102943420410156,
2-s expert,4,0,RAW_GRC_PC1,50,13,2650,689,11,FIT_OK,0.9049056603773585,,,,,1
2-s expert,4,0,RAW_GRC_PC16,50,13,2650,689,26,FIT_OK,0.9049056603773585,,,,,16
2-s expert,4,1,TIME_LICK_HISTORY,50,13,2650,689,10,FIT_OK,0.8618867924528302,,,,,
2-s expert,4,1,CF_LTD,50,13,2650,689,11,FIT_OK,0.8618867924528302,13,"[-4, -3, -2, -1]",1.642016589641571,14.057794570922852,
2-s expert,4,1,CF_NO_TRACE,50,13,2650,689,11,FIT_OK,0.8618867924528302,13,[0],1.642016589641571,14.057794570922852,
2-s expert,4,1,CF_EVENT_YOKED,50,13,2650,689,11,FIT_OK,0.8618867924528302,13,"[-4, -3, -2, -1]",1.642016589641571,14.057794570922852,
2-s expert,4,1,CF_TIME_SHUFFLED,50,13,2650,689,11,FIT_OK,0.8618867924528302,13,"[-4, -3, -2, -1]",1.642016589641571,14.057794570922852,
2-s expert,4,1,CF_CELL_SHUFFLED,50,13,2650,689,11,FIT_OK,0.8618867924528302,13,"[-4, -3, -2, -1]",1.642016589641571,14.057794570922852,
2-s expert,4,1,RAW_GRC_PC1,50,13,2650,689,11,FIT_OK,0.8618867924528302,,,,,1
2-s expert,4,1,RAW_GRC_PC16,50,13,2650,689,26,FIT_OK,0.8618867924528302,,,,,16
2-s expert,4,2,TIME_LICK_HISTORY,50,13,2650,689,10,FIT_OK,0.879245283018868,,,,,
2-s expert,4,2,CF_LTD,50,13,2650,689,11,FIT_OK,0.879245283018868,12,"[-4, -3, -2, -1]",1.614024579524994,13.185584545135498,
2-s expert,4,2,CF_NO_TRACE,50,13,2650,689,11,FIT_OK,0.879245283018868,12,[0],1.614024579524994,13.185584545135498,
2-s expert,4,2,CF_EVENT_YOKED,50,13,2650,689,11,FIT_OK,0.879245283018868,12,"[-4, -3, -2, -1]",1.614024579524994,13.185584545135498,
2-s expert,4,2,CF_TIME_SHUFFLED,50,13,2650,689,11,FIT_OK,0.879245283018868,12,"[-4, -3, -2, -1]",1.614024579524994,13.185584545135498,
2-s expert,4,2,CF_CELL_SHUFFLED,50,13,2650,689,11,FIT_OK,0.879245283018868,12,"[-4, -3, -2, -1]",1.614024579524994,13.185584545135498,
2-s expert,4,2,RAW_GRC_PC1,50,13,2650,689,11,FIT_OK,0.879245283018868,,,,,1
2-s expert,4,2,RAW_GRC_PC16,50,13,2650,689,26,FIT_OK,0.879245283018868,,,,,16
2-s expert,4,3,TIME_LICK_HISTORY,51,12,2703,636,10,FIT_OK,0.8664446910839808,,,,,
2-s expert,4,3,CF_LTD,51,12,2703,636,11,FIT_OK,0.8664446910839808,13,"[-4, -3, -2, -1]",1.6212111949920658,13.769109296798709,
2-s expert,4,3,CF_NO_TRACE,51,12,2703,636,11,FIT_OK,0.8664446910839808,13,[0],1.6212111949920658,13.769109296798709,
2-s expert,4,3,CF_EVENT_YOKED,51,12,2703,636,11,FIT_OK,0.8664446910839808,13,"[-4, -3, -2, -1]",1.6212111949920658,13.769109296798709,
2-s expert,4,3,CF_TIME_SHUFFLED,51,12,2703,636,11,FIT_OK,0.8664446910839808,13,"[-4, -3, -2, -1]",1.6212111949920658,13.769109296798709,
2-s expert,4,3,CF_CELL_SHUFFLED,51,12,2703,636,11,FIT_OK,0.8664446910839808,13,"[-4, -3, -2, -1]",1.6212111949920658,13.769109296798709,
2-s expert,4,3,RAW_GRC_PC1,51,12,2703,636,11,FIT_OK,0.8664446910839808,,,,,1
2-s expert,4,3,RAW_GRC_PC16,51,12,2703,636,26,FIT_OK,0.8664446910839808,,,,,16
2-s expert,4,4,TIME_LICK_HISTORY,51,12,2703,636,10,FIT_OK,0.8842027376988532,,,,,
2-s expert,4,4,CF_LTD,51,12,2703,636,11,FIT_OK,0.8842027376988532,12,"[-4, -3, -2, -1]",1.611406683921814,12.868384838104248,
2-s expert,4,4,CF_NO_TRACE,51,12,2703,636,11,FIT_OK,0.8842027376988532,12,[0],1.611406683921814,12.868384838104248,
2-s expert,4,4,CF_EVENT_YOKED,51,12,2703,636,11,FIT_OK,0.8842027376988532,12,"[-4, -3, -2, -1]",1.611406683921814,12.868384838104248,
2-s expert,4,4,CF_TIME_SHUFFLED,51,12,2703,636,11,FIT_OK,0.8842027376988532,12,"[-4, -3, -2, -1]",1.611406683921814,12.868384838104248,
2-s expert,4,4,CF_CELL_SHUFFLED,51,12,2703,636,11,FIT_OK,0.8842027376988532,12,"[-4, -3, -2, -1]",1.611406683921814,12.868384838104248,
2-s expert,4,4,RAW_GRC_PC1,51,12,2703,636,11,FIT_OK,0.8842027376988532,,,,,1
2-s expert,4,4,RAW_GRC_PC16,51,12,2703,636,26,FIT_OK,0.8842027376988532,,,,,16
2-s expert,5,0,TIME_LICK_HISTORY,62,16,3286,848,10,FIT_OK,0.16768107121119902,,,,,
2-s expert,5,0,CF_LTD,62,16,3286,848,11,FIT_OK,0.16768107121119902,12,"[-4, -3, -2, -1]",1.3263761699199674,6.132701086997979,
2-s expert,5,0,CF_NO_TRACE,62,16,3286,848,11,FIT_OK,0.16768107121119902,12,[0],1.3263761699199674,6.132701086997979,
2-s expert,5,0,CF_EVENT_YOKED,62,16,3286,848,11,FIT_OK,0.16768107121119902,12,"[-4, -3, -2, -1]",1.3263761699199674,6.132701086997979,
2-s expert,5,0,CF_TIME_SHUFFLED,62,16,3286,848,11,FIT_OK,0.16768107121119902,12,"[-4, -3, -2, -1]",1.3263761699199674,6.132701086997979,
2-s expert,5,0,CF_CELL_SHUFFLED,62,16,3286,848,11,FIT_OK,0.16768107121119902,12,"[-4, -3, -2, -1]",1.3263761699199674,6.132701086997979,
2-s expert,5,0,RAW_GRC_PC1,62,16,3286,848,11,FIT_OK,0.16768107121119902,,,,,1
2-s expert,5,0,RAW_GRC_PC16,62,16,3286,848,26,FIT_OK,0.16768107121119902,,,,,16
2-s expert,5,1,TIME_LICK_HISTORY,62,16,3286,848,10,FIT_OK,0.155203895313451,,,,,
2-s expert,5,1,CF_LTD,62,16,3286,848,11,FIT_OK,0.155203895313451,14,"[-4, -3, -2, -1]",1.2881289720535278,5.726004600524902,
2-s expert,5,1,CF_NO_TRACE,62,16,3286,848,11,FIT_OK,0.155203895313451,14,[0],1.2881289720535278,5.726004600524902,
2-s expert,5,1,CF_EVENT_YOKED,62,16,3286,848,11,FIT_OK,0.155203895313451,14,"[-4, -3, -2, -1]",1.2881289720535278,5.726004600524902,
2-s expert,5,1,CF_TIME_SHUFFLED,62,16,3286,848,11,FIT_OK,0.155203895313451,14,"[-4, -3, -2, -1]",1.2881289720535278,5.726004600524902,
2-s expert,5,1,CF_CELL_SHUFFLED,62,16,3286,848,11,FIT_OK,0.155203895313451,14,"[-4, -3, -2, -1]",1.2881289720535278,5.726004600524902,
2-s expert,5,1,RAW_GRC_PC1,62,16,3286,848,11,FIT_OK,0.155203895313451,,,,,1
2-s expert,5,1,RAW_GRC_PC16,62,16,3286,848,26,FIT_OK,0.155203895313451,,,,,16
2-s expert,5,2,TIME_LICK_HISTORY,62,16,3286,848,10,FIT_OK,0.12690200852099817,,,,,
2-s expert,5,2,CF_LTD,62,16,3286,848,11,FIT_OK,0.12690200852099817,11,"[-4, -3, -2, -1]",1.3279328346252441,5.840775489807129,
2-s expert,5,2,CF_NO_TRACE,62,16,3286,848,11,FIT_OK,0.12690200852099817,11,[0],1.3279328346252441,5.840775489807129,
2-s expert,5,2,CF_EVENT_YOKED,62,16,3286,848,11,FIT_OK,0.12690200852099817,11,"[-4, -3, -2, -1]",1.3279328346252441,5.840775489807129,
2-s expert,5,2,CF_TIME_SHUFFLED,62,16,3286,848,11,FIT_OK,0.12690200852099817,11,"[-4, -3, -2, -1]",1.3279328346252441,5.840775489807129,
2-s expert,5,2,CF_CELL_SHUFFLED,62,16,3286,848,11,FIT_OK,0.12690200852099817,11,"[-4, -3, -2, -1]",1.3279328346252441,5.840775489807129,
2-s expert,5,2,RAW_GRC_PC1,62,16,3286,848,11,FIT_OK,0.12690200852099817,,,,,1
2-s expert,5,2,RAW_GRC_PC16,62,16,3286,848,26,FIT_OK,0.12690200852099817,,,,,16
2-s expert,5,3,TIME_LICK_HISTORY,63,15,3339,795,10,FIT_OK,0.14764899670560047,,,,,
2-s expert,5,3,CF_LTD,63,15,3339,795,11,FIT_OK,0.14764899670560047,12,"[-4, -3, -2, -1]",1.3191635608673096,5.923661708831787,
2-s expert,5,3,CF_NO_TRACE,63,15,3339,795,11,FIT_OK,0.14764899670560047,12,[0],1.3191635608673096,5.923661708831787,
2-s expert,5,3,CF_EVENT_YOKED,63,15,3339,795,11,FIT_OK,0.14764899670560047,12,"[-4, -3, -2, -1]",1.3191635608673096,5.923661708831787,
2-s expert,5,3,CF_TIME_SHUFFLED,63,15,3339,795,11,FIT_OK,0.14764899670560047,12,"[-4, -3, -2, -1]",1.3191635608673096,5.923661708831787,
2-s expert,5,3,CF_CELL_SHUFFLED,63,15,3339,795,11,FIT_OK,0.14764899670560047,12,"[-4, -3, -2, -1]",1.3191635608673096,5.923661708831787,
2-s expert,5,3,RAW_GRC_PC1,63,15,3339,795,11,FIT_OK,0.14764899670560047,,,,,1
2-s expert,5,3,RAW_GRC_PC16,63,15,3339,795,26,FIT_OK,0.14764899670560047,,,,,16
2-s expert,5,4,TIME_LICK_HISTORY,63,15,3339,795,10,FIT_OK,0.16801437556154536,,,,,
2-s expert,5,4,CF_LTD,63,15,3339,795,11,FIT_OK,0.16801437556154536,13,"[-4, -3, -2, -1]",1.291121244430542,5.473016738891602,
2-s expert,5,4,CF_NO_TRACE,63,15,3339,795,11,FIT_OK,0.16801437556154536,13,[0],1.291121244430542,5.473016738891602,
2-s expert,5,4,CF_EVENT_YOKED,63,15,3339,795,11,FIT_OK,0.16801437556154536,13,"[-4, -3, -2, -1]",1.291121244430542,5.473016738891602,
2-s expert,5,4,CF_TIME_SHUFFLED,63,15,3339,795,11,FIT_OK,0.16801437556154536,13,"[-4, -3, -2, -1]",1.291121244430542,5.473016738891602,
2-s expert,5,4,CF_CELL_SHUFFLED,63,15,3339,795,11,FIT_OK,0.16801437556154536,13,"[-4, -3, -2, -1]",1.291121244430542,5.473016738891602,
2-s expert,5,4,RAW_GRC_PC1,63,15,3339,795,11,FIT_OK,0.16801437556154536,,,,,1
2-s expert,5,4,RAW_GRC_PC16,63,15,3339,795,26,FIT_OK,0.16801437556154536,,,,,16
2-s expert,6,0,TIME_LICK_HISTORY,117,30,6201,1590,10,FIT_OK,0.9067892275439445,,,,,
2-s expert,6,0,CF_LTD,117,30,6201,1590,11,FIT_OK,0.9067892275439445,13,"[-4, -3, -2, -1]",1.841604948043823,11.574574279785155,
2-s expert,6,0,CF_NO_TRACE,117,30,6201,1590,11,FIT_OK,0.9067892275439445,13,[0],1.841604948043823,11.574574279785155,
2-s expert,6,0,CF_EVENT_YOKED,117,30,6201,1590,11,FIT_OK,0.9067892275439445,13,"[-4, -3, -2, -1]",1.841604948043823,11.574574279785155,
2-s expert,6,0,CF_TIME_SHUFFLED,117,30,6201,1590,11,FIT_OK,0.9067892275439445,13,"[-4, -3, -2, -1]",1.841604948043823,11.574574279785155,
2-s expert,6,0,CF_CELL_SHUFFLED,117,30,6201,1590,11,FIT_OK,0.9067892275439445,13,"[-4, -3, -2, -1]",1.841604948043823,11.574574279785155,
2-s expert,6,0,RAW_GRC_PC1,117,30,6201,1590,11,FIT_OK,0.9067892275439445,,,,,1
2-s expert,6,0,RAW_GRC_PC16,117,30,6201,1590,26,FIT_OK,0.9067892275439445,,,,,16
2-s expert,6,1,TIME_LICK_HISTORY,117,30,6201,1590,10,FIT_OK,0.898726011933559,,,,,
2-s expert,6,1,CF_LTD,117,30,6201,1590,11,FIT_OK,0.898726011933559,11,"[-4, -3, -2, -1]",1.8685528755187988,11.378048133850092,
2-s expert,6,1,CF_NO_TRACE,117,30,6201,1590,11,FIT_OK,0.898726011933559,11,[0],1.8685528755187988,11.378048133850092,
2-s expert,6,1,CF_EVENT_YOKED,117,30,6201,1590,11,FIT_OK,0.898726011933559,11,"[-4, -3, -2, -1]",1.8685528755187988,11.378048133850092,
2-s expert,6,1,CF_TIME_SHUFFLED,117,30,6201,1590,11,FIT_OK,0.898726011933559,11,"[-4, -3, -2, -1]",1.8685528755187988,11.378048133850092,
2-s expert,6,1,CF_CELL_SHUFFLED,117,30,6201,1590,11,FIT_OK,0.898726011933559,11,"[-4, -3, -2, -1]",1.8685528755187988,11.378048133850092,
2-s expert,6,1,RAW_GRC_PC1,117,30,6201,1590,11,FIT_OK,0.898726011933559,,,,,1
2-s expert,6,1,RAW_GRC_PC16,117,30,6201,1590,26,FIT_OK,0.898726011933559,,,,,16
2-s expert,6,2,TIME_LICK_HISTORY,118,29,6254,1537,10,FIT_OK,0.900703549728174,,,,,
2-s expert,6,2,CF_LTD,118,29,6254,1537,11,FIT_OK,0.900703549728174,13,"[-4, -3, -2, -1]",1.8510448932647705,10.932027816772461,
2-s expert,6,2,CF_NO_TRACE,118,29,6254,1537,11,FIT_OK,0.900703549728174,13,[0],1.8510448932647705,10.932027816772461,
2-s expert,6,2,CF_EVENT_YOKED,118,29,6254,1537,11,FIT_OK,0.900703549728174,13,"[-4, -3, -2, -1]",1.8510448932647705,10.932027816772461,
2-s expert,6,2,CF_TIME_SHUFFLED,118,29,6254,1537,11,FIT_OK,0.900703549728174,13,"[-4, -3, -2, -1]",1.8510448932647705,10.932027816772461,
2-s expert,6,2,CF_CELL_SHUFFLED,118,29,6254,1537,11,FIT_OK,0.900703549728174,13,"[-4, -3, -2, -1]",1.8510448932647705,10.932027816772461,
2-s expert,6,2,RAW_GRC_PC1,118,29,6254,1537,11,FIT_OK,0.900703549728174,,,,,1
2-s expert,6,2,RAW_GRC_PC16,118,29,6254,1537,26,FIT_OK,0.900703549728174,,,,,16
2-s expert,6,3,TIME_LICK_HISTORY,118,29,6254,1537,10,FIT_OK,0.898784777742245,,,,,
2-s expert,6,3,CF_LTD,118,29,6254,1537,11,FIT_OK,0.898784777742245,17,"[-4, -3, -2, -1]",1.8362281918525696,11.535189867019653,
2-s expert,6,3,CF_NO_TRACE,118,29,6254,1537,11,FIT_OK,0.898784777742245,17,[0],1.8362281918525696,11.535189867019653,
2-s expert,6,3,CF_EVENT_YOKED,118,29,6254,1537,11,FIT_OK,0.898784777742245,17,"[-4, -3, -2, -1]",1.8362281918525696,11.535189867019653,
2-s expert,6,3,CF_TIME_SHUFFLED,118,29,6254,1537,11,FIT_OK,0.898784777742245,17,"[-4, -3, -2, -1]",1.8362281918525696,11.535189867019653,
2-s expert,6,3,CF_CELL_SHUFFLED,118,29,6254,1537,11,FIT_OK,0.898784777742245,17,"[-4, -3, -2, -1]",1.8362281918525696,11.535189867019653,
2-s expert,6,3,RAW_GRC_PC1,118,29,6254,1537,11,FIT_OK,0.898784777742245,,,,,1
2-s expert,6,3,RAW_GRC_PC16,118,29,6254,1537,26,FIT_OK,0.898784777742245,,,,,16
2-s expert,6,4,TIME_LICK_HISTORY,118,29,6254,1537,10,FIT_OK,0.9002238567316917,,,,,
2-s expert,6,4,CF_LTD,118,29,6254,1537,11,FIT_OK,0.9002238567316917,11,"[-4, -3, -2, -1]",1.8362281918525696,11.246612071990967,
2-s expert,6,4,CF_NO_TRACE,118,29,6254,1537,11,FIT_OK,0.9002238567316917,11,[0],1.8362281918525696,11.246612071990967,
2-s expert,6,4,CF_EVENT_YOKED,118,29,6254,1537,11,FIT_OK,0.9002238567316917,11,"[-4, -3, -2, -1]",1.8362281918525696,11.246612071990967,
2-s expert,6,4,CF_TIME_SHUFFLED,118,29,6254,1537,11,FIT_OK,0.9002238567316917,11,"[-4, -3, -2, -1]",1.8362281918525696,11.246612071990967,
2-s expert,6,4,CF_CELL_SHUFFLED,118,29,6254,1537,11,FIT_OK,0.9002238567316917,11,"[-4, -3, -2, -1]",1.8362281918525696,11.246612071990967,
2-s expert,6,4,RAW_GRC_PC1,118,29,6254,1537,11,FIT_OK,0.9002238567316917,,,,,1
2-s expert,6,4,RAW_GRC_PC16,118,29,6254,1537,26,FIT_OK,0.9002238567316917,,,,,16
