group,session_index,arm,n_trials,mean_trial_brier,mean_trial_log_loss,mean_trial_event_fraction,brier_gain_vs_time_history,log_loss_gain_vs_time_history,sample_level_average_precision
1-s expert,1,CF_CELL_SHUFFLED,11,0.21584435443380245,0.6554361929500089,0.4782608695652174,-0.0008865112040528089,-0.0009973521575910027,0.7291268066683625
1-s expert,1,CF_EVENT_YOKED,11,0.21516653854885145,0.654318757410139,0.4782608695652174,-0.00020869531910180927,0.00012008338227886828,0.7338011797141759
1-s expert,1,CF_LTD,11,0.2282890725322055,0.6895922891815354,0.4782608695652174,-0.013331229302455866,-0.03515344838911749,0.6822978034182765
1-s expert,1,CF_NO_TRACE,11,0.23195432605934674,0.6948768820320398,0.4782608695652174,-0.016996482829597093,-0.040438041239621914,0.6739750593136745
1-s expert,1,CF_TIME_SHUFFLED,11,0.2156362342029503,0.6562070257334448,0.4782608695652174,-0.0006783909732006599,-0.001768184941026929,0.7206781070121142
1-s expert,1,RAW_GRC_PC1,11,0.23103868294528504,0.6903702554962003,0.4782608695652174,-0.016080839715535394,-0.03593141470378247,0.6854033485154278
1-s expert,1,RAW_GRC_PC16,11,0.2446048124522631,0.7523386446501052,0.4782608695652174,-0.029646969222513447,-0.09789980385768737,0.7178826956568535
1-s expert,1,TIME_LICK_HISTORY,11,0.21495784322974965,0.6544388407924179,0.4782608695652174,0.0,0.0,0.7240479752664932
1-s expert,2,CF_CELL_SHUFFLED,34,0.2390012783416037,0.6742681581143439,0.40281329923273657,-0.0029198065203905332,-0.007144766554309623,0.4938362211853003
1-s expert,2,CF_EVENT_YOKED,34,0.2378534373195361,0.6711512569594401,0.40281329923273657,-0.001771965498322925,-0.004027865399405806,0.5004770034645438
1-s expert,2,CF_LTD,34,0.23668024392008052,0.668466128545387,0.40281329923273657,-0.0005987720988673562,-0.0013427369853526994,0.506791889735059
1-s expert,2,CF_NO_TRACE,34,0.23657505320624436,0.6683991100946427,0.40281329923273657,-0.0004935813850311943,-0.0012757185346083944,0.5033138422495524
1-s expert,2,CF_TIME_SHUFFLED,34,0.236689417396084,0.668679178753067,0.40281329923273657,-0.000607945574870844,-0.0015557871930327316,0.48906942986811086
1-s expert,2,RAW_GRC_PC1,34,0.2384117857340124,0.6723810706935707,0.40281329923273657,-0.0023303139127992256,-0.005257679133536364,0.4841471835802763
1-s expert,2,RAW_GRC_PC16,34,0.2201703617492191,0.6413689352693805,0.40281329923273657,0.015911110071994056,0.02575445629065376,0.5731423941782167
1-s expert,2,TIME_LICK_HISTORY,34,0.23608147182121317,0.6671233915600343,0.40281329923273657,0.0,0.0,0.49212439289763427
1-s expert,3,CF_CELL_SHUFFLED,90,0.028435319341776896,0.132983259121639,0.9705314009661836,0.0,0.0,0.980849157874604
1-s expert,3,CF_EVENT_YOKED,90,0.028435319341776896,0.132983259121639,0.9705314009661836,0.0,0.0,0.980849157874604
1-s expert,3,CF_LTD,90,0.028435319341776896,0.132983259121639,0.9705314009661836,0.0,0.0,0.980849157874604
1-s expert,3,CF_NO_TRACE,90,0.028435319341776896,0.132983259121639,0.9705314009661836,0.0,0.0,0.980849157874604
1-s expert,3,CF_TIME_SHUFFLED,90,0.028435319341776896,0.132983259121639,0.9705314009661836,0.0,0.0,0.980849157874604
1-s expert,3,RAW_GRC_PC1,90,0.028057830529523816,0.12926085821079078,0.9705314009661836,0.0003774888122530795,0.003722400910848217,0.9834440376431921
1-s expert,3,RAW_GRC_PC16,90,0.03072853467126223,0.15208992990342876,0.9705314009661836,-0.002293215329485336,-0.019106670781789764,0.9785998510697049
1-s expert,3,TIME_LICK_HISTORY,90,0.028435319341776896,0.132983259121639,0.9705314009661836,0.0,0.0,0.980849157874604
1-s expert,4,CF_CELL_SHUFFLED,42,0.11231645343151689,0.3829864788479811,0.8685300207039336,-0.0010327171127924306,-0.0018114939702130184,0.9172556493702179
1-s expert,4,CF_EVENT_YOKED,42,0.11190985836116918,0.38210049317839595,0.8685300207039336,-0.0006261220424447211,-0.0009255083006278753,0.9180874142721975
1-s expert,4,CF_LTD,42,0.11179164662273422,0.3818965222981598,0.8685300207039336,-0.0005079103040097621,-0.0007215374203917158,0.9182429965074802
1-s expert,4,CF_NO_TRACE,42,0.11135790201822093,0.38108632187861524,0.8685300207039336,-7.416569949647567e-05,8.866299915283316e-05,0.9181080087918558
1-s expert,4,CF_TIME_SHUFFLED,42,0.11097815334573558,0.3790127190318316,0.8685300207039336,0.0003055829729888826,0.002162265845936484,0.9192961132881821
1-s expert,4,RAW_GRC_PC1,42,0.11456454673817082,0.3922580547636175,0.8685300207039336,-0.0032808104194463616,-0.01108306988584945,0.9107689721894209
1-s expert,4,RAW_GRC_PC16,42,0.11833069957298434,0.39720186870022445,0.8685300207039336,-0.00704696325425988,-0.016026883822456373,0.9251456435806245
1-s expert,4,TIME_LICK_HISTORY,42,0.11128373631872446,0.3811749848777681,0.8685300207039336,0.0,0.0,0.9169972613481747
1-s expert,5,CF_CELL_SHUFFLED,97,0.06611274359560121,0.23397336070518823,0.9000448229493502,0.0004263993802034738,0.0011598528377664563,0.9779627989343661
1-s expert,5,CF_EVENT_YOKED,97,0.06655423641010813,0.23533479247167952,0.9000448229493502,-1.5093434303448117e-05,-0.00020157892872482708,0.9779730691444711
1-s expert,5,CF_LTD,97,0.06628471124839254,0.23485267827540296,0.9000448229493502,0.0002544317274121438,0.0002805352675517292,0.9778643575981688
1-s expert,5,CF_NO_TRACE,97,0.06632317189400987,0.23505874561742507,0.9000448229493502,0.00021597108179481628,7.44679255296199e-05,0.9777591778348181
1-s expert,5,CF_TIME_SHUFFLED,97,0.06590308793173118,0.2332548270534881,0.9000448229493502,0.0006360550440735052,0.001878386489466588,0.9776781604146912
1-s expert,5,RAW_GRC_PC1,97,0.06573695937809466,0.23319680133560391,0.9000448229493502,0.0008021835977100183,0.001936412207350774,0.9776273263127901
1-s expert,5,RAW_GRC_PC16,97,0.06384918359167838,0.2309865768549198,0.9000448229493502,0.002689959384126306,0.004146636688034888,0.974593136343203
1-s expert,5,TIME_LICK_HISTORY,97,0.06653914297580468,0.2351332135429547,0.9000448229493502,0.0,0.0,0.977632471425775
2-s expert,1,CF_CELL_SHUFFLED,152,0.1432880087484271,0.43472526054216065,0.7274081429990069,0.00010738645948668579,0.0006735734640508362,0.9301896799598239
2-s expert,1,CF_EVENT_YOKED,152,0.13767911171920003,0.4174055942926484,0.7274081429990069,0.005716283488713753,0.01799323971356309,0.9385840425795756
2-s expert,1,CF_LTD,152,0.1373644900744914,0.4165270364057532,0.7274081429990069,0.006030905133422387,0.018871797600458262,0.9394273794645867
2-s expert,1,CF_NO_TRACE,152,0.13916280691842636,0.42147214628913293,0.7274081429990069,0.004232588289487416,0.013926687717078556,0.9375852179320625
2-s expert,1,CF_TIME_SHUFFLED,152,0.14258260527950303,0.4341535685163731,0.7274081429990069,0.0008127899284107454,0.0012452654898383875,0.9295751774044245
2-s expert,1,RAW_GRC_PC1,152,0.13787504215277513,0.41923386652254,0.7274081429990069,0.005520353055138649,0.016164967483671466,0.9362472892176468
2-s expert,1,RAW_GRC_PC16,152,0.1296362036948949,0.3965661824607972,0.7274081429990069,0.013759191513018881,0.038832651545414265,0.9451406177056771
2-s expert,1,TIME_LICK_HISTORY,152,0.14339539520791378,0.4353988340062115,0.7274081429990069,0.0,0.0,0.9293706472285576
2-s expert,2,CF_CELL_SHUFFLED,147,0.06625841459799585,0.24179979972308602,0.9240148889744577,-4.1784255332036335e-05,-0.0002184157220541938,0.9701253783614994
2-s expert,2,CF_EVENT_YOKED,147,0.06621704823502936,0.2412830874139006,0.9240148889744577,-4.17892365545125e-07,0.00029829658713123597,0.9709220384668467
2-s expert,2,CF_LTD,147,0.06622038231534301,0.2413562380579139,0.9240148889744577,-3.7519726791973573e-06,0.00022514594311792702,0.9707828756620729
2-s expert,2,CF_NO_TRACE,147,0.06623308010145225,0.24147340556726887,0.9240148889744577,-1.6449758788436575e-05,0.0001079784337629508,0.9706609018591513
2-s expert,2,CF_TIME_SHUFFLED,147,0.06613354472571198,0.24118889840095276,0.9240148889744577,8.308561695183347e-05,0.00039248560007906774,0.970269541613164
2-s expert,2,RAW_GRC_PC1,147,0.06600226941032154,0.24045606823397167,0.9240148889744577,0.0002143609323422696,0.0011253157670601532,0.9703915855232794
2-s expert,2,RAW_GRC_PC16,147,0.0651564794016453,0.23533145994712332,0.9240148889744577,0.001060150941018509,0.006249924053908507,0.9737809821934036
2-s expert,2,TIME_LICK_HISTORY,147,0.06621663034266381,0.24158138400103182,0.9240148889744577,0.0,0.0,0.9702582744656851
2-s expert,3,CF_CELL_SHUFFLED,155,0.04187718839378845,0.1716988810788347,0.9548387096774194,2.0518758301273088e-05,0.0003372618738781974,0.9758372590989909
2-s expert,3,CF_EVENT_YOKED,155,0.04185233953939259,0.17145708470577,0.9548387096774194,4.536761269713363e-05,0.0005790582469428762,0.9759923097148149
2-s expert,3,CF_LTD,155,0.04186196936861829,0.1715831758904564,0.9548387096774194,3.5737783471434525e-05,0.0004529670622564763,0.975889062809082
2-s expert,3,CF_NO_TRACE,155,0.04192994063959766,0.17224617844459197,0.9548387096774194,-3.2233487507936365e-05,-0.00021003549187909032,0.9752473579925725
2-s expert,3,CF_TIME_SHUFFLED,155,0.041975739714752214,0.17230628631261855,0.9548387096774194,-7.80325626624917e-05,-0.0002701433599056613,0.9755051098041405
2-s expert,3,RAW_GRC_PC1,155,0.04186318710595146,0.17145197522342692,0.9548387096774194,3.452004613826304e-05,0.0005841677292859615,0.9761260248738995
2-s expert,3,RAW_GRC_PC16,155,0.041811721869721444,0.17039317920573316,0.9548387096774194,8.598528236827829e-05,0.0016429637469797254,0.9787293743928835
2-s expert,3,TIME_LICK_HISTORY,155,0.04189770715208972,0.17203614295271288,0.9548387096774194,0.0,0.0,0.9754367212413161
2-s expert,4,CF_CELL_SHUFFLED,63,0.07946739905564296,0.2848874101147653,0.8793051811919737,0.0013434626804031957,0.0043635029432088634,0.9565162818365203
2-s expert,4,CF_EVENT_YOKED,63,0.08096631626343914,0.2883514765143867,0.8793051811919737,-0.0001554545273929897,0.000899436543587484,0.9573986844764076
2-s expert,4,CF_LTD,63,0.08099939666574356,0.2886586577403033,0.8793051811919737,-0.00018853492969740648,0.0005922553176708756,0.9570833186837835
2-s expert,4,CF_NO_TRACE,63,0.08099915263893717,0.2896739530192121,0.8793051811919737,-0.00018829090289101957,-0.0004230399612379365,0.9550419907546067
2-s expert,4,CF_TIME_SHUFFLED,63,0.08103085440959985,0.28974889938282217,0.8793051811919737,-0.0002199926735537011,-0.0004979863248479877,0.9549691515543817
2-s expert,4,RAW_GRC_PC1,63,0.08044225542706639,0.28830452319224814,0.8793051811919737,0.0003686063089797659,0.0009463898657260383,0.9549390034236287
2-s expert,4,RAW_GRC_PC16,63,0.07785749164151286,0.2728051578204376,0.8793051811919737,0.0029533700945332947,0.016445755237536552,0.9679745439059959
2-s expert,4,TIME_LICK_HISTORY,63,0.08081086173604615,0.2892509130579742,0.8793051811919737,0.0,0.0,0.9545687617141555
2-s expert,5,CF_CELL_SHUFFLED,78,0.10768704496368234,0.35610942675249124,0.15312046444121916,0.0005019127172565113,0.0018167302017503828,0.4541843085327995
2-s expert,5,CF_EVENT_YOKED,78,0.10814939203507791,0.3546683816082507,0.15312046444121916,3.956564586093947e-05,0.003257775345990921,0.4449433589070665
2-s expert,5,CF_LTD,78,0.10835675573218174,0.35542166125686836,0.15312046444121916,-0.0001677980512428956,0.0025044956973732657,0.44372246052484493
2-s expert,5,CF_NO_TRACE,78,0.10877426477673251,0.3572997371979843,0.15312046444121916,-0.0005853070957936579,0.0006264197562573237,0.43989953441453156
2-s expert,5,CF_TIME_SHUFFLED,78,0.10752344613525718,0.35520502096172757,0.15312046444121916,0.000665511545681674,0.0027211359925140566,0.45511531045490433
2-s expert,5,RAW_GRC_PC1,78,0.10627997662104204,0.3501136271945119,0.15312046444121916,0.0019089810598968138,0.007812529759729736,0.45784533288822116
2-s expert,5,RAW_GRC_PC16,78,0.10542728897998908,0.3452809238371903,0.15312046444121916,0.0027616687009497654,0.012645233117051347,0.46716175886689637
2-s expert,5,TIME_LICK_HISTORY,78,0.10818895768093885,0.3579261569542416,0.15312046444121916,0.0,0.0,0.44974355612962225
2-s expert,6,CF_CELL_SHUFFLED,147,0.08611305538838465,0.307362564006813,0.9010396611474778,7.210470516015588e-05,0.000935868436046261,0.9388359802712695
2-s expert,6,CF_EVENT_YOKED,147,0.08590958853687544,0.3069171047436695,0.9010396611474778,0.0002755715566693656,0.0013813276991897494,0.9382288061431627
2-s expert,6,CF_LTD,147,0.08606628594279819,0.30795579263844125,0.9010396611474778,0.00011887415074661456,0.0003426398044180101,0.9367674536708691
2-s expert,6,CF_NO_TRACE,147,0.08613115772024305,0.3082031915949927,0.9010396611474778,5.400237330176194e-05,9.524084786655118e-05,0.9365061390660755
2-s expert,6,CF_TIME_SHUFFLED,147,0.08621023374695301,0.30820101562021474,0.9010396611474778,-2.5073653408203e-05,9.741682264452489e-05,0.937480862262902
2-s expert,6,RAW_GRC_PC1,147,0.08388594344317243,0.29640792133575955,0.9010396611474778,0.0022992166503723738,0.01189051110709971,0.9530461594399151
2-s expert,6,RAW_GRC_PC16,147,0.08402924657295849,0.2952758795926375,0.9010396611474778,0.0021559135205863195,0.013022552850221747,0.95561254098868
2-s expert,6,TIME_LICK_HISTORY,147,0.08618516009354481,0.30829843244285926,0.9010396611474778,0.0,0.0,0.936634875257917
2-s novice / 1-s expert,1,CF_CELL_SHUFFLED,24,0.21866458444394796,0.6290761932677833,0.6077044025157232,-0.0003635957264070677,-0.001210035089999062,0.7500902748794389
2-s novice / 1-s expert,1,CF_EVENT_YOKED,24,0.21839150415951702,0.6286069547757934,0.6077044025157232,-9.051544197613559e-05,-0.0007407965980091857,0.7473661300767536
2-s novice / 1-s expert,1,CF_LTD,24,0.21855909807742183,0.6288519779669847,0.6077044025157232,-0.00025810935988093697,-0.0009858197892004261,0.7468708974686714
2-s novice / 1-s expert,1,CF_NO_TRACE,24,0.21781692091560245,0.6270587178883372,0.6077044025157232,0.000484067801938437,0.0008074402894470145,0.7487197764133422
2-s novice / 1-s expert,1,CF_TIME_SHUFFLED,24,0.21890948526460638,0.628985717849503,0.6077044025157232,-0.0006084965470654902,-0.0011195596717187284,0.7482150263163065
2-s novice / 1-s expert,1,RAW_GRC_PC1,24,0.21829590570250404,0.6285750068720113,0.6077044025157232,5.083015036849714e-06,-0.0007088486942270489,0.7458555160906081
2-s novice / 1-s expert,1,RAW_GRC_PC16,24,0.21706122695837451,0.6282638346735306,0.6077044025157232,0.0012397617591663745,-0.00039767649574640185,0.7482451399201546
2-s novice / 1-s expert,1,TIME_LICK_HISTORY,24,0.2183009887175409,0.6278661581777842,0.6077044025157232,0.0,0.0,0.7504995523342917
2-s novice / 1-s expert,2,CF_CELL_SHUFFLED,7,0.2227533592567434,0.6594000986734276,0.3584905660377359,-4.7619265274023714e-06,-0.004815841512677443,0.5592538684038244
2-s novice / 1-s expert,2,CF_EVENT_YOKED,7,0.2262809734107662,0.6685756637140153,0.3584905660377359,-0.003532376080550209,-0.01399140655326514,0.5532230011716939
2-s novice / 1-s expert,2,CF_LTD,7,0.22880079757269214,0.6733667622535773,0.3584905660377359,-0.006052200242476158,-0.018782505092827084,0.5426574705350529
2-s novice / 1-s expert,2,CF_NO_TRACE,7,0.22609885007918182,0.6701921285756018,0.3584905660377359,-0.003350252748965832,-0.015607871414851648,0.5521898208011731
2-s novice / 1-s expert,2,CF_TIME_SHUFFLED,7,0.2214608247682349,0.6527735127641702,0.3584905660377359,0.0012877725619810931,0.0018107443965800218,0.5612048787593769
2-s novice / 1-s expert,2,RAW_GRC_PC1,7,0.2248987680829637,0.6626562349754698,0.3584905660377359,-0.0021501707527477043,-0.008071977814719578,0.5600288966278728
2-s novice / 1-s expert,2,RAW_GRC_PC16,7,0.25123489065737026,0.7460664080191206,0.3584905660377359,-0.028486293327154272,-0.09148215085837041,0.5099495020844742
2-s novice / 1-s expert,2,TIME_LICK_HISTORY,7,0.22274859733021599,0.6545842571607502,0.3584905660377359,0.0,0.0,0.5592854334570178
2-s novice / 1-s expert,3,CF_CELL_SHUFFLED,116,0.05414214005033652,0.2103872593723462,0.939167208848406,-0.0007503732304826247,-0.0017255393404099484,0.9714387020594613
2-s novice / 1-s expert,3,CF_EVENT_YOKED,116,0.052460578392558445,0.2056651141530944,0.939167208848406,0.0009311884272954485,0.002996605878841846,0.9700423315175445
2-s novice / 1-s expert,3,CF_LTD,116,0.054423197949980906,0.2125001833604206,0.939167208848406,-0.0010314311301270127,-0.0038384633284843372,0.9690457018222618
2-s novice / 1-s expert,3,CF_NO_TRACE,116,0.05505350267603354,0.21484425565521323,0.939167208848406,-0.0016617358561796455,-0.006182535623276975,0.9693099770973768
2-s novice / 1-s expert,3,CF_TIME_SHUFFLED,116,0.05238659776167514,0.20551213895606965,0.939167208848406,0.0010051690581787537,0.003149581075866603,0.9705471200684923
2-s novice / 1-s expert,3,RAW_GRC_PC1,116,0.052248705951851104,0.20225389026543167,0.939167208848406,0.001143060868002789,0.006407829766504586,0.9739954311377262
2-s novice / 1-s expert,3,RAW_GRC_PC16,116,0.04886542400202521,0.1882015335294958,0.939167208848406,0.004526342817828682,0.02046018650244044,0.9798437355263317
2-s novice / 1-s expert,3,TIME_LICK_HISTORY,116,0.05339176681985389,0.20866172003193625,0.939167208848406,0.0,0.0,0.9697188265411993
2-s novice / 1-s expert,4,CF_CELL_SHUFFLED,85,0.016380711466505257,0.0823516932138537,0.983573806881243,-2.7833457561580316e-05,0.000572739867509442,0.9917180071324367
2-s novice / 1-s expert,4,CF_EVENT_YOKED,85,0.016230166541222252,0.08136011202175046,0.983573806881243,0.00012271146772142513,0.0015643210596126833,0.9907717588696839
2-s novice / 1-s expert,4,CF_LTD,85,0.01625381340858659,0.08154769255903364,0.983573806881243,9.906460035708636e-05,0.0013767405223295004,0.9909244584958156
2-s novice / 1-s expert,4,CF_NO_TRACE,85,0.01625614560361505,0.08116651513960572,0.983573806881243,9.673240532862698e-05,0.0017579179417574198,0.991388129820182
2-s novice / 1-s expert,4,CF_TIME_SHUFFLED,85,0.016456877664942304,0.08263480024344072,0.983573806881243,-0.0001039996559986274,0.0002896328379224239,0.9911536084300125
2-s novice / 1-s expert,4,RAW_GRC_PC1,85,0.016201707736950514,0.08187410197922855,0.983573806881243,0.00015117027199316319,0.001050331102134594,0.9910801213726397
2-s novice / 1-s expert,4,RAW_GRC_PC16,85,0.016628442155610514,0.087499009836879,0.983573806881243,-0.0002755641466668374,-0.004574576755515855,0.9896136872774124
2-s novice / 1-s expert,4,TIME_LICK_HISTORY,85,0.016352878008943677,0.08292443308136314,0.983573806881243,0.0,0.0,0.9910425648972574
2-s novice / 1-s expert,5,CF_CELL_SHUFFLED,145,0.14360828609340787,0.4516589161151201,0.46871008939974457,9.99307714713571e-05,0.00021367850843817537,0.8547266140076037
2-s novice / 1-s expert,5,CF_EVENT_YOKED,145,0.13977595905587734,0.44141769104351525,0.46871008939974457,0.003932257809001888,0.010454903580043029,0.8614074285545715
2-s novice / 1-s expert,5,CF_LTD,145,0.1393756768100612,0.4406824104502454,0.46871008939974457,0.004332540054818035,0.011190184173312856,0.8610282402640941
2-s novice / 1-s expert,5,CF_NO_TRACE,145,0.13968582424906698,0.44100820970857824,0.46871008939974457,0.004022392615812248,0.010864384914980041,0.8617666928518826
2-s novice / 1-s expert,5,CF_TIME_SHUFFLED,145,0.14275442101892338,0.44844661381995415,0.46871008939974457,0.0009537958459558404,0.003425980803604123,0.85748423172447
2-s novice / 1-s expert,5,RAW_GRC_PC1,145,0.14203130947274176,0.44804769689595864,0.46871008939974457,0.0016769073921374666,0.003824897727599641,0.8533554210008928
2-s novice / 1-s expert,5,RAW_GRC_PC16,145,0.13783583376849046,0.43513871538183957,0.46871008939974457,0.005872383096388767,0.016733879241718708,0.8681703954224544
2-s novice / 1-s expert,5,TIME_LICK_HISTORY,145,0.14370821686487922,0.4518725946235583,0.46871008939974457,0.0,0.0,0.8547913321428254
