group,session_index,all_trials,eligible_trials,rewarded_trials,omission_trials,candidate_time_samples,grc_cells,animal_id_available,fold_split_method
1-s expert,1,138,11,11,0,253,54,False,SHUFFLED_KFOLD_SMALL_CLASS
1-s expert,2,154,34,14,20,782,85,False,STRATIFIED_REWARD_STATUS
1-s expert,3,94,90,63,27,2070,27,False,STRATIFIED_REWARD_STATUS
1-s expert,4,130,42,27,15,966,24,False,STRATIFIED_REWARD_STATUS
1-s expert,5,139,97,76,21,2231,67,False,STRATIFIED_REWARD_STATUS
2-s novice / 1-s expert,1,147,24,9,15,1272,35,False,STRATIFIED_REWARD_STATUS
2-s novice / 1-s expert,2,136,7,4,3,371,87,False,SHUFFLED_KFOLD_SMALL_CLASS
2-s novice / 1-s expert,3,127,116,83,33,6148,34,False,STRATIFIED_REWARD_STATUS
2-s novice / 1-s expert,4,89,85,68,17,4505,44,False,STRATIFIED_REWARD_STATUS
2-s novice / 1-s expert,5,145,145,116,29,3915,63,False,STRATIFIED_REWARD_STATUS
2-s expert,1,154,152,122,30,8056,72,False,STRATIFIED_REWARD_STATUS
2-s expert,2,155,147,117,30,7791,119,False,STRATIFIED_REWARD_STATUS
2-s expert,3,159,155,121,34,8215,27,False,STRATIFIED_REWARD_STATUS
2-s expert,4,66,63,49,14,3339,108,False,STRATIFIED_REWARD_STATUS
2-s expert,5,84,78,61,17,4134,94,False,STRATIFIED_REWARD_STATUS
2-s expert,6,156,147,117,30,7791,103,False,STRATIFIED_REWARD_STATUS
