group,animal_id,n_rows,n_forward,n_reverse,n_transition_or_unknown,dt_median_s,aiy_only_auc,aiy_plus_previous_state_auc,aiy_increment_over_previous_state_auc,aiy_oof_samples,ava_only_auc,ava_plus_previous_state_auc,ava_increment_over_previous_state_auc,ava_oof_samples
WT,WT_1,1200,563,637,0,0.5,0.8347045813,0.9858350928,0.01439531039,1199,0.8308505647,0.9776885955,0.006248813075,1199
WT,WT_2,1200,943,257,0,0.5,0.7523487208,0.9798473953,0.01982121554,1199,0.8287794936,0.9793088879,0.01928270811,1199
WT,WT_3,1200,812,388,0,0.5,0.7684162355,0.9786028449,0.01550523091,1199,0.4273456468,0.962357151,-0.0007404629641,1199
WT,WT_4,1200,682,518,0,0.5,0.8179322393,0.9788056518,0.02032082225,1199,0.7737851467,0.9713976982,0.01291286863,1199
WT,WT_5,1204,923,281,0,0.5,0.6167969355,0.9850177991,0.007649744622,1203,0.8210068101,0.987076304,0.009708249497,1203
RIM_ABLATED,RIM_ABLATED_1,1199,685,473,41,0.5,0.6722349375,0.9998855623,8.196214277e-05,1157,0.6105870345,0.9998793765,7.577632067e-05,1157
RIM_ABLATED,RIM_ABLATED_2,1197,584,550,63,0.5,0.6531676523,0.9995165556,-2.027347356e-05,1133,0.7729308581,0.9994884847,-4.834443696e-05,1133
RIM_ABLATED,RIM_ABLATED_3,1226,758,423,45,0.5,0.403152921,0.9997220583,-3.903676014e-05,1180,0.2458472695,0.9997439189,-1.717617446e-05,1180
RIM_ABLATED,RIM_ABLATED_4,1198,599,551,48,0.5,0.5365396874,0.9996175444,-0.0001259675216,1149,0.7329276066,0.9998664441,0.0001229321597,1149
RIM_ABLATED,RIM_ABLATED_5,1180,385,750,45,0.5,0.24721875,0.9999409722,0.0002430555556,1134,0.7947951389,0.9998263889,0.0001284722222,1134
