training_seed,train_size,arm,parameter_count,optimizer_updates,batch_size,sample_tokens,training_seconds,initial_batch_loss,final_10_update_loss,parameters_json
72000,16,MODE_GAIN_FILTER,4,250,16,640000,0.909960292,0.03761061653494835,0.03897842094302177,"[2.2523128986358643, -2.189321279525757, 1.4405969381332397, 0.03176628798246384]"
72000,16,CONSTANT_GAIN_FILTER,3,250,16,640000,0.6113124169999997,0.03761061653494835,0.0465634535998106,"[2.5015335083007812, -1.2128695249557495, 0.028585657477378845]"
72000,16,LINEAR_BILINEAR_RNN,5,250,16,640000,1.3090097910000003,0.04000483453273773,0.0426466066390276,"[0.41720619797706604, -0.029142634943127632, 0.426171213388443, 1.9558899402618408, 0.2724331021308899]"
72000,64,MODE_GAIN_FILTER,4,250,16,640000,0.8958281669999999,0.07040819525718689,0.0512815348803997,"[2.78547739982605, -2.123919725418091, 1.5735357999801636, -0.008561572059988976]"
72000,64,CONSTANT_GAIN_FILTER,3,250,16,640000,0.6144230830000001,0.07040819525718689,0.05957183241844177,"[2.961177110671997, -1.1786653995513916, -0.020798714831471443]"
72000,64,LINEAR_BILINEAR_RNN,5,250,16,640000,1.3287238339999998,0.08233483135700226,0.05625851899385452,"[0.4477248191833496, 0.010131226852536201, 0.41911572217941284, 1.8004704713821411, 0.373820424079895]"
72000,256,MODE_GAIN_FILTER,4,250,16,640000,0.9046826659999994,0.05684163421392441,0.05536174401640892,"[2.7745237350463867, -2.0844380855560303, 1.5191078186035156, -0.01889178156852722]"
72000,256,CONSTANT_GAIN_FILTER,3,250,16,640000,0.6090165409999999,0.05684163421392441,0.06319285109639168,"[3.384615182876587, -1.2406612634658813, -0.03525904566049576]"
72000,256,LINEAR_BILINEAR_RNN,5,250,16,640000,1.3021972500000007,0.07173436880111694,0.060298120602965355,"[0.41728588938713074, 0.021475911140441895, 0.44990652799606323, 1.8575609922409058, 0.3830319046974182]"
72000,1024,MODE_GAIN_FILTER,4,250,16,640000,0.8916195830000007,0.0679892748594284,0.057226363196969034,"[2.49276065826416, -1.9317407608032227, 1.4641332626342773, 0.019816119223833084]"
72000,1024,CONSTANT_GAIN_FILTER,3,250,16,640000,0.6104502919999995,0.0679892748594284,0.06548120714724064,"[3.194924831390381, -1.1415060758590698, 0.015709668397903442]"
72000,1024,LINEAR_BILINEAR_RNN,5,250,16,640000,1.3058816249999996,0.07778030633926392,0.0628609549254179,"[0.4524536430835724, -0.017859483137726784, 0.4517182409763336, 1.9159878492355347, 0.3112688958644867]"
72001,16,MODE_GAIN_FILTER,4,250,16,640000,0.891635667000001,0.06528176367282867,0.053112910315394404,"[2.8107194900512695, -1.580221176147461, 1.1982576847076416, -0.02296951785683632]"
72001,16,CONSTANT_GAIN_FILTER,3,250,16,640000,0.6064594579999998,0.06528176367282867,0.05853136740624905,"[3.910057306289673, -1.0840164422988892, -0.0183919258415699]"
72001,16,LINEAR_BILINEAR_RNN,5,250,16,640000,1.3034225409999998,0.10248801857233047,0.0574596356600523,"[0.46531856060028076, 0.01899900659918785, 0.4504508078098297, 1.5593132972717285, 0.4802827835083008]"
72001,64,MODE_GAIN_FILTER,4,250,16,640000,0.8941865409999998,0.08095838874578476,0.05675672926008701,"[2.4513471126556396, -1.8882249593734741, 1.4729150533676147, 0.004928854759782553]"
72001,64,CONSTANT_GAIN_FILTER,3,250,16,640000,0.6152726250000011,0.08095838874578476,0.06442137062549591,"[3.3722293376922607, -1.1616551876068115, -0.00425186799839139]"
72001,64,LINEAR_BILINEAR_RNN,5,250,16,640000,1.3292107080000015,0.08492052555084229,0.061234350129961965,"[0.46649330854415894, -0.0063565936870872974, 0.4860544800758362, 1.8825960159301758, 0.30917173624038696]"
72001,256,MODE_GAIN_FILTER,4,250,16,640000,0.8917943749999999,0.06060609966516495,0.055428561940789225,"[2.7584118843078613, -1.831317663192749, 1.475154161453247, -0.0178532674908638]"
72001,256,CONSTANT_GAIN_FILTER,3,250,16,640000,0.6124951669999987,0.06060609966516495,0.06326084472239017,"[3.6691784858703613, -1.112235188484192, -0.009721167385578156]"
72001,256,LINEAR_BILINEAR_RNN,5,250,16,640000,1.299199583,0.08075330406427383,0.06124095693230629,"[0.5233242511749268, 0.019157221540808678, 0.47633376717567444, 1.9345396757125854, 0.2216395139694214]"
72001,1024,MODE_GAIN_FILTER,4,250,16,640000,0.8973964589999994,0.06136171892285347,0.06009276434779167,"[2.8533992767333984, -1.8996896743774414, 1.4748986959457397, -0.012101945467293262]"
72001,1024,CONSTANT_GAIN_FILTER,3,250,16,640000,0.6073019589999973,0.06136171892285347,0.07002242840826511,"[3.5328640937805176, -1.1450083255767822, -0.02969961240887642]"
72001,1024,LINEAR_BILINEAR_RNN,5,250,16,640000,1.3055232500000002,0.06365970522165298,0.06695559211075305,"[0.4777359366416931, 0.015136772766709328, 0.4846688508987427, 1.9031654596328735, 0.24922685325145721]"
72002,16,MODE_GAIN_FILTER,4,250,16,640000,0.8999468330000013,0.06222734600305557,0.05093115754425526,"[2.431539297103882, -2.1482746601104736, 1.6124935150146484, -0.0011311029084026814]"
72002,16,CONSTANT_GAIN_FILTER,3,250,16,640000,0.6107914170000015,0.06222734600305557,0.05734231509268284,"[2.6597230434417725, -0.9848302006721497, 0.0038183708675205708]"
72002,16,LINEAR_BILINEAR_RNN,5,250,16,640000,1.2903737910000004,0.07000447809696198,0.05353170707821846,"[0.48213890194892883, -0.0033084764145314693, 0.4229516088962555, 1.6089138984680176, 0.3703025281429291]"
72002,64,MODE_GAIN_FILTER,4,250,16,640000,0.8980892090000019,0.06466648727655411,0.058848467841744426,"[2.7075541019439697, -2.0266454219818115, 1.4869279861450195, 0.006954945623874664]"
72002,64,CONSTANT_GAIN_FILTER,3,250,16,640000,0.6112667499999986,0.06466648727655411,0.06716740056872368,"[3.4954943656921387, -1.179112434387207, 0.017718089744448662]"
72002,64,LINEAR_BILINEAR_RNN,5,250,16,640000,1.3294151670000005,0.0722896009683609,0.06606924757361413,"[0.4637731611728668, -0.0017907312139868736, 0.4294922351837158, 1.9143496751785278, 0.3052957057952881]"
72002,256,MODE_GAIN_FILTER,4,250,16,640000,0.8949575840000001,0.08275751024484634,0.060188259929418564,"[2.8368144035339355, -1.9841657876968384, 1.5263152122497559, -0.009847641922533512]"
72002,256,CONSTANT_GAIN_FILTER,3,250,16,640000,0.6078988330000001,0.08275751024484634,0.06982264295220375,"[3.4897501468658447, -1.1186259984970093, -0.015585471875965595]"
72002,256,LINEAR_BILINEAR_RNN,5,250,16,640000,1.3042422910000013,0.0858304351568222,0.06683317385613918,"[0.4606495797634125, 0.005595060531049967, 0.5122764706611633, 1.9798529148101807, 0.21046698093414307]"
72002,1024,MODE_GAIN_FILTER,4,250,16,640000,0.9013557500000005,0.05093969777226448,0.05750930979847908,"[2.8624813556671143, -1.873442530632019, 1.518563985824585, 0.001390849705785513]"
72002,1024,CONSTANT_GAIN_FILTER,3,250,16,640000,0.6064383749999962,0.05093969777226448,0.06545394398272038,"[3.5285732746124268, -1.1059740781784058, 0.00957503728568554]"
72002,1024,LINEAR_BILINEAR_RNN,5,250,16,640000,1.3074880419999957,0.0555078499019146,0.06241567730903626,"[0.48775753378868103, -0.0028122547082602978, 0.4762418270111084, 1.934122920036316, 0.2457243949174881]"
72003,16,MODE_GAIN_FILTER,4,250,16,640000,0.9004149590000026,0.06899292767047882,0.052878393605351445,"[2.9398515224456787, -1.764790415763855, 1.6840050220489502, 0.01835685223340988]"
72003,16,CONSTANT_GAIN_FILTER,3,250,16,640000,0.6044071250000016,0.06899292767047882,0.06743461154401302,"[3.109212875366211, -0.8568368554115295, -0.002342331688851118]"
72003,16,LINEAR_BILINEAR_RNN,5,250,16,640000,1.3003934999999984,0.09330672025680542,0.06439124718308449,"[0.5792100429534912, -0.004846249707043171, 0.559365451335907, 1.885803461074829, 0.041970714926719666]"
72003,64,MODE_GAIN_FILTER,4,250,16,640000,0.9020975410000034,0.07525566965341568,0.05276668779551983,"[3.3082592487335205, -1.9018921852111816, 1.5208990573883057, 0.00802477728575468]"
72003,64,CONSTANT_GAIN_FILTER,3,250,16,640000,0.6119596670000007,0.07525566965341568,0.06463285461068154,"[3.552032232284546, -1.1144746541976929, 0.005260423757135868]"
72003,64,LINEAR_BILINEAR_RNN,5,250,16,640000,1.3397462500000046,0.09147705137729645,0.062159796431660655,"[0.4801078736782074, -0.006458762101829052, 0.49907222390174866, 1.842847466468811, 0.19830437004566193]"
72003,256,MODE_GAIN_FILTER,4,250,16,640000,0.9026542909999975,0.08702613413333893,0.059199749305844304,"[2.5241832733154297, -1.9432331323623657, 1.4912161827087402, 0.009479298256337643]"
72003,256,CONSTANT_GAIN_FILTER,3,250,16,640000,0.606250750000001,0.08702613413333893,0.06847592405974864,"[3.3143603801727295, -1.0707027912139893, -0.0019292281940579414]"
72003,256,LINEAR_BILINEAR_RNN,5,250,16,640000,1.3111866249999977,0.09902790188789368,0.06392573341727256,"[0.439786821603775, -0.001894987653940916, 0.49790480732917786, 1.8411717414855957, 0.2583903670310974]"
72003,1024,MODE_GAIN_FILTER,4,250,16,640000,0.8988430839999992,0.08326731622219086,0.049960528314113614,"[2.692598342895508, -1.9740545749664307, 1.439100980758667, 0.012092401273548603]"
72003,1024,CONSTANT_GAIN_FILTER,3,250,16,640000,0.6084294580000034,0.08326731622219086,0.05808221660554409,"[3.2833402156829834, -1.1706432104110718, 0.020498013123869896]"
72003,1024,LINEAR_BILINEAR_RNN,5,250,16,640000,1.3046641250000022,0.09557272493839264,0.05551787912845611,"[0.45001348853111267, -0.00788182020187378, 0.4479660093784332, 1.8648629188537598, 0.2769433856010437]"
72004,16,MODE_GAIN_FILTER,4,250,16,640000,0.8915669579999985,0.09043005853891373,0.05500906407833099,"[2.5040085315704346, -1.6680946350097656, 1.433637022972107, -0.032940059900283813]"
72004,16,CONSTANT_GAIN_FILTER,3,250,16,640000,0.6125639169999957,0.09043005853891373,0.06413722410798073,"[3.354159116744995, -0.9121775031089783, -0.050748806446790695]"
72004,16,LINEAR_BILINEAR_RNN,5,250,16,640000,1.3063802499999966,0.10616986453533173,0.061385835707187655,"[0.4873107969760895, 0.021125489845871925, 0.5319387912750244, 1.8750200271606445, 0.18819545209407806]"
72004,64,MODE_GAIN_FILTER,4,250,16,640000,0.8912255409999972,0.0765257254242897,0.0577347319573164,"[2.6052405834198, -1.8979824781417847, 1.5496701002120972, -0.017541181296110153]"
72004,64,CONSTANT_GAIN_FILTER,3,250,16,640000,0.610278834000006,0.0765257254242897,0.06666955649852753,"[3.1778154373168945, -1.075495719909668, -0.0010934211313724518]"
72004,64,LINEAR_BILINEAR_RNN,5,250,16,640000,1.3321460000000016,0.08492271602153778,0.063022206351161,"[0.4755297601222992, 0.008882164023816586, 0.49596482515335083, 1.9110677242279053, 0.2108146846294403]"
72004,256,MODE_GAIN_FILTER,4,250,16,640000,0.8984977090000044,0.06989292800426483,0.060614682361483575,"[2.71234393119812, -1.8773308992385864, 1.4201319217681885, -0.002721646334975958]"
72004,256,CONSTANT_GAIN_FILTER,3,250,16,640000,0.6157563750000037,0.06989292800426483,0.07061562575399875,"[3.476616144180298, -1.1683238744735718, -0.008083207532763481]"
72004,256,LINEAR_BILINEAR_RNN,5,250,16,640000,1.2920210830000016,0.08209172636270523,0.06901174187660217,"[0.4688491225242615, 0.006388295441865921, 0.4670729339122772, 1.8766496181488037, 0.3072431683540344]"
72004,1024,MODE_GAIN_FILTER,4,250,16,640000,0.8957357080000037,0.10054253041744232,0.059031300619244574,"[2.844238042831421, -1.9224470853805542, 1.4984066486358643, -0.024954330176115036]"
72004,1024,CONSTANT_GAIN_FILTER,3,250,16,640000,0.6064965420000021,0.10054253041744232,0.06819592043757439,"[3.4125306606292725, -1.1353819370269775, -0.017087513580918312]"
72004,1024,LINEAR_BILINEAR_RNN,5,250,16,640000,1.300082500000002,0.1373085230588913,0.0648335762321949,"[0.4696751832962036, 0.022473134100437164, 0.4620329737663269, 1.7715295553207397, 0.30634498596191406]"
72005,16,MODE_GAIN_FILTER,4,250,16,640000,0.8941469580000003,0.09783981740474701,0.05659606978297234,"[2.380289316177368, -1.7561368942260742, 1.4116848707199097, -0.05474533513188362]"
72005,16,CONSTANT_GAIN_FILTER,3,250,16,640000,0.6065308330000008,0.09783981740474701,0.06346967071294785,"[4.805462837219238, -1.1285170316696167, -0.025626271963119507]"
72005,16,LINEAR_BILINEAR_RNN,5,250,16,640000,1.326516667,0.1242285966873169,0.06264081001281738,"[0.5174034237861633, 0.014972664415836334, 0.4977038502693176, 1.8773610591888428, 0.24289315938949585]"
72005,64,MODE_GAIN_FILTER,4,250,16,640000,0.8940375419999995,0.08810602128505707,0.05764499865472317,"[2.7832138538360596, -2.0077109336853027, 1.5488648414611816, -0.011413351632654667]"
72005,64,CONSTANT_GAIN_FILTER,3,250,16,640000,0.6028992920000036,0.08810602128505707,0.0668803621083498,"[3.8042209148406982, -1.1817809343338013, -0.016820821911096573]"
72005,64,LINEAR_BILINEAR_RNN,5,250,16,640000,1.3036149580000043,0.10179772228002548,0.06453251577913761,"[0.49015387892723083, 0.016382267698645592, 0.5059360861778259, 1.9482747316360474, 0.17281852662563324]"
72005,256,MODE_GAIN_FILTER,4,250,16,640000,0.8983488339999965,0.06834997981786728,0.055709881335496904,"[2.6691858768463135, -2.0260512828826904, 1.5319525003433228, 0.010346791706979275]"
72005,256,CONSTANT_GAIN_FILTER,3,250,16,640000,0.6098810419999978,0.06834997981786728,0.06299413628876209,"[3.2844552993774414, -1.117610216140747, 0.010631819255650043]"
72005,256,LINEAR_BILINEAR_RNN,5,250,16,640000,1.3015034579999991,0.06771663576364517,0.061253932490944865,"[0.4652315378189087, -0.0011712650302797556, 0.43200793862342834, 1.8212724924087524, 0.2599741816520691]"
72005,1024,MODE_GAIN_FILTER,4,250,16,640000,0.8998428750000045,0.07001052051782608,0.060017959028482434,"[2.923449993133545, -1.9441697597503662, 1.4552974700927734, 0.015918437391519547]"
72005,1024,CONSTANT_GAIN_FILTER,3,250,16,640000,0.6112520000000075,0.07001052051782608,0.0706836249679327,"[3.7398312091827393, -1.1770920753479004, 0.015487654134631157]"
72005,1024,LINEAR_BILINEAR_RNN,5,250,16,640000,1.2968255830000004,0.1063912883400917,0.0690993744879961,"[0.46307483315467834, -0.006281016860157251, 0.44916853308677673, 1.866178274154663, 0.2610003352165222]"
72006,16,MODE_GAIN_FILTER,4,250,16,640000,0.9054789169999964,0.08229422569274902,0.06376909986138343,"[2.3546500205993652, -1.6808552742004395, 1.5734366178512573, -0.057606857270002365]"
72006,16,CONSTANT_GAIN_FILTER,3,250,16,640000,0.6127959169999997,0.08229422569274902,0.07376204952597618,"[3.5744969844818115, -0.8612582683563232, -0.09137129783630371]"
72006,16,LINEAR_BILINEAR_RNN,5,250,16,640000,1.3268144999999976,0.09419476985931396,0.07283788174390793,"[0.7759464383125305, 0.06459741294384003, 0.7574998140335083, 2.338467597961426, -0.4459722638130188]"
72006,64,MODE_GAIN_FILTER,4,250,16,640000,0.898373417000002,0.06886986643075943,0.061455105617642405,"[2.5728397369384766, -1.943850040435791, 1.5746302604675293, 0.0004594657802954316]"
72006,64,CONSTANT_GAIN_FILTER,3,250,16,640000,0.6133013339999991,0.06886986643075943,0.07178187407553197,"[3.4192991256713867, -1.106598138809204, 0.009590237401425838]"
72006,64,LINEAR_BILINEAR_RNN,5,250,16,640000,1.3072645830000056,0.07475529611110687,0.06842770613729954,"[0.4792875647544861, 0.013577939942479134, 0.5205668210983276, 1.941101312637329, 0.18859131634235382]"
72006,256,MODE_GAIN_FILTER,4,250,16,640000,0.906455416,0.08505944907665253,0.05887427404522896,"[2.6035802364349365, -1.8749827146530151, 1.450147032737732, 0.00832636933773756]"
72006,256,CONSTANT_GAIN_FILTER,3,250,16,640000,0.6002490830000085,0.08505944907665253,0.06720911376178265,"[3.1433444023132324, -1.1139291524887085, 0.004168371669948101]"
72006,256,LINEAR_BILINEAR_RNN,5,250,16,640000,1.2925384589999993,0.09178034216165543,0.0642395954579115,"[0.4714045524597168, -0.007977410219609737, 0.44841310381889343, 1.866269826889038, 0.25861820578575134]"
72006,1024,MODE_GAIN_FILTER,4,250,16,640000,0.897034583000007,0.07902978360652924,0.06074055321514606,"[2.5205585956573486, -1.9414814710617065, 1.43653404712677, 0.011012307368218899]"
72006,1024,CONSTANT_GAIN_FILTER,3,250,16,640000,0.6057273330000044,0.07902978360652924,0.06800366118550301,"[3.4238319396972656, -1.1304019689559937, 0.027475718408823013]"
72006,1024,LINEAR_BILINEAR_RNN,5,250,16,640000,1.3029494999999969,0.089682936668396,0.0650970920920372,"[0.47632166743278503, -0.007641781121492386, 0.4693089425563812, 1.9700343608856201, 0.23659467697143555]"
72007,16,MODE_GAIN_FILTER,4,250,16,640000,0.902914832999997,0.09850091487169266,0.07086883075535297,"[3.2842471599578857, -1.6079920530319214, 1.1499865055084229, -0.014009948819875717]"
72007,16,CONSTANT_GAIN_FILTER,3,250,16,640000,0.6055724160000011,0.09850091487169266,0.08102339655160903,"[4.520490646362305, -1.2510225772857666, 0.007388018071651459]"
72007,16,LINEAR_BILINEAR_RNN,5,250,16,640000,1.3360248329999962,0.11556937545537949,0.08309620097279549,"[0.5087705254554749, 0.006054283585399389, 0.46384406089782715, 1.9995721578598022, 0.22649508714675903]"
72007,64,MODE_GAIN_FILTER,4,250,16,640000,0.8901372499999951,0.0804009884595871,0.05502152182161808,"[3.051039934158325, -1.9314888715744019, 1.3885051012039185, -0.010248694568872452]"
72007,64,CONSTANT_GAIN_FILTER,3,250,16,640000,0.6077893329999995,0.0804009884595871,0.06571794599294663,"[4.121306419372559, -1.2328439950942993, -0.012109626084566116]"
72007,64,LINEAR_BILINEAR_RNN,5,250,16,640000,1.3065694169999915,0.09022481739521027,0.06455166935920716,"[0.45113345980644226, 0.021830787882208824, 0.46189650893211365, 1.9213708639144897, 0.34379854798316956]"
72007,256,MODE_GAIN_FILTER,4,250,16,640000,0.9045841669999959,0.06244603917002678,0.0566792331635952,"[3.0810837745666504, -1.9101238250732422, 1.5367974042892456, -0.0047995527274906635]"
72007,256,CONSTANT_GAIN_FILTER,3,250,16,640000,0.6053634579999994,0.06244603917002678,0.067630385607481,"[3.7168309688568115, -1.1460989713668823, 0.0013191457837820053]"
72007,256,LINEAR_BILINEAR_RNN,5,250,16,640000,1.3082318750000042,0.08203218877315521,0.0657367940992117,"[0.4936603605747223, -0.007060765288770199, 0.5164568424224854, 1.970660924911499, 0.1853615790605545]"
72007,1024,MODE_GAIN_FILTER,4,250,16,640000,0.8987675830000086,0.07509191334247589,0.05703086256980896,"[2.797259569168091, -1.9752449989318848, 1.4724782705307007, -0.007083786651492119]"
72007,1024,CONSTANT_GAIN_FILTER,3,250,16,640000,0.606701041000008,0.07509191334247589,0.0642242155969143,"[3.4488399028778076, -1.1338759660720825, -0.021393492817878723]"
72007,1024,LINEAR_BILINEAR_RNN,5,250,16,640000,1.3170322919999933,0.0798019990324974,0.061548531800508496,"[0.4698755741119385, 0.0057019018568098545, 0.47341060638427734, 2.0049822330474854, 0.22888299822807312]"
72008,16,MODE_GAIN_FILTER,4,250,16,640000,0.902969000000013,0.07563762366771698,0.0485417328774929,"[3.254275321960449, -2.186763048171997, 1.5174129009246826, 0.009133710525929928]"
72008,16,CONSTANT_GAIN_FILTER,3,250,16,640000,0.6036716659999968,0.07563762366771698,0.06003817394375801,"[2.9694406986236572, -1.430389404296875, -0.02667320892214775]"
72008,16,LINEAR_BILINEAR_RNN,5,250,16,640000,1.3227814170000016,0.07423152029514313,0.05741481930017471,"[0.36444997787475586, -0.0006963827181607485, 0.43536290526390076, 1.9690040349960327, 0.3871399462223053]"
72008,64,MODE_GAIN_FILTER,4,250,16,640000,0.8948728329999938,0.10340332984924316,0.058944530040025714,"[2.819263219833374, -2.034498691558838, 1.7211982011795044, -0.010695384815335274]"
72008,64,CONSTANT_GAIN_FILTER,3,250,16,640000,0.6072905420000012,0.10340332984924316,0.07451810836791992,"[3.439589262008667, -1.0898622274398804, -0.0029949797317385674]"
72008,64,LINEAR_BILINEAR_RNN,5,250,16,640000,1.298927667000001,0.11979705095291138,0.06955113671720028,"[0.4649658203125, 0.00823831558227539, 0.5851397514343262, 1.9626072645187378, 0.20134925842285156]"
72008,256,MODE_GAIN_FILTER,4,250,16,640000,0.8937535840000095,0.07625136524438858,0.0591972105205059,"[2.867705821990967, -1.940186858177185, 1.485303282737732, -0.009895779192447662]"
72008,256,CONSTANT_GAIN_FILTER,3,250,16,640000,0.6105627499999997,0.07625136524438858,0.06984830237925052,"[3.47145938873291, -1.138372540473938, -0.016320085152983665]"
72008,256,LINEAR_BILINEAR_RNN,5,250,16,640000,1.3006559999999894,0.08395661413669586,0.06761483773589134,"[0.4888593256473541, 0.019931431859731674, 0.4719805419445038, 1.9169152975082397, 0.25589221715927124]"
72008,1024,MODE_GAIN_FILTER,4,250,16,640000,0.8942888750000009,0.08274306356906891,0.05874573327600956,"[2.8386125564575195, -2.0073602199554443, 1.5106223821640015, -0.0012289595324546099]"
72008,1024,CONSTANT_GAIN_FILTER,3,250,16,640000,0.6009304170000007,0.08274306356906891,0.06821812726557255,"[3.5427632331848145, -1.2143889665603638, -0.005254779011011124]"
72008,1024,LINEAR_BILINEAR_RNN,5,250,16,640000,1.3057322920000018,0.07995957136154175,0.06528542339801788,"[0.45122286677360535, 0.007860243320465088, 0.4787130355834961, 1.887181282043457, 0.29197821021080017]"
72009,16,MODE_GAIN_FILTER,4,250,16,640000,0.8949773329999999,0.0680798664689064,0.056838919222354886,"[1.9888267517089844, -1.9276331663131714, 1.5175442695617676, -0.013279088772833347]"
72009,16,CONSTANT_GAIN_FILTER,3,250,16,640000,0.6105271659999971,0.0680798664689064,0.06282001808285713,"[2.590132474899292, -0.9883937239646912, -0.04999660700559616]"
72009,16,LINEAR_BILINEAR_RNN,5,250,16,640000,1.3218465829999957,0.06740912050008774,0.061035024002194405,"[0.5190026164054871, 0.010069824755191803, 0.47922483086586, 2.09299635887146, 0.10184372961521149]"
72009,64,MODE_GAIN_FILTER,4,250,16,640000,0.8971025409999953,0.059583328664302826,0.05511981770396233,"[2.2915046215057373, -1.9902565479278564, 1.5457669496536255, 0.00671576801687479]"
72009,64,CONSTANT_GAIN_FILTER,3,250,16,640000,0.6108115830000003,0.059583328664302826,0.06305782981216908,"[2.728088617324829, -1.019377589225769, -0.020192405208945274]"
72009,64,LINEAR_BILINEAR_RNN,5,250,16,640000,1.3046670420000055,0.07270504534244537,0.059717123955488206,"[0.44000357389450073, -0.011677293106913567, 0.4377638101577759, 1.8038079738616943, 0.3499915897846222]"
72009,256,MODE_GAIN_FILTER,4,250,16,640000,0.8900186669999925,0.07137829065322876,0.055969616025686265,"[2.8156540393829346, -1.9147305488586426, 1.3944125175476074, -0.004670764785259962]"
72009,256,CONSTANT_GAIN_FILTER,3,250,16,640000,0.6075089590000005,0.07137829065322876,0.06404116414487362,"[3.485642433166504, -1.1110944747924805, -0.009625805541872978]"
72009,256,LINEAR_BILINEAR_RNN,5,250,16,640000,1.288737458,0.07470972836017609,0.06279765889048576,"[0.49176400899887085, 0.0023304380010813475, 0.43895506858825684, 1.902348518371582, 0.31015744805336]"
72009,1024,MODE_GAIN_FILTER,4,250,16,640000,0.9131592499999925,0.07451522350311279,0.05487738959491253,"[2.740128993988037, -1.9873695373535156, 1.4750102758407593, 0.00837865099310875]"
72009,1024,CONSTANT_GAIN_FILTER,3,250,16,640000,0.6048581670000033,0.07451522350311279,0.06223922893404961,"[3.3881499767303467, -1.1194183826446533, -0.0011587252374738455]"
72009,1024,LINEAR_BILINEAR_RNN,5,250,16,640000,1.29309795799999,0.0810040831565857,0.059141944348812106,"[0.4500356912612915, -0.0038692490197718143, 0.47132694721221924, 1.8496907949447632, 0.2626899182796478]"
72010,16,MODE_GAIN_FILTER,4,250,16,640000,0.9040672920000077,0.0832897424697876,0.07123551070690155,"[2.3385767936706543, -1.9903768301010132, 1.6308015584945679, 0.017511246725916862]"
72010,16,CONSTANT_GAIN_FILTER,3,250,16,640000,0.6109879580000097,0.0832897424697876,0.08178669810295106,"[2.6044414043426514, -1.0176669359207153, 0.028661604970693588]"
72010,16,LINEAR_BILINEAR_RNN,5,250,16,640000,1.3232064999999977,0.0851341187953949,0.07550015673041344,"[0.4438486695289612, -0.013169844634830952, 0.5039749145507812, 1.856554388999939, 0.2947266697883606]"
72010,64,MODE_GAIN_FILTER,4,250,16,640000,0.8883767500000062,0.0990707129240036,0.06702784262597561,"[2.557969570159912, -2.0869979858398438, 1.5562859773635864, 0.010606983676552773]"
72010,64,CONSTANT_GAIN_FILTER,3,250,16,640000,0.6054257500000091,0.0990707129240036,0.07767917066812516,"[3.0016818046569824, -1.2146166563034058, 0.02666308730840683]"
72010,64,LINEAR_BILINEAR_RNN,5,250,16,640000,1.3104981660000021,0.1124652773141861,0.07167445309460163,"[0.35733476281166077, -0.0011038263328373432, 0.5155524015426636, 1.8769043684005737, 0.35971322655677795]"
72010,256,MODE_GAIN_FILTER,4,250,16,640000,0.8978284999999886,0.06079375743865967,0.061593275889754294,"[2.7934913635253906, -2.020941734313965, 1.4831252098083496, -0.0009565521031618118]"
72010,256,CONSTANT_GAIN_FILTER,3,250,16,640000,0.6007942079999964,0.06079375743865967,0.06956358142197132,"[3.4437246322631836, -1.1844675540924072, 0.011178919114172459]"
72010,256,LINEAR_BILINEAR_RNN,5,250,16,640000,1.2903689589999914,0.08659132570028305,0.06729651317000389,"[0.4598776400089264, -0.0021715210750699043, 0.4590686857700348, 1.878903865814209, 0.3080434799194336]"
72010,1024,MODE_GAIN_FILTER,4,250,16,640000,0.8893434170000063,0.0806756541132927,0.05300162509083748,"[2.8548531532287598, -1.934907078742981, 1.4868459701538086, -0.0015230528078973293]"
72010,1024,CONSTANT_GAIN_FILTER,3,250,16,640000,0.6066802080000002,0.0806756541132927,0.06204223148524761,"[3.5446696281433105, -1.18870210647583, 0.006599378306418657]"
72010,1024,LINEAR_BILINEAR_RNN,5,250,16,640000,1.2979155419999984,0.08688785135746002,0.060159971565008165,"[0.4476567804813385, 0.005178782157599926, 0.4666105806827545, 1.9215103387832642, 0.29374951124191284]"
72011,16,MODE_GAIN_FILTER,4,250,16,640000,0.9026777090000024,0.06462571769952774,0.0455636952072382,"[2.847673177719116, -2.1823301315307617, 1.6161304712295532, -0.011356349103152752]"
72011,16,CONSTANT_GAIN_FILTER,3,250,16,640000,0.6154362920000125,0.06462571769952774,0.05532080568373203,"[3.7396183013916016, -1.1897541284561157, -0.01220677513629198]"
72011,16,LINEAR_BILINEAR_RNN,5,250,16,640000,1.3163598340000107,0.076395682990551,0.05157851167023182,"[0.3827784061431885, 0.006986245047301054, 0.4883602261543274, 1.7704041004180908, 0.4335295855998993]"
72011,64,MODE_GAIN_FILTER,4,250,16,640000,0.89182416700001,0.0861622765660286,0.05563015453517437,"[3.362297534942627, -1.9382262229919434, 1.5004916191101074, -0.012460853904485703]"
72011,64,CONSTANT_GAIN_FILTER,3,250,16,640000,0.6052565409999886,0.0861622765660286,0.06813656240701675,"[4.202437400817871, -1.129941701889038, -0.008678028360009193]"
72011,64,LINEAR_BILINEAR_RNN,5,250,16,640000,1.3006476250000105,0.10197094827890396,0.06604350730776787,"[0.4694661796092987, 0.015470301732420921, 0.5327497720718384, 1.9321264028549194, 0.27947989106178284]"
72011,256,MODE_GAIN_FILTER,4,250,16,640000,0.9012977499999977,0.06838970631361008,0.05486597456037998,"[2.759742021560669, -1.982385277748108, 1.3857792615890503, 0.002098169643431902]"
72011,256,CONSTANT_GAIN_FILTER,3,250,16,640000,0.6176601669999968,0.06838970631361008,0.06224801056087017,"[3.4907162189483643, -1.2131030559539795, 0.006669769994914532]"
72011,256,LINEAR_BILINEAR_RNN,5,250,16,640000,1.3081670419999796,0.08044686168432236,0.06079474799335003,"[0.40905091166496277, -0.00762847438454628, 0.456841379404068, 1.8998305797576904, 0.2839794158935547]"
72011,1024,MODE_GAIN_FILTER,4,250,16,640000,0.9021510000000035,0.05350201576948166,0.05766832455992699,"[2.873955011367798, -1.9206469058990479, 1.461844801902771, 0.011013213545084]"
72011,1024,CONSTANT_GAIN_FILTER,3,250,16,640000,0.6326249160000259,0.05350201576948166,0.0657205555588007,"[3.658357858657837, -1.1256259679794312, 0.00663873041048646]"
72011,1024,LINEAR_BILINEAR_RNN,5,250,16,640000,1.3018102499999884,0.07091246545314789,0.06453545838594436,"[0.4874708354473114, -0.00962289609014988, 0.44812774658203125, 1.8875454664230347, 0.3109920918941498]"
72012,16,MODE_GAIN_FILTER,4,250,16,640000,0.9046220000000176,0.08014293015003204,0.06876892410218716,"[2.8807244300842285, -1.92497980594635, 1.567643404006958, 0.011349181644618511]"
72012,16,CONSTANT_GAIN_FILTER,3,250,16,640000,0.6082698749999906,0.08014293015003204,0.08097599446773529,"[3.790757179260254, -1.0242732763290405, 0.037563931196928024]"
72012,16,LINEAR_BILINEAR_RNN,5,250,16,640000,1.2976920840000048,0.09152257442474365,0.07876248583197594,"[0.5507435202598572, -0.018732288852334023, 0.6785993576049805, 2.0782155990600586, -0.11287446320056915]"
72012,64,MODE_GAIN_FILTER,4,250,16,640000,0.8941499590000035,0.0912613719701767,0.06954873539507389,"[3.3017780780792236, -2.06144380569458, 1.5881010293960571, 0.015800684690475464]"
72012,64,CONSTANT_GAIN_FILTER,3,250,16,640000,0.6049955840000223,0.0912613719701767,0.0840941198170185,"[4.4503021240234375, -1.3586610555648804, 0.027366381138563156]"
72012,64,LINEAR_BILINEAR_RNN,5,250,16,640000,1.311669457999983,0.09923000633716583,0.08207603171467781,"[0.42145854234695435, -0.025221439078450203, 0.5666615962982178, 1.884963035583496, 0.2613789141178131]"
72012,256,MODE_GAIN_FILTER,4,250,16,640000,0.9032183329999839,0.0641312375664711,0.05444028601050377,"[3.0830297470092773, -1.8917781114578247, 1.4391175508499146, -0.008579080924391747]"
72012,256,CONSTANT_GAIN_FILTER,3,250,16,640000,0.6121646670000018,0.0641312375664711,0.0628530491143465,"[3.889939546585083, -1.1712713241577148, -0.007141449488699436]"
72012,256,LINEAR_BILINEAR_RNN,5,250,16,640000,1.3099698329999967,0.06863360852003098,0.061561420932412146,"[0.4821961224079132, -0.005285268649458885, 0.4833666682243347, 1.9620977640151978, 0.22666333615779877]"
72012,1024,MODE_GAIN_FILTER,4,250,16,640000,0.9027493339999921,0.08722759783267975,0.051515312492847444,"[2.86142635345459, -1.9674301147460938, 1.4868340492248535, 0.014665136113762856]"
72012,1024,CONSTANT_GAIN_FILTER,3,250,16,640000,0.6127156249999928,0.08722759783267975,0.05979925356805325,"[3.564955949783325, -1.1506295204162598, 0.01647331938147545]"
72012,1024,LINEAR_BILINEAR_RNN,5,250,16,640000,1.3338148750000016,0.0952332392334938,0.05668223239481449,"[0.4610596001148224, -0.003121069399639964, 0.47895491123199463, 1.9592970609664917, 0.2545492649078369]"
72013,16,MODE_GAIN_FILTER,4,250,16,640000,0.904022709000003,0.10688452422618866,0.05917822495102883,"[5.059169769287109, -2.592534065246582, 2.134763717651367, -0.0037134953308850527]"
72013,16,CONSTANT_GAIN_FILTER,3,250,16,640000,0.6062107500000025,0.10688452422618866,0.08836396262049676,"[4.436872959136963, -1.3821146488189697, 0.03742313012480736]"
72013,16,LINEAR_BILINEAR_RNN,5,250,16,640000,1.2964158749999797,0.11131145060062408,0.08707013614475727,"[0.4455564618110657, -0.019251199439167976, 0.5327797532081604, 1.9914494752883911, 0.20487982034683228]"
72013,64,MODE_GAIN_FILTER,4,250,16,640000,0.8929907080000135,0.07135429978370667,0.059167079627513885,"[3.07889986038208, -1.8519612550735474, 1.3203530311584473, -0.005928318947553635]"
72013,64,CONSTANT_GAIN_FILTER,3,250,16,640000,0.6078809999999919,0.07135429978370667,0.0687444381415844,"[3.729698896408081, -1.1423965692520142, 0.006554563995450735]"
72013,64,LINEAR_BILINEAR_RNN,5,250,16,640000,1.2971781249999879,0.06771868467330933,0.06817493997514248,"[0.4766310155391693, 0.010147781111299992, 0.37798580527305603, 1.860797643661499, 0.41976842284202576]"
72013,256,MODE_GAIN_FILTER,4,250,16,640000,0.9048426669999969,0.059568725526332855,0.0594558097422123,"[2.943223714828491, -2.013658285140991, 1.5057353973388672, 0.020680401474237442]"
72013,256,CONSTANT_GAIN_FILTER,3,250,16,640000,0.6082378339999934,0.059568725526332855,0.06926432810723782,"[3.3252484798431396, -1.1613115072250366, 0.0011774459853768349]"
72013,256,LINEAR_BILINEAR_RNN,5,250,16,640000,1.3115476250000029,0.06170258671045303,0.06635817550122738,"[0.47139236330986023, -0.019575074315071106, 0.4462364614009857, 1.9228626489639282, 0.249200239777565]"
72013,1024,MODE_GAIN_FILTER,4,250,16,640000,0.9016789169999981,0.10036033391952515,0.05502996109426021,"[2.8437087535858154, -1.9752880334854126, 1.5100058317184448, 0.01644935831427574]"
72013,1024,CONSTANT_GAIN_FILTER,3,250,16,640000,0.6129397089999884,0.10036033391952515,0.06329818777740001,"[3.6108858585357666, -1.136734127998352, -0.005529103800654411]"
72013,1024,LINEAR_BILINEAR_RNN,5,250,16,640000,1.336799708000001,0.10285942256450653,0.060082831606268886,"[0.45950764417648315, -0.007316603325307369, 0.49335935711860657, 1.957221269607544, 0.28000351786613464]"
72014,16,MODE_GAIN_FILTER,4,250,16,640000,0.9083692079999821,0.0655243843793869,0.05579176917672157,"[3.069305896759033, -1.7560383081436157, 1.488390326499939, -0.014278211630880833]"
72014,16,CONSTANT_GAIN_FILTER,3,250,16,640000,0.6104567909999901,0.0655243843793869,0.06794194914400578,"[4.762173652648926, -0.9867794513702393, -0.016557050868868828]"
72014,16,LINEAR_BILINEAR_RNN,5,250,16,640000,1.3158555420000084,0.09494677931070328,0.06632749326527118,"[0.5926299095153809, 0.0277677234262228, 0.6963241696357727, 2.122880220413208, -0.10205578804016113]"
72014,64,MODE_GAIN_FILTER,4,250,16,640000,0.9048623749999933,0.07501392811536789,0.05132104754447937,"[2.676422595977783, -1.8912793397903442, 1.366247296333313, 0.0010350554948672652]"
72014,64,CONSTANT_GAIN_FILTER,3,250,16,640000,0.6141217500000096,0.07501392811536789,0.05875736586749554,"[3.407196044921875, -1.105013370513916, 0.0016388571821153164]"
72014,64,LINEAR_BILINEAR_RNN,5,250,16,640000,1.3079425000000242,0.08974172174930573,0.05695500373840332,"[0.46347254514694214, -0.006611377000808716, 0.4508037269115448, 1.938603401184082, 0.26958373188972473]"
72014,256,MODE_GAIN_FILTER,4,250,16,640000,0.8984861250000051,0.06424681842327118,0.057810043916106224,"[2.74405574798584, -1.892887830734253, 1.340008020401001, -0.00418106559664011]"
72014,256,CONSTANT_GAIN_FILTER,3,250,16,640000,0.6087756670000033,0.06424681842327118,0.06548291370272637,"[3.5057876110076904, -1.1357508897781372, 0.013594841584563255]"
72014,256,LINEAR_BILINEAR_RNN,5,250,16,640000,1.294632374999992,0.0779837816953659,0.06372308619320392,"[0.47507330775260925, 0.0011603934690356255, 0.43080154061317444, 1.8491086959838867, 0.3294873535633087]"
72014,1024,MODE_GAIN_FILTER,4,250,16,640000,0.8985656659999961,0.07171563059091568,0.052575094252824785,"[2.559030532836914, -1.9377273321151733, 1.4583109617233276, -0.001245148479938507]"
72014,1024,CONSTANT_GAIN_FILTER,3,250,16,640000,0.6109919999999818,0.07171563059091568,0.06127152517437935,"[3.493257522583008, -1.137039065361023, -0.009741046465933323]"
72014,1024,LINEAR_BILINEAR_RNN,5,250,16,640000,1.3363422080000191,0.08088050782680511,0.05699200443923473,"[0.45286092162132263, -0.002009006217122078, 0.4862169921398163, 1.8963186740875244, 0.27680593729019165]"
72015,16,MODE_GAIN_FILTER,4,250,16,640000,0.8978577919999964,0.04302826151251793,0.0369811387732625,"[2.025400161743164, -2.1444785594940186, 1.534844994544983, -0.01035972498357296]"
72015,16,CONSTANT_GAIN_FILTER,3,250,16,640000,0.609897167000014,0.04302826151251793,0.0424080865457654,"[1.8942493200302124, -1.1483882665634155, -0.018211092799901962]"
72015,16,LINEAR_BILINEAR_RNN,5,250,16,640000,1.3024735420000013,0.03462900593876839,0.03908287733793259,"[0.38922858238220215, -0.01603514514863491, 0.3996654748916626, 1.8309457302093506, 0.4350886642932892]"
72015,64,MODE_GAIN_FILTER,4,250,16,640000,0.8900460419999945,0.08512682467699051,0.05333837755024433,"[2.459322452545166, -2.138383626937866, 1.7404356002807617, 0.0083001172170043]"
72015,64,CONSTANT_GAIN_FILTER,3,250,16,640000,0.6153591670000083,0.08512682467699051,0.06336280256509781,"[2.522376775741577, -1.0901973247528076, 0.044784169644117355]"
72015,64,LINEAR_BILINEAR_RNN,5,250,16,640000,1.3017037909999942,0.09351174533367157,0.05943614840507507,"[0.45752158761024475, -0.01319137029349804, 0.5012956261634827, 1.8969467878341675, 0.21540164947509766]"
72015,256,MODE_GAIN_FILTER,4,250,16,640000,0.9022553340000172,0.0819961428642273,0.05229386612772942,"[2.3710005283355713, -1.9084453582763672, 1.5126838684082031, -0.028679518029093742]"
72015,256,CONSTANT_GAIN_FILTER,3,250,16,640000,0.6032403750000128,0.0819961428642273,0.05959348902106285,"[3.265199661254883, -1.0844757556915283, -0.02925008349120617]"
72015,256,LINEAR_BILINEAR_RNN,5,250,16,640000,1.2996606250000013,0.09313905984163284,0.05662713199853897,"[0.4878329932689667, 0.009828568436205387, 0.4793027639389038, 1.910028338432312, 0.21510988473892212]"
72015,1024,MODE_GAIN_FILTER,4,250,16,640000,0.9004515830000059,0.05913006141781807,0.060703490301966666,"[2.7119932174682617, -1.9822403192520142, 1.4938067197799683, -0.0006336865480989218]"
72015,1024,CONSTANT_GAIN_FILTER,3,250,16,640000,0.6121403339999745,0.05913006141781807,0.07165728844702243,"[3.3623757362365723, -1.173827886581421, -8.368724957108498e-05]"
72015,1024,LINEAR_BILINEAR_RNN,5,250,16,640000,1.3310371249999946,0.059478044509887695,0.0673813872039318,"[0.44190919399261475, 0.0012608751421794295, 0.48653021454811096, 1.8178143501281738, 0.23586876690387726]"
72016,16,MODE_GAIN_FILTER,4,250,16,640000,0.9049589169999877,0.0774005800485611,0.08423235341906547,"[4.9457197189331055, -1.4978001117706299, 1.0591574907302856, -0.005401646718382835]"
72016,16,CONSTANT_GAIN_FILTER,3,250,16,640000,0.6114075000000128,0.0774005800485611,0.08994620814919471,"[5.65999174118042, -1.32696533203125, -0.005646903999149799]"
72016,16,LINEAR_BILINEAR_RNN,5,250,16,640000,1.3054494999999804,0.08991121500730515,0.09463483840227127,"[0.5710290670394897, 0.0035351552069187164, 0.33528491854667664, 1.9443005323410034, 0.3947221338748932]"
72016,64,MODE_GAIN_FILTER,4,250,16,640000,0.8900655000000199,0.0880405455827713,0.06383688002824783,"[2.8015780448913574, -1.9424315690994263, 1.535659670829773, 0.0008855354390107095]"
72016,64,CONSTANT_GAIN_FILTER,3,250,16,640000,0.608345374999999,0.0880405455827713,0.07629763856530189,"[3.8880531787872314, -1.2645970582962036, 0.012988043949007988]"
72016,64,LINEAR_BILINEAR_RNN,5,250,16,640000,1.2982619580000119,0.08937697112560272,0.07455129064619541,"[0.4590609073638916, -0.006795880850404501, 0.4960167407989502, 2.0153067111968994, 0.27266964316368103]"
72016,256,MODE_GAIN_FILTER,4,250,16,640000,0.8946667920000095,0.04822015017271042,0.05768134295940399,"[2.6002159118652344, -2.0136191844940186, 1.4957233667373657, -0.0024288403801620007]"
72016,256,CONSTANT_GAIN_FILTER,3,250,16,640000,0.6109847090000073,0.04822015017271042,0.06643754281103612,"[3.5651700496673584, -1.2146449089050293, 0.005778451915830374]"
72016,256,LINEAR_BILINEAR_RNN,5,250,16,640000,1.3052070000000242,0.04854705184698105,0.062134518101811406,"[0.4242631196975708, 0.0005404059775173664, 0.4743283987045288, 1.9372013807296753, 0.29619672894477844]"
72016,1024,MODE_GAIN_FILTER,4,250,16,640000,0.902638708000012,0.06513641029596329,0.054003769904375075,"[2.9518320560455322, -2.025358200073242, 1.515238642692566, -0.01631058007478714]"
72016,1024,CONSTANT_GAIN_FILTER,3,250,16,640000,0.6052860419999888,0.06513641029596329,0.06394839845597744,"[3.7074756622314453, -1.2126963138580322, -0.015569432638585567]"
72016,1024,LINEAR_BILINEAR_RNN,5,250,16,640000,1.3258296660000042,0.07444596290588379,0.061618350073695184,"[0.4522499144077301, 0.008212164044380188, 0.472027063369751, 1.9006952047348022, 0.3028026223182678]"
72017,16,MODE_GAIN_FILTER,4,250,16,640000,0.8944295000000011,0.06300245225429535,0.05624549053609371,"[3.4019534587860107, -2.349597692489624, 1.8239405155181885, -0.0028195036575198174]"
72017,16,CONSTANT_GAIN_FILTER,3,250,16,640000,0.6032441250000034,0.06300245225429535,0.06611791998147964,"[2.979785203933716, -1.3410083055496216, 0.014313139021396637]"
72017,16,LINEAR_BILINEAR_RNN,5,250,16,640000,1.2907042909999973,0.06462787091732025,0.062105128169059755,"[0.3386201560497284, -0.002364663640037179, 0.4663375914096832, 1.9098962545394897, 0.48074156045913696]"
72017,64,MODE_GAIN_FILTER,4,250,16,640000,0.8977221250000014,0.06226114556193352,0.06026434600353241,"[2.5037033557891846, -2.008833408355713, 1.629140853881836, -0.0005330848507583141]"
72017,64,CONSTANT_GAIN_FILTER,3,250,16,640000,0.6015831660000117,0.06226114556193352,0.06970708407461643,"[3.229572296142578, -1.0868052244186401, -0.010459620505571365]"
72017,64,LINEAR_BILINEAR_RNN,5,250,16,640000,1.311186958999997,0.07098931819200516,0.06607571505010128,"[0.44851964712142944, -0.006232626736164093, 0.49910852313041687, 1.8810007572174072, 0.2569218575954437]"
72017,256,MODE_GAIN_FILTER,4,250,16,640000,0.9089729590000104,0.1063147783279419,0.061983804777264596,"[2.827462911605835, -1.9573736190795898, 1.5663070678710938, -0.014512134715914726]"
72017,256,CONSTANT_GAIN_FILTER,3,250,16,640000,0.6068558749999795,0.1063147783279419,0.07304379604756832,"[3.213805913925171, -1.1156914234161377, -0.01328124850988388]"
72017,256,LINEAR_BILINEAR_RNN,5,250,16,640000,1.3164871669999911,0.1198650375008583,0.07005187347531319,"[0.46385639905929565, 0.003528001718223095, 0.5013198256492615, 1.8653168678283691, 0.25629791617393494]"
72017,1024,MODE_GAIN_FILTER,4,250,16,640000,0.8911475410000094,0.05489131808280945,0.05787924937903881,"[2.967738628387451, -1.922113299369812, 1.43988835811615, -0.004358278121799231]"
72017,1024,CONSTANT_GAIN_FILTER,3,250,16,640000,0.6092251659999874,0.05489131808280945,0.066753913089633,"[3.555699110031128, -1.2052241563796997, 0.0012948284856975079]"
72017,1024,LINEAR_BILINEAR_RNN,5,250,16,640000,1.3539332910000041,0.06536281108856201,0.06414961628615856,"[0.4536804258823395, 0.002868229290470481, 0.4743076264858246, 1.9191511869430542, 0.3150636553764343]"
72018,16,MODE_GAIN_FILTER,4,250,16,640000,0.9015995830000065,0.059609197080135345,0.037042082473635676,"[2.825176239013672, -1.9156335592269897, 0.9471815824508667, 0.044664885848760605]"
72018,16,CONSTANT_GAIN_FILTER,3,250,16,640000,0.6093099580000114,0.059609197080135345,0.041562992706894876,"[3.3391194343566895, -1.467674970626831, 0.04908153414726257]"
72018,16,LINEAR_BILINEAR_RNN,5,250,16,640000,1.313818083000001,0.05663132667541504,0.04414626024663448,"[0.4201226234436035, -0.013979741372168064, 0.3156437873840332, 1.899234414100647, 0.479841947555542]"
72018,64,MODE_GAIN_FILTER,4,250,16,640000,0.8887423749999925,0.0778050497174263,0.061580175533890724,"[3.1781485080718994, -1.978354811668396, 1.4349561929702759, 0.010426793247461319]"
72018,64,CONSTANT_GAIN_FILTER,3,250,16,640000,0.618956666999992,0.0778050497174263,0.07131136171519756,"[3.5140469074249268, -1.2241525650024414, 0.018442552536725998]"
72018,64,LINEAR_BILINEAR_RNN,5,250,16,640000,1.3028654580000136,0.08062201738357544,0.07095240578055381,"[0.4853189289569855, -0.02318471670150757, 0.4047390818595886, 1.796506643295288, 0.35454463958740234]"
72018,256,MODE_GAIN_FILTER,4,250,16,640000,0.8984253330000058,0.06472785025835037,0.05718371607363224,"[2.9318747520446777, -1.904065728187561, 1.4565563201904297, -0.014479519799351692]"
72018,256,CONSTANT_GAIN_FILTER,3,250,16,640000,0.6129251249999754,0.06472785025835037,0.06679459065198898,"[3.606645107269287, -1.1423768997192383, -0.017285626381635666]"
72018,256,LINEAR_BILINEAR_RNN,5,250,16,640000,1.2960700839999788,0.07773524522781372,0.06602403521537781,"[0.4800034165382385, 0.011663769371807575, 0.4543668329715729, 1.8695911169052124, 0.32786625623703003]"
72018,1024,MODE_GAIN_FILTER,4,250,16,640000,0.8940869169999814,0.05873628705739975,0.06273658350110053,"[2.7345008850097656, -1.9597573280334473, 1.4716410636901855, -0.010971102863550186]"
72018,1024,CONSTANT_GAIN_FILTER,3,250,16,640000,0.6040668750000009,0.05873628705739975,0.07308158203959465,"[3.506871223449707, -1.191195011138916, -0.021672170609235764]"
72018,1024,LINEAR_BILINEAR_RNN,5,250,16,640000,1.3266616659999784,0.07506411522626877,0.07005559206008911,"[0.4481731951236725, 0.02269495278596878, 0.4651508629322052, 1.7806825637817383, 0.27308353781700134]"
72019,16,MODE_GAIN_FILTER,4,250,16,640000,0.9061144579999905,0.05304389074444771,0.054603901132941245,"[3.3636057376861572, -1.7072410583496094, 1.488749384880066, 0.007821261882781982]"
72019,16,CONSTANT_GAIN_FILTER,3,250,16,640000,0.6135635830000012,0.05304389074444771,0.0616734828799963,"[2.761112689971924, -0.8057231903076172, -0.014413535594940186]"
72019,16,LINEAR_BILINEAR_RNN,5,250,16,640000,1.3033032920000096,0.059618689119815826,0.06036073975265026,"[0.6256954669952393, -0.017535695806145668, 0.44028064608573914, 1.6819039583206177, 0.24326685070991516]"
72019,64,MODE_GAIN_FILTER,4,250,16,640000,0.9047948330000111,0.06761758029460907,0.05207453742623329,"[2.8491568565368652, -1.8814254999160767, 1.4392828941345215, 0.010313773527741432]"
72019,64,CONSTANT_GAIN_FILTER,3,250,16,640000,0.6041305419999787,0.06761758029460907,0.05986176393926144,"[3.3962857723236084, -1.1166975498199463, 0.005534499883651733]"
72019,64,LINEAR_BILINEAR_RNN,5,250,16,640000,1.3057529999999815,0.08425243943929672,0.05698174834251404,"[0.4715208113193512, -0.013402406126260757, 0.44034942984580994, 1.8071564435958862, 0.34026405215263367]"
72019,256,MODE_GAIN_FILTER,4,250,16,640000,0.8981151250000039,0.06267099827528,0.05222932696342468,"[2.9364657402038574, -1.9457159042358398, 1.45614755153656, 0.0037375078536570072]"
72019,256,CONSTANT_GAIN_FILTER,3,250,16,640000,0.6069525419999877,0.06267099827528,0.06057803221046924,"[3.672701120376587, -1.1639063358306885, -0.018068408593535423]"
72019,256,LINEAR_BILINEAR_RNN,5,250,16,640000,1.3003852079999945,0.07780307531356812,0.05781462825834751,"[0.5012370944023132, 0.006349424831569195, 0.4646535813808441, 1.9492632150650024, 0.2824566066265106]"
72019,1024,MODE_GAIN_FILTER,4,250,16,640000,0.8972691669999904,0.062181323766708374,0.05501820705831051,"[2.9498519897460938, -1.95669424533844, 1.5568486452102661, 0.005882028490304947]"
72019,1024,CONSTANT_GAIN_FILTER,3,250,16,640000,0.6123422499999833,0.062181323766708374,0.06566268503665924,"[3.473210573196411, -1.0945818424224854, 0.008570011705160141]"
72019,1024,LINEAR_BILINEAR_RNN,5,250,16,640000,1.339145416000008,0.07954205572605133,0.06280875541269779,"[0.48474112153053284, 0.006343252025544643, 0.48981228470802307, 1.903165578842163, 0.25138720870018005]"
