mapping,arm,n_task_seeds,mean_seed_mae_s,bootstrap95_low_s,bootstrap95_high_s,min_seed_mae_s,max_seed_mae_s
ALIGNED,BIO_CF_LTD,12,0.12523810512102143,0.12355055842927547,0.1271780711164422,0.12120299201468569,0.1333713572005053
ALIGNED,BIO_NO_TRACE,12,0.10969529673902521,0.10642823312548785,0.11276922067068444,0.0987752113355346,0.11703730261927818
ALIGNED,BIO_CF_TIME_SHUFFLED,12,0.1252418780722815,0.12356175916943728,0.1271770069537383,0.12130049112448085,0.1333713572005053
ALIGNED,BIO_CELL_SHUFFLED,12,0.8761612732506737,0.6725873308629743,1.0672489535430811,0.16774750090160762,1.33090518474123
ALIGNED,GENERIC_RBF_CF_LTD,12,0.1029645224367564,0.10116850920235973,0.1050525403758855,0.09808685482539505,0.11180725106617129
ALIGNED,SHUFFLED_BIO_CF_LTD,12,0.15883400983502674,0.15358182352712577,0.16377997593797208,0.14039260297950182,0.17464171639932344
ALIGNED,UNIFORM_POOL,12,0.7213890682670453,0.7121948537427891,0.7308718593595183,0.6943075032168952,0.7478251847412303
ALIGNED,EMPIRICAL_TIMER,12,0.07526962479804049,0.07450955380819016,0.0760452111864111,0.0736307995862572,0.07746076092585603
REVERSED,BIO_CF_LTD,12,0.12537088092985701,0.12373581254696575,0.12725075957521684,0.12191654297568309,0.13287464193707257
REVERSED,BIO_NO_TRACE,12,0.10868484095683088,0.1059828285897667,0.1111928948946578,0.0999561031541655,0.11450595732492727
REVERSED,BIO_CF_TIME_SHUFFLED,12,0.12536016989912732,0.12374666768121066,0.12721966204892088,0.12197654297568308,0.13287464193707257
REVERSED,BIO_CELL_SHUFFLED,12,0.8743320816523883,0.6845610324970286,1.0621740073434114,0.3032225014074186,1.3547508527014542
REVERSED,GENERIC_RBF_CF_LTD,12,0.10366188093307481,0.10197986098449911,0.10553993843022487,0.10070705967205376,0.11000142435452874
REVERSED,SHUFFLED_BIO_CF_LTD,12,0.158063040188534,0.15309932340906182,0.1628445014907255,0.14386630175500006,0.17046820933968332
REVERSED,UNIFORM_POOL,12,0.7151790428873617,0.7082348618208522,0.7224643807161625,0.6938251847412302,0.7411075032168951
REVERSED,EMPIRICAL_TIMER,12,0.07521451681080324,0.07443719968357697,0.07599303438741063,0.07323897625228638,0.07736262211322328
