task_seed,mapping,cue,n_training_episodes,n_test_episodes,n_training_CF_events,source_window_frames,weight_l1,weight_l2
6100,ALIGNED,0,867,240,867,"-5,-4,-3,-2,-1",0.0077323348309293535,0.0011021036659987103
6100,ALIGNED,1,933,260,933,"-5,-4,-3,-2,-1",0.008016227687876253,0.0011540221308372106
6100,REVERSED,0,903,240,903,"-5,-4,-3,-2,-1",0.008007370703856546,0.0011536059181526336
6100,REVERSED,1,897,260,897,"-5,-4,-3,-2,-1",0.007746382694676385,0.0011032556788848561
6101,ALIGNED,0,889,263,889,"-5,-4,-3,-2,-1",0.007712722826046781,0.0011008782350703519
6101,ALIGNED,1,911,237,911,"-5,-4,-3,-2,-1",0.007998410496319257,0.0011525163487166093
6101,REVERSED,0,895,263,895,"-5,-4,-3,-2,-1",0.007996283417698433,0.0011529053199796366
6101,REVERSED,1,905,237,905,"-5,-4,-3,-2,-1",0.007731721184916487,0.0011021577317228283
6102,ALIGNED,0,921,247,921,"-5,-4,-3,-2,-1",0.007760649788017838,0.0011047527471417184
6102,ALIGNED,1,879,253,879,"-5,-4,-3,-2,-1",0.007994272500740546,0.0011526131373985424
6102,REVERSED,0,908,247,908,"-5,-4,-3,-2,-1",0.007978859745444346,0.0011508084122489166
6102,REVERSED,1,892,253,892,"-5,-4,-3,-2,-1",0.007755715426700413,0.0011044568860498068
6103,ALIGNED,0,907,244,907,"-5,-4,-3,-2,-1",0.007737603377043156,0.0011025078397577117
6103,ALIGNED,1,893,256,893,"-5,-4,-3,-2,-1",0.007992239057798792,0.0011516770410930856
6103,REVERSED,0,913,244,913,"-5,-4,-3,-2,-1",0.007975539535214978,0.0011501289515774725
6103,REVERSED,1,887,256,887,"-5,-4,-3,-2,-1",0.0077017859144526005,0.0010998647025774395
6104,ALIGNED,0,967,255,967,"-5,-4,-3,-2,-1",0.007749096267916981,0.0011035991719002434
6104,ALIGNED,1,833,245,833,"-5,-4,-3,-2,-1",0.007985711956139197,0.001151368244594347
6104,REVERSED,0,899,255,899,"-5,-4,-3,-2,-1",0.007984959143620959,0.0011517184852443847
6104,REVERSED,1,901,245,901,"-5,-4,-3,-2,-1",0.007724383613207746,0.0011016940046462095
6105,ALIGNED,0,880,249,880,"-5,-4,-3,-2,-1",0.007707623383320017,0.0011002040710195284
6105,ALIGNED,1,920,251,920,"-5,-4,-3,-2,-1",0.007995782355707219,0.0011522943796042908
6105,REVERSED,0,876,249,876,"-5,-4,-3,-2,-1",0.007977758968651025,0.001150395583168192
6105,REVERSED,1,924,251,924,"-5,-4,-3,-2,-1",0.007761587661354432,0.0011041876506126275
6106,ALIGNED,0,908,252,908,"-5,-4,-3,-2,-1",0.00775933869399797,0.0011041581162228213
6106,ALIGNED,1,892,248,892,"-5,-4,-3,-2,-1",0.007978887289140906,0.0011501504448338284
6106,REVERSED,0,876,252,876,"-5,-4,-3,-2,-1",0.00797823252886324,0.0011509108498700853
6106,REVERSED,1,924,248,924,"-5,-4,-3,-2,-1",0.0077213757433392295,0.0011011043047709174
6107,ALIGNED,0,879,243,879,"-5,-4,-3,-2,-1",0.007740120153062061,0.0011028663215829797
6107,ALIGNED,1,921,257,921,"-5,-4,-3,-2,-1",0.007992210141423178,0.0011516800249616026
6107,REVERSED,0,910,243,910,"-5,-4,-3,-2,-1",0.007985937650013302,0.001151341534869615
6107,REVERSED,1,890,257,890,"-5,-4,-3,-2,-1",0.007726319235910953,0.0011014914297549174
6108,ALIGNED,0,920,240,920,"-5,-4,-3,-2,-1",0.007705864560622288,0.0010999028825248616
6108,ALIGNED,1,880,260,880,"-5,-4,-3,-2,-1",0.007992562433383683,0.0011521381288842605
6108,REVERSED,0,896,240,896,"-5,-4,-3,-2,-1",0.007989531125170401,0.001152679874089262
6108,REVERSED,1,904,260,904,"-5,-4,-3,-2,-1",0.007713139203446151,0.0011005769948018948
6109,ALIGNED,0,870,258,870,"-5,-4,-3,-2,-1",0.00772993273053754,0.0011020017426655565
6109,ALIGNED,1,930,242,930,"-5,-4,-3,-2,-1",0.007989528965644619,0.0011514442679761655
6109,REVERSED,0,914,258,914,"-5,-4,-3,-2,-1",0.007987142576047379,0.0011516810849321213
6109,REVERSED,1,886,242,886,"-5,-4,-3,-2,-1",0.007734242202441309,0.0011023916441280732
6110,ALIGNED,0,883,235,883,"-5,-4,-3,-2,-1",0.007725562858499583,0.0011016612665322948
6110,ALIGNED,1,917,265,917,"-5,-4,-3,-2,-1",0.007983142295977765,0.0011517258920079381
6110,REVERSED,0,904,235,904,"-5,-4,-3,-2,-1",0.007996734440919237,0.0011530916896957857
6110,REVERSED,1,896,265,896,"-5,-4,-3,-2,-1",0.007760669593091405,0.0011040326057860784
6111,ALIGNED,0,933,253,933,"-5,-4,-3,-2,-1",0.007760340691613744,0.0011047043386226004
6111,ALIGNED,1,867,247,867,"-5,-4,-3,-2,-1",0.007987322029924249,0.0011514800882490611
6111,REVERSED,0,893,253,893,"-5,-4,-3,-2,-1",0.007982372303289261,0.00115066911982816
6111,REVERSED,1,907,247,907,"-5,-4,-3,-2,-1",0.007763854816160874,0.0011048385056278303
