training_seed,arm,parameter_count,updates,batch_size,sequence_steps_per_fit,training_seconds,initial_loss,final_10_update_loss,parameters_json
410000,SENSORY_SITE_FEEDBACK,3,100,16,384000,1.7504727090000003,0.33274731040000916,0.24874213933944703,"[2.5397417545318604, 1.0762156248092651, -0.27165496349334717]"
410000,OUTPUT_SITE_PERSISTENCE,3,100,16,384000,1.7143909169999998,0.29758933186531067,0.25205201655626297,"[2.021268844604492, 1.1911821365356445, 0.050990503281354904]"
410000,NO_FEEDBACK,3,100,16,384000,1.6322731670000001,0.29217520356178284,0.26879837960004804,"[1.9628345966339111, 1.1715022325515747, -0.08717284351587296]"
410000,GENERIC_RNN_1H,3,100,16,384000,1.487971708,0.5539136528968811,0.31244090497493743,"[0.9973093271255493, 0.8770477771759033, 0.42335858941078186]"
410001,SENSORY_SITE_FEEDBACK,3,100,16,384000,1.737413334000001,0.3047035336494446,0.2598094344139099,"[2.34971284866333, 1.0710713863372803, -0.30406489968299866]"
410001,OUTPUT_SITE_PERSISTENCE,3,100,16,384000,1.7486079159999992,0.27227523922920227,0.2232368841767311,"[1.9763249158859253, 1.17671799659729, 0.007331166882067919]"
410001,NO_FEEDBACK,3,100,16,384000,1.642918208000001,0.22766371071338654,0.2476734548807144,"[1.9317607879638672, 1.162204623222351, -0.13281244039535522]"
410001,GENERIC_RNN_1H,3,100,16,384000,1.4926824169999993,0.5356244444847107,0.2933994308114052,"[1.0017236471176147, 0.8831203579902649, 0.42810505628585815]"
410002,SENSORY_SITE_FEEDBACK,3,100,16,384000,1.7055879590000025,0.2722088098526001,0.28135221153497697,"[2.3558919429779053, 1.1054651737213135, -0.2663270831108093]"
410002,OUTPUT_SITE_PERSISTENCE,3,100,16,384000,1.736519083000001,0.355062872171402,0.28135537952184675,"[1.8780415058135986, 1.2208765745162964, 0.19347761571407318]"
410002,NO_FEEDBACK,3,100,16,384000,1.6362711670000003,0.2325185090303421,0.2999240070581436,"[1.8975821733474731, 1.2031689882278442, -0.18284904956817627]"
410002,GENERIC_RNN_1H,3,100,16,384000,1.4876039590000012,0.5394564270973206,0.35036074221134184,"[1.0207302570343018, 0.9029359221458435, 0.4504883289337158]"
410003,SENSORY_SITE_FEEDBACK,3,100,16,384000,1.7086340839999998,0.24787235260009766,0.25584772378206255,"[2.5490219593048096, 1.047330617904663, -0.30467885732650757]"
410003,OUTPUT_SITE_PERSISTENCE,3,100,16,384000,1.741092334000001,0.2643760144710541,0.25243625342845916,"[1.9627447128295898, 1.2056970596313477, -0.12785106897354126]"
410003,NO_FEEDBACK,3,100,16,384000,1.6311217079999984,0.2590719759464264,0.2623123064637184,"[1.96463942527771, 1.179184079170227, -0.0496927872300148]"
410003,GENERIC_RNN_1H,3,100,16,384000,1.4792974580000013,0.42538848519325256,0.3188152492046356,"[1.005066990852356, 0.8836468458175659, 0.42981666326522827]"
410004,SENSORY_SITE_FEEDBACK,3,100,16,384000,1.712446,0.2749152183532715,0.26760039776563643,"[2.409058094024658, 1.0873634815216064, -0.2916468679904938]"
410004,OUTPUT_SITE_PERSISTENCE,3,100,16,384000,1.744992916000001,0.3317188322544098,0.2619322642683983,"[1.9296739101409912, 1.2075611352920532, -0.024922752752900124]"
410004,NO_FEEDBACK,3,100,16,384000,1.649417917000001,0.2742618918418884,0.25360931158065797,"[2.059770107269287, 1.1404982805252075, 0.14127866923809052]"
410004,GENERIC_RNN_1H,3,100,16,384000,1.4941644999999966,0.47841089963912964,0.3104473382234573,"[0.9974691867828369, 0.8867377638816833, 0.4227437674999237]"
410005,SENSORY_SITE_FEEDBACK,3,100,16,384000,1.706119000000001,0.280578076839447,0.28120718002319334,"[2.4672584533691406, 1.1175209283828735, -0.30079707503318787]"
410005,OUTPUT_SITE_PERSISTENCE,3,100,16,384000,1.7439909579999977,0.34578508138656616,0.27747890055179597,"[1.9014846086502075, 1.2004331350326538, -0.0064299157820641994]"
410005,NO_FEEDBACK,3,100,16,384000,1.6455581250000009,0.34575092792510986,0.28269456028938295,"[1.890225887298584, 1.210079550743103, 0.14591239392757416]"
410005,GENERIC_RNN_1H,3,100,16,384000,1.4903225420000012,0.5079696178436279,0.3194753468036652,"[1.0162243843078613, 0.8977852463722229, 0.44838404655456543]"
410006,SENSORY_SITE_FEEDBACK,3,100,16,384000,1.724805332999999,0.2963201701641083,0.26557633727788926,"[2.397663116455078, 1.0979840755462646, -0.27072444558143616]"
410006,OUTPUT_SITE_PERSISTENCE,3,100,16,384000,1.7425231670000016,0.38851267099380493,0.24385455548763274,"[2.0227506160736084, 1.2061259746551514, -0.04883870482444763]"
410006,NO_FEEDBACK,3,100,16,384000,1.6316870410000064,0.24681425094604492,0.27081896364688873,"[1.9483177661895752, 1.2120147943496704, 0.1591280996799469]"
410006,GENERIC_RNN_1H,3,100,16,384000,1.482243749999995,0.5313975214958191,0.31453683227300644,"[0.9980419874191284, 0.8919694423675537, 0.4179830849170685]"
410007,SENSORY_SITE_FEEDBACK,3,100,16,384000,1.7104527499999946,0.30253151059150696,0.25983505249023436,"[2.331268310546875, 1.1032488346099854, -0.2992947995662689]"
410007,OUTPUT_SITE_PERSISTENCE,3,100,16,384000,1.7484762079999996,0.2818557918071747,0.28285749405622485,"[1.9194483757019043, 1.1927119493484497, 0.16044899821281433]"
410007,NO_FEEDBACK,3,100,16,384000,1.6276907919999957,0.26901453733444214,0.2914487957954407,"[1.9733002185821533, 1.1713390350341797, 0.13340160250663757]"
410007,GENERIC_RNN_1H,3,100,16,384000,1.4802988750000026,0.6403475403785706,0.2829857409000397,"[0.9904441237449646, 0.8756498694419861, 0.4158605635166168]"
410008,SENSORY_SITE_FEEDBACK,3,100,16,384000,1.721005333000008,0.3086076080799103,0.25852689892053604,"[2.421490430831909, 1.091069221496582, -0.3764026463031769]"
410008,OUTPUT_SITE_PERSISTENCE,3,100,16,384000,1.7527009170000127,0.3627336621284485,0.2616957128047943,"[1.982075810432434, 1.1746774911880493, -0.19391122460365295]"
410008,NO_FEEDBACK,3,100,16,384000,1.6499687499999993,0.3449508249759674,0.2543794184923172,"[1.9526023864746094, 1.200365424156189, 0.025634147226810455]"
410008,GENERIC_RNN_1H,3,100,16,384000,1.4702224170000022,0.526043176651001,0.3091064110398293,"[0.9956291317939758, 0.8891640901565552, 0.41635143756866455]"
410009,SENSORY_SITE_FEEDBACK,3,100,16,384000,1.7012569580000019,0.2343253195285797,0.2642016768455505,"[2.423368453979492, 1.0921809673309326, -0.33556389808654785]"
410009,OUTPUT_SITE_PERSISTENCE,3,100,16,384000,1.7388483749999892,0.22690440714359283,0.2583874985575676,"[2.0158231258392334, 1.167847990989685, -0.11244367808103561]"
410009,NO_FEEDBACK,3,100,16,384000,1.637569040999992,0.3128141462802887,0.27019508332014086,"[2.0000624656677246, 1.1723881959915161, 0.0015605834778398275]"
410009,GENERIC_RNN_1H,3,100,16,384000,1.4874175829999956,0.5024289488792419,0.300057053565979,"[0.9982210993766785, 0.8776580095291138, 0.42091742157936096]"
410010,SENSORY_SITE_FEEDBACK,3,100,16,384000,1.7080535829999945,0.32561439275741577,0.27738170623779296,"[2.3345634937286377, 1.093362808227539, -0.2929263114929199]"
410010,OUTPUT_SITE_PERSISTENCE,3,100,16,384000,1.7441383750000057,0.3192485272884369,0.2722323194146156,"[1.8733030557632446, 1.2418848276138306, -0.012740785256028175]"
410010,NO_FEEDBACK,3,100,16,384000,1.6324744159999938,0.3032301664352417,0.29488571286201476,"[1.8934154510498047, 1.185842752456665, -0.05276559293270111]"
410010,GENERIC_RNN_1H,3,100,16,384000,1.480642374999988,0.6097577214241028,0.2950016364455223,"[1.004150390625, 0.8920915126800537, 0.43219342827796936]"
410011,SENSORY_SITE_FEEDBACK,3,100,16,384000,1.7174197499999906,0.27921321988105774,0.2629093021154404,"[2.2775983810424805, 1.102810025215149, -0.3408239781856537]"
410011,OUTPUT_SITE_PERSISTENCE,3,100,16,384000,1.7474149170000004,0.25320717692375183,0.2486653745174408,"[1.9836574792861938, 1.1685535907745361, -0.09090440720319748]"
410011,NO_FEEDBACK,3,100,16,384000,1.646880459000002,0.22241169214248657,0.2645151510834694,"[1.9534146785736084, 1.1839603185653687, -0.10798574239015579]"
410011,GENERIC_RNN_1H,3,100,16,384000,1.4793341250000083,0.48228195309638977,0.28331257700920104,"[1.0081868171691895, 0.8771432638168335, 0.4449252486228943]"
410012,SENSORY_SITE_FEEDBACK,3,100,16,384000,1.7068432499999915,0.27585914731025696,0.2629771828651428,"[2.398355007171631, 1.118971824645996, -0.3459915816783905]"
410012,OUTPUT_SITE_PERSISTENCE,3,100,16,384000,1.7540463330000051,0.2566737234592438,0.2472945496439934,"[1.9439525604248047, 1.2115633487701416, 0.06155991926789284]"
410012,NO_FEEDBACK,3,100,16,384000,1.6452870419999925,0.30037257075309753,0.26033723950386045,"[1.891244649887085, 1.2238390445709229, 0.03328641504049301]"
410012,GENERIC_RNN_1H,3,100,16,384000,1.4880966250000114,0.4791000485420227,0.31208490431308744,"[0.9987568259239197, 0.88825923204422, 0.4243829846382141]"
410013,SENSORY_SITE_FEEDBACK,3,100,16,384000,1.7140772080000062,0.31390848755836487,0.2652523756027222,"[2.535189628601074, 1.0583244562149048, -0.30422306060791016]"
410013,OUTPUT_SITE_PERSISTENCE,3,100,16,384000,1.737898666999996,0.3248518705368042,0.26734671741724014,"[1.939112663269043, 1.1933096647262573, -0.04348229989409447]"
410013,NO_FEEDBACK,3,100,16,384000,1.6476445830000017,0.26675400137901306,0.25906725227832794,"[1.9133585691452026, 1.1818842887878418, 0.17505457997322083]"
410013,GENERIC_RNN_1H,3,100,16,384000,1.499782874999994,0.4387258291244507,0.2827240601181984,"[1.0175329446792603, 0.8787766098976135, 0.45485708117485046]"
410014,SENSORY_SITE_FEEDBACK,3,100,16,384000,1.7191122920000055,0.2517070770263672,0.23327243626117705,"[2.42513370513916, 1.1202365159988403, -0.3246854543685913]"
410014,OUTPUT_SITE_PERSISTENCE,3,100,16,384000,1.745752207999999,0.3242974281311035,0.25227428525686263,"[1.9604744911193848, 1.2044270038604736, -0.1216830387711525]"
410014,NO_FEEDBACK,3,100,16,384000,1.6348147500000039,0.3436426818370819,0.29127060174942015,"[2.0424723625183105, 1.133797287940979, 0.05801890417933464]"
410014,GENERIC_RNN_1H,3,100,16,384000,1.4907750419999957,0.470733106136322,0.2932168528437614,"[1.0048221349716187, 0.875899612903595, 0.44002676010131836]"
410015,SENSORY_SITE_FEEDBACK,3,100,16,384000,1.7008066249999985,0.27484214305877686,0.26652504652738573,"[2.277589797973633, 1.1294468641281128, -0.32181409001350403]"
410015,OUTPUT_SITE_PERSISTENCE,3,100,16,384000,1.7370130000000046,0.2854565382003784,0.25365855246782304,"[1.8614813089370728, 1.2039613723754883, 0.036538828164339066]"
410015,NO_FEEDBACK,3,100,16,384000,1.6376180419999997,0.2575400769710541,0.2710644915699959,"[1.9138177633285522, 1.1760236024856567, -0.007350378669798374]"
410015,GENERIC_RNN_1H,3,100,16,384000,1.4876672919999976,0.6359303593635559,0.29544351547956466,"[1.005427360534668, 0.8820443153381348, 0.43549445271492004]"
410016,SENSORY_SITE_FEEDBACK,3,100,16,384000,1.7231118339999796,0.24992993474006653,0.2984307587146759,"[2.370661497116089, 1.1192346811294556, -0.2942323088645935]"
410016,OUTPUT_SITE_PERSISTENCE,3,100,16,384000,1.7392346669999768,0.27504459023475647,0.2768396720290184,"[1.9276155233383179, 1.2080270051956177, -0.10272202640771866]"
410016,NO_FEEDBACK,3,100,16,384000,1.6391370000000052,0.2595055401325226,0.26517336517572404,"[1.940935492515564, 1.1924513578414917, -0.17314794659614563]"
410016,GENERIC_RNN_1H,3,100,16,384000,1.4878354999999885,0.44019410014152527,0.3164314776659012,"[1.012933611869812, 0.8930238485336304, 0.44319918751716614]"
410017,SENSORY_SITE_FEEDBACK,3,100,16,384000,1.7149454579999883,0.22599846124649048,0.28156610429286955,"[2.365713119506836, 1.1062719821929932, -0.3231051564216614]"
410017,OUTPUT_SITE_PERSISTENCE,3,100,16,384000,1.7337248340000144,0.28282108902931213,0.277472423017025,"[1.949887752532959, 1.2046420574188232, -0.09593087434768677]"
410017,NO_FEEDBACK,3,100,16,384000,1.6415274590000024,0.34286436438560486,0.2609234407544136,"[1.9307684898376465, 1.1666271686553955, 0.17443974316120148]"
410017,GENERIC_RNN_1H,3,100,16,384000,1.487914208999996,0.6193667054176331,0.311654657125473,"[1.0125709772109985, 0.8908916115760803, 0.440238356590271]"
410018,SENSORY_SITE_FEEDBACK,3,100,16,384000,1.733982458999975,0.2998785674571991,0.2784730538725853,"[2.458491325378418, 1.0796939134597778, -0.3328767716884613]"
410018,OUTPUT_SITE_PERSISTENCE,3,100,16,384000,1.7417347920000168,0.1790459305047989,0.2848260670900345,"[1.8910236358642578, 1.2223891019821167, -0.03700936958193779]"
410018,NO_FEEDBACK,3,100,16,384000,1.6552037089999772,0.3485983610153198,0.253876169025898,"[1.9141374826431274, 1.2090141773223877, 0.045680705457925797]"
410018,GENERIC_RNN_1H,3,100,16,384000,1.4903047079999965,0.45577114820480347,0.32722348570823667,"[1.0247987508773804, 0.8990434408187866, 0.457430899143219]"
410019,SENSORY_SITE_FEEDBACK,3,100,16,384000,1.7099845000000187,0.21905475854873657,0.2481350600719452,"[2.3816592693328857, 1.1126891374588013, -0.22487840056419373]"
410019,OUTPUT_SITE_PERSISTENCE,3,100,16,384000,1.735985124999985,0.3042486310005188,0.23627319931983948,"[1.9946318864822388, 1.2063788175582886, 0.007977038621902466]"
410019,NO_FEEDBACK,3,100,16,384000,1.6412652500000036,0.278474360704422,0.24125053435564042,"[1.9836715459823608, 1.1687146425247192, 0.0680319145321846]"
410019,GENERIC_RNN_1H,3,100,16,384000,1.4919230420000247,0.5416521430015564,0.28755781799554825,"[1.0018928050994873, 0.8919278979301453, 0.427976131439209]"
410020,SENSORY_SITE_FEEDBACK,3,100,16,384000,1.7241177920000155,0.30262577533721924,0.26616726219654085,"[2.4479570388793945, 1.0853002071380615, -0.34625667333602905]"
410020,OUTPUT_SITE_PERSISTENCE,3,100,16,384000,1.7369527080000182,0.34227657318115234,0.2755880236625671,"[1.964245080947876, 1.2232530117034912, 0.028011754155158997]"
410020,NO_FEEDBACK,3,100,16,384000,1.64568112500001,0.35851922631263733,0.26851668804883955,"[1.982719898223877, 1.1533499956130981, -0.006044126581400633]"
410020,GENERIC_RNN_1H,3,100,16,384000,1.4962130830000149,0.5466954708099365,0.2649773046374321,"[1.0052300691604614, 0.872626006603241, 0.44094014167785645]"
410021,SENSORY_SITE_FEEDBACK,3,100,16,384000,1.7138099999999952,0.24842806160449982,0.2422785922884941,"[2.4704930782318115, 1.0730512142181396, -0.29095086455345154]"
410021,OUTPUT_SITE_PERSISTENCE,3,100,16,384000,1.748636083000008,0.3358392119407654,0.271109975874424,"[1.907489538192749, 1.2201343774795532, -0.039875615388154984]"
410021,NO_FEEDBACK,3,100,16,384000,1.6486952499999745,0.256145715713501,0.2737313315272331,"[1.9126249551773071, 1.2000815868377686, 0.08659975975751877]"
410021,GENERIC_RNN_1H,3,100,16,384000,1.4782520409999904,0.5512557625770569,0.2738918960094452,"[0.998923659324646, 0.8881287574768066, 0.42744484543800354]"
410022,SENSORY_SITE_FEEDBACK,3,100,16,384000,1.709910750000006,0.26113179326057434,0.26604523360729215,"[2.4352190494537354, 1.083168864250183, -0.29223087430000305]"
410022,OUTPUT_SITE_PERSISTENCE,3,100,16,384000,1.7440493340000103,0.31789857149124146,0.25927416384220126,"[1.9108948707580566, 1.189943790435791, -0.08729341626167297]"
410022,NO_FEEDBACK,3,100,16,384000,1.6343360409999832,0.30025213956832886,0.27303957045078275,"[1.8761965036392212, 1.1806837320327759, 0.16489475965499878]"
410022,GENERIC_RNN_1H,3,100,16,384000,1.4809523340000226,0.4698580205440521,0.30876260101795194,"[1.0140564441680908, 0.8880783915519714, 0.4472803473472595]"
410023,SENSORY_SITE_FEEDBACK,3,100,16,384000,1.719071165999992,0.2464902102947235,0.25686510354280473,"[2.3866724967956543, 1.1118066310882568, -0.27496597170829773]"
410023,OUTPUT_SITE_PERSISTENCE,3,100,16,384000,1.7463834590000147,0.28648751974105835,0.277151583135128,"[1.9780458211898804, 1.1954699754714966, -0.1354292929172516]"
410023,NO_FEEDBACK,3,100,16,384000,1.6299362499999859,0.1755804866552353,0.2817362144589424,"[1.9611855745315552, 1.1493473052978516, 0.003280290402472019]"
410023,GENERIC_RNN_1H,3,100,16,384000,1.483549790999973,0.5698505640029907,0.30182279497385023,"[1.0125259160995483, 0.8791179656982422, 0.44669002294540405]"
410024,SENSORY_SITE_FEEDBACK,3,100,16,384000,1.7181747079999923,0.29058966040611267,0.24804022163152695,"[2.4217352867126465, 1.030793309211731, -0.31923359632492065]"
410024,OUTPUT_SITE_PERSISTENCE,3,100,16,384000,1.7559257500000172,0.28119754791259766,0.2309131309390068,"[1.9631959199905396, 1.1853300333023071, -0.0829383060336113]"
410024,NO_FEEDBACK,3,100,16,384000,1.6473249169999917,0.23041610419750214,0.25704710483551024,"[1.9559608697891235, 1.1947576999664307, -0.16241887211799622]"
410024,GENERIC_RNN_1H,3,100,16,384000,1.5041097079999872,0.527517557144165,0.2942859783768654,"[0.9991333484649658, 0.8885065317153931, 0.42414340376853943]"
410025,SENSORY_SITE_FEEDBACK,3,100,16,384000,1.7189759999999978,0.2648670971393585,0.2619015321135521,"[2.362079620361328, 1.1430729627609253, -0.35771074891090393]"
410025,OUTPUT_SITE_PERSISTENCE,3,100,16,384000,1.7486589170000002,0.30275070667266846,0.2668887749314308,"[1.9292171001434326, 1.2203842401504517, -0.15065830945968628]"
410025,NO_FEEDBACK,3,100,16,384000,1.6360242920000019,0.2873891294002533,0.25771495550870893,"[1.9273244142532349, 1.170697808265686, 0.02384566329419613]"
410025,GENERIC_RNN_1H,3,100,16,384000,1.488458541,0.5335387587547302,0.30567256212234495,"[1.0006184577941895, 0.8882634043693542, 0.4260338246822357]"
410026,SENSORY_SITE_FEEDBACK,3,100,16,384000,1.7087292920000152,0.3142431974411011,0.25626120418310167,"[2.4281022548675537, 1.1020344495773315, -0.2999381124973297]"
410026,OUTPUT_SITE_PERSISTENCE,3,100,16,384000,1.7463754999999992,0.3825687766075134,0.24879816621541978,"[1.9586321115493774, 1.2041411399841309, -0.012159287929534912]"
410026,NO_FEEDBACK,3,100,16,384000,1.648210000000006,0.2949363589286804,0.28142464756965635,"[1.9338281154632568, 1.1844793558120728, -0.07433630526065826]"
410026,GENERIC_RNN_1H,3,100,16,384000,1.4924484999999947,0.525702178478241,0.31992917954921724,"[1.0079705715179443, 0.8868617415428162, 0.4347643256187439]"
410027,SENSORY_SITE_FEEDBACK,3,100,16,384000,1.7253980829999875,0.24790239334106445,0.27766417562961576,"[2.3467330932617188, 1.1060261726379395, -0.3345366418361664]"
410027,OUTPUT_SITE_PERSISTENCE,3,100,16,384000,1.7514255419999927,0.28781214356422424,0.2746215954422951,"[1.9328850507736206, 1.2148001194000244, 0.032338619232177734]"
410027,NO_FEEDBACK,3,100,16,384000,1.635419249999984,0.23451699316501617,0.30376909077167513,"[1.9383337497711182, 1.2032830715179443, 0.0809803158044815]"
410027,GENERIC_RNN_1H,3,100,16,384000,1.481054499999999,0.6347466707229614,0.33355805575847625,"[1.01998770236969, 0.8945581912994385, 0.4555983245372772]"
410028,SENSORY_SITE_FEEDBACK,3,100,16,384000,1.7268698750000055,0.17459480464458466,0.266927233338356,"[2.413870334625244, 1.1042835712432861, -0.31547045707702637]"
410028,OUTPUT_SITE_PERSISTENCE,3,100,16,384000,1.7531395830000065,0.32283851504325867,0.28213460743427277,"[1.9227073192596436, 1.2018975019454956, -0.06633245944976807]"
410028,NO_FEEDBACK,3,100,16,384000,1.6448113329999785,0.3403686285018921,0.29664777517318724,"[1.9404325485229492, 1.2013462781906128, 0.0544201135635376]"
410028,GENERIC_RNN_1H,3,100,16,384000,1.482984541999997,0.5059200525283813,0.2970546200871468,"[1.0042381286621094, 0.8665205836296082, 0.44117021560668945]"
410029,SENSORY_SITE_FEEDBACK,3,100,16,384000,1.7169751250000047,0.30263441801071167,0.2652809530496597,"[2.3633222579956055, 1.118564248085022, -0.33045071363449097]"
410029,OUTPUT_SITE_PERSISTENCE,3,100,16,384000,1.7411742500000003,0.40690237283706665,0.2816455900669098,"[1.9658681154251099, 1.2128269672393799, -0.10071462392807007]"
410029,NO_FEEDBACK,3,100,16,384000,1.6394100830000014,0.24464520812034607,0.27485679686069486,"[1.943774938583374, 1.2066848278045654, -0.07601536810398102]"
410029,GENERIC_RNN_1H,3,100,16,384000,1.4962911659999918,0.5070400834083557,0.3043567329645157,"[0.9971911311149597, 0.8865998387336731, 0.42451995611190796]"
410030,SENSORY_SITE_FEEDBACK,3,100,16,384000,1.7161910830000124,0.30016642808914185,0.24341294765472413,"[2.396071434020996, 1.102587103843689, -0.2570173740386963]"
410030,OUTPUT_SITE_PERSISTENCE,3,100,16,384000,1.7519311249999987,0.25622156262397766,0.2641539856791496,"[1.981943130493164, 1.1668791770935059, -0.057614728808403015]"
410030,NO_FEEDBACK,3,100,16,384000,1.6529808749999972,0.20285844802856445,0.2575389057397842,"[1.9289045333862305, 1.2086340188980103, -0.08012531697750092]"
410030,GENERIC_RNN_1H,3,100,16,384000,1.5024364170000126,0.5730785131454468,0.29649141877889634,"[1.013911247253418, 0.8813614249229431, 0.4496704041957855]"
410031,SENSORY_SITE_FEEDBACK,3,100,16,384000,1.7196653750000053,0.20791809260845184,0.22908787280321122,"[2.3728156089782715, 1.093101978302002, -0.2855078876018524]"
410031,OUTPUT_SITE_PERSISTENCE,3,100,16,384000,1.7468424580000033,0.24386106431484222,0.2657599374651909,"[1.9209891557693481, 1.203619122505188, -0.11637644469738007]"
410031,NO_FEEDBACK,3,100,16,384000,1.6528466249999951,0.257480651140213,0.2748688593506813,"[1.9089425802230835, 1.1953309774398804, 0.08413032442331314]"
410031,GENERIC_RNN_1H,3,100,16,384000,1.4903946669999755,0.5230008363723755,0.31031821817159655,"[1.0156080722808838, 0.8822822570800781, 0.4505773186683655]"
