delay,trace_arm,control,mean_difference,ci95_low,ci95_high,seed_positive,n_seeds,interval_type
1,TRACE_GAMMA_0.50,NO_TRACE_CURRENT_32,0.026685871153424207,0.022143996516742842,0.031237760171815086,30,30,Bonferroni familywise 95%
1,TRACE_GAMMA_0.50,EXACT_REPLAY,-0.028528774457035794,-0.03126090343698078,-0.025794160265372845,0,30,paired 95% descriptive
1,TRACE_GAMMA_0.75,NO_TRACE_CURRENT_32,0.031598431221851506,0.026028443868176956,0.03704927365244015,30,30,Bonferroni familywise 95%
1,TRACE_GAMMA_0.75,EXACT_REPLAY,-0.023616214388608496,-0.02577385899692704,-0.02141200257716338,0,30,paired 95% descriptive
1,TRACE_GAMMA_0.90,NO_TRACE_CURRENT_32,0.025629576471233373,0.02076960717160375,0.030354468687398377,30,30,Bonferroni familywise 95%
1,TRACE_GAMMA_0.90,EXACT_REPLAY,-0.02958506913922663,-0.032416543905720276,-0.026875222516909963,0,30,paired 95% descriptive
1,TRACE_GAMMA_0.98,NO_TRACE_CURRENT_32,0.013589734702674052,0.010620328705634688,0.01658006586001741,30,30,Bonferroni familywise 95%
1,TRACE_GAMMA_0.98,EXACT_REPLAY,-0.041624910907785945,-0.04584249724762495,-0.03740299508138578,0,30,paired 95% descriptive
4,TRACE_GAMMA_0.50,NO_TRACE_CURRENT_32,0.003243913764712956,0.0023883741537031726,0.004116712745888676,30,30,Bonferroni familywise 95%
4,TRACE_GAMMA_0.50,EXACT_REPLAY,-0.05263861475527148,-0.05775602583965575,-0.04728656995598521,0,30,paired 95% descriptive
4,TRACE_GAMMA_0.75,NO_TRACE_CURRENT_32,0.013044773562434026,0.010530689541005849,0.015305175215914443,30,30,Bonferroni familywise 95%
4,TRACE_GAMMA_0.75,EXACT_REPLAY,-0.04283775495755041,-0.046987451329607334,-0.038605918130127405,0,30,paired 95% descriptive
4,TRACE_GAMMA_0.90,NO_TRACE_CURRENT_32,0.019015285386436785,0.015403539661738689,0.02239068042306472,30,30,Bonferroni familywise 95%
4,TRACE_GAMMA_0.90,EXACT_REPLAY,-0.03686724313354764,-0.040488542807808094,-0.03328657856399591,0,30,paired 95% descriptive
4,TRACE_GAMMA_0.98,NO_TRACE_CURRENT_32,0.013008672585808921,0.009874792716711525,0.015917617380463392,29,30,Bonferroni familywise 95%
4,TRACE_GAMMA_0.98,EXACT_REPLAY,-0.04287385593417552,-0.04732686131468661,-0.03858328384626121,0,30,paired 95% descriptive
16,TRACE_GAMMA_0.50,NO_TRACE_CURRENT_32,-0.00027869198620123864,-0.001045766725146747,0.0004566318079606896,11,30,Bonferroni familywise 95%
16,TRACE_GAMMA_0.50,EXACT_REPLAY,-0.055503114853223706,-0.06121049010786097,-0.049801878218801575,0,30,paired 95% descriptive
16,TRACE_GAMMA_0.75,NO_TRACE_CURRENT_32,-2.3788479119304005e-05,-0.0011430886780807814,0.0011351392661437495,14,30,Bonferroni familywise 95%
16,TRACE_GAMMA_0.75,EXACT_REPLAY,-0.055248211346141766,-0.060793368672522524,-0.04946558856934278,0,30,paired 95% descriptive
16,TRACE_GAMMA_0.90,NO_TRACE_CURRENT_32,0.0043482380121030876,0.002742743028024258,0.006237662600815138,30,30,Bonferroni familywise 95%
16,TRACE_GAMMA_0.90,EXACT_REPLAY,-0.05087618485491938,-0.05603136741450728,-0.045625705771783355,0,30,paired 95% descriptive
16,TRACE_GAMMA_0.98,NO_TRACE_CURRENT_32,0.00933535785423753,0.006954567033067353,0.012024171650471111,30,30,Bonferroni familywise 95%
16,TRACE_GAMMA_0.98,EXACT_REPLAY,-0.04588906501278492,-0.05063555027470436,-0.041288092153458925,0,30,paired 95% descriptive
64,TRACE_GAMMA_0.50,NO_TRACE_CURRENT_32,-0.0005077404628288669,-0.0012776149656995427,0.0002094101676954398,12,30,Bonferroni familywise 95%
64,TRACE_GAMMA_0.50,EXACT_REPLAY,-0.05632443367250369,-0.06199152691402909,-0.05057697642315249,0,30,paired 95% descriptive
64,TRACE_GAMMA_0.75,NO_TRACE_CURRENT_32,-0.00046046811890796774,-0.0015073673794454372,0.0005664166106918605,11,30,Bonferroni familywise 95%
64,TRACE_GAMMA_0.75,EXACT_REPLAY,-0.0562771613285828,-0.062079857217233254,-0.05053924739348905,0,30,paired 95% descriptive
64,TRACE_GAMMA_0.90,NO_TRACE_CURRENT_32,2.439734846010529e-05,-0.0013902133000844486,0.0014940037149917117,14,30,Bonferroni familywise 95%
64,TRACE_GAMMA_0.90,EXACT_REPLAY,-0.05579229586121473,-0.06161599400506322,-0.050105662282549465,0,30,paired 95% descriptive
64,TRACE_GAMMA_0.98,NO_TRACE_CURRENT_32,0.0034474951954683495,0.0015918990663081611,0.005181441410395805,26,30,Bonferroni familywise 95%
64,TRACE_GAMMA_0.98,EXACT_REPLAY,-0.05236919801420648,-0.05773109481534947,-0.046947130777505224,0,30,paired 95% descriptive
