training_seed,arm,parameter_count,updates,batch_size,sequence_steps_per_fit,initial_loss,final_10_update_loss,training_seconds,parameters_json
420000,SENSORY_SELF,3,100,16,384000,0.29933610558509827,0.2503339573740959,1.76799425,"[2.4516682624816895, 1.0653198957443237, -0.3174329996109009]"
420000,OUTPUT_SITE_PERSISTENCE,3,100,16,384000,0.33241450786590576,0.25674959272146225,1.7351627500000002,"[2.01759934425354, 1.1598906517028809, -0.14850136637687683]"
420000,NO_FEEDBACK,3,100,16,384000,0.33230963349342346,0.2565036088228226,1.628957625,"[1.991897463798523, 1.149121880531311, -0.10394353419542313]"
420000,GENERIC_RNN_1H,3,100,16,384000,0.5441644191741943,0.29370923787355424,1.451025167,"[1.011989712715149, 0.8780929446220398, 0.44946548342704773]"
420001,SENSORY_SELF,3,100,16,384000,0.2055840939283371,0.26273482888936994,1.717612708999999,"[2.482999324798584, 1.097939133644104, -0.27963879704475403]"
420001,OUTPUT_SITE_PERSISTENCE,3,100,16,384000,0.21167060732841492,0.26473082005977633,1.7011683340000001,"[1.9007879495620728, 1.2181652784347534, -0.009204315021634102]"
420001,NO_FEEDBACK,3,100,16,384000,0.2117508351802826,0.26441035866737367,1.6538941250000008,"[1.905687689781189, 1.196751594543457, 0.051119364798069]"
420001,GENERIC_RNN_1H,3,100,16,384000,0.4395507872104645,0.30730667114257815,1.4515522909999987,"[0.9990068078041077, 0.8862186670303345, 0.42536813020706177]"
420002,SENSORY_SELF,3,100,16,384000,0.23829282820224762,0.23062184751033782,1.7471467500000024,"[2.4258031845092773, 1.1095268726348877, -0.3363059163093567]"
420002,OUTPUT_SITE_PERSISTENCE,3,100,16,384000,0.26211702823638916,0.23707468509674073,1.719441332999999,"[1.9471253156661987, 1.1892406940460205, 0.004531526006758213]"
420002,NO_FEEDBACK,3,100,16,384000,0.26166537404060364,0.23716534972190856,1.621745666999999,"[1.9453907012939453, 1.185579776763916, -0.025648854672908783]"
420002,GENERIC_RNN_1H,3,100,16,384000,0.46678003668785095,0.27244120836257935,1.470697458,"[1.0046731233596802, 0.8886722922325134, 0.4331190586090088]"
420003,SENSORY_SELF,3,100,16,384000,0.29906779527664185,0.2678399831056595,1.741044458000001,"[2.3946425914764404, 1.0971057415008545, -0.34126415848731995]"
420003,OUTPUT_SITE_PERSISTENCE,3,100,16,384000,0.3323771059513092,0.27317448556423185,1.734202707999998,"[1.9113560914993286, 1.201745867729187, -0.050632040947675705]"
420003,NO_FEEDBACK,3,100,16,384000,0.3321351408958435,0.2730748102068901,1.6291392920000014,"[1.9108318090438843, 1.1798582077026367, -0.05764571949839592]"
420003,GENERIC_RNN_1H,3,100,16,384000,0.5655590295791626,0.3157022178173065,1.448921207999998,"[0.991901695728302, 0.8800028562545776, 0.4202222228050232]"
420004,SENSORY_SELF,3,100,16,384000,0.22654801607131958,0.2527040049433708,1.7235771249999985,"[2.416825771331787, 1.0995885133743286, -0.2873198986053467]"
420004,OUTPUT_SITE_PERSISTENCE,3,100,16,384000,0.23401516675949097,0.2581877425312996,1.7326636249999936,"[1.993577480316162, 1.1762239933013916, -0.01131607498973608]"
420004,NO_FEEDBACK,3,100,16,384000,0.23395846784114838,0.2579295337200165,1.6210718749999984,"[1.9943275451660156, 1.1715807914733887, -0.04233665391802788]"
420004,GENERIC_RNN_1H,3,100,16,384000,0.42886242270469666,0.29628513008356094,1.447928625000003,"[1.0208152532577515, 0.8921868801116943, 0.4563899338245392]"
420005,SENSORY_SELF,3,100,16,384000,0.25590744614601135,0.2736938074231148,1.7245145420000014,"[2.259922504425049, 1.127010464668274, -0.3704952895641327]"
420005,OUTPUT_SITE_PERSISTENCE,3,100,16,384000,0.29691484570503235,0.2839100882411003,1.7015928329999994,"[1.9645235538482666, 1.2168645858764648, -0.10983574390411377]"
420005,NO_FEEDBACK,3,100,16,384000,0.29628226161003113,0.28517184853553773,1.627070124999996,"[2.012991189956665, 1.1721593141555786, 0.08294759690761566]"
420005,GENERIC_RNN_1H,3,100,16,384000,0.444895476102829,0.32055430114269257,1.4780725419999996,"[1.0168755054473877, 0.886982798576355, 0.4524032771587372]"
420006,SENSORY_SELF,3,100,16,384000,0.29043713212013245,0.285864794254303,1.737614833000002,"[2.316075086593628, 1.075387954711914, -0.2880057692527771]"
420006,OUTPUT_SITE_PERSISTENCE,3,100,16,384000,0.3025275468826294,0.28944934010505674,1.7396828329999963,"[1.8647817373275757, 1.2182574272155762, 0.10672957450151443]"
420006,NO_FEEDBACK,3,100,16,384000,0.30268219113349915,0.2896491467952728,1.6292310000000043,"[1.8647533655166626, 1.2101669311523438, -0.0020180074498057365]"
420006,GENERIC_RNN_1H,3,100,16,384000,0.5426982641220093,0.3275346100330353,1.4577751670000012,"[1.0059415102005005, 0.897693395614624, 0.42926186323165894]"
420007,SENSORY_SELF,3,100,16,384000,0.2569129467010498,0.23715755641460418,1.730635833000001,"[2.5539627075195312, 1.0677361488342285, -0.31055185198783875]"
420007,OUTPUT_SITE_PERSISTENCE,3,100,16,384000,0.27409827709198,0.24032259434461595,1.7285334590000048,"[1.9484704732894897, 1.2085210084915161, -0.0639367625117302]"
420007,NO_FEEDBACK,3,100,16,384000,0.27368971705436707,0.24072320610284806,1.639254790999999,"[1.9549763202667236, 1.1905617713928223, -0.06432460993528366]"
420007,GENERIC_RNN_1H,3,100,16,384000,0.4646695852279663,0.2775339439511299,1.4476224160000015,"[0.9963400363922119, 0.8811800479888916, 0.4211948812007904]"
420008,SENSORY_SELF,3,100,16,384000,0.29900071024894714,0.236330746114254,1.7284950410000022,"[2.303985118865967, 1.1179869174957275, -0.297402948141098]"
420008,OUTPUT_SITE_PERSISTENCE,3,100,16,384000,0.32909831404685974,0.24167902320623397,1.7011585000000053,"[1.896610975265503, 1.1842094659805298, 0.0025565011892467737]"
420008,NO_FEEDBACK,3,100,16,384000,0.32913002371788025,0.24162337481975554,1.6297423329999958,"[1.8921209573745728, 1.178068995475769, 0.0006411591311916709]"
420008,GENERIC_RNN_1H,3,100,16,384000,0.5354583263397217,0.2762863412499428,1.4795527499999963,"[1.004772424697876, 0.8839940428733826, 0.4341776967048645]"
420009,SENSORY_SELF,3,100,16,384000,0.2662278711795807,0.2698245644569397,1.7435336249999978,"[2.425690174102783, 1.0850393772125244, -0.2963413596153259]"
420009,OUTPUT_SITE_PERSISTENCE,3,100,16,384000,0.27010276913642883,0.2756431341171265,1.7413719579999878,"[2.019019365310669, 1.1907705068588257, 0.016550615429878235]"
420009,NO_FEEDBACK,3,100,16,384000,0.26939019560813904,0.2756561696529388,1.6414862919999962,"[2.0203332901000977, 1.1733185052871704, -0.030525188893079758]"
420009,GENERIC_RNN_1H,3,100,16,384000,0.5424328446388245,0.3104149132966995,1.4568709169999892,"[1.0049892663955688, 0.8843444585800171, 0.43235641717910767]"
420010,SENSORY_SELF,3,100,16,384000,0.30823516845703125,0.27944608181715014,1.7391689170000006,"[2.3814892768859863, 1.0977098941802979, -0.2960719168186188]"
420010,OUTPUT_SITE_PERSISTENCE,3,100,16,384000,0.3440590798854828,0.28330443650484083,1.7254289589999985,"[1.9080175161361694, 1.2061551809310913, -0.05022510513663292]"
420010,NO_FEEDBACK,3,100,16,384000,0.3434835374355316,0.28293917030096055,1.6227572500000065,"[1.8905786275863647, 1.1878138780593872, -0.07025841623544693]"
420010,GENERIC_RNN_1H,3,100,16,384000,0.5616509318351746,0.3255447164177895,1.4513712919999904,"[0.994688868522644, 0.8912457227706909, 0.4147234261035919]"
420011,SENSORY_SELF,3,100,16,384000,0.2517872154712677,0.25774130374193194,1.7293570829999965,"[2.4458560943603516, 1.134700894355774, -0.27000847458839417]"
420011,OUTPUT_SITE_PERSISTENCE,3,100,16,384000,0.2804908752441406,0.26033138781785964,1.6942413750000043,"[1.9939682483673096, 1.216248869895935, 0.19399961829185486]"
420011,NO_FEEDBACK,3,100,16,384000,0.28021490573883057,0.25948910117149354,1.6388201669999916,"[1.9961035251617432, 1.2134333848953247, -0.13600602746009827]"
420011,GENERIC_RNN_1H,3,100,16,384000,0.4953515827655792,0.30681660771369934,1.4890277920000017,"[1.007201910018921, 0.8931715488433838, 0.4332279562950134]"
420012,SENSORY_SELF,3,100,16,384000,0.2271084189414978,0.2595533326268196,1.7565271670000016,"[2.399749994277954, 1.0852670669555664, -0.3107420802116394]"
420012,OUTPUT_SITE_PERSISTENCE,3,100,16,384000,0.23563481867313385,0.2644559517502785,1.7274144999999947,"[1.9460963010787964, 1.199788212776184, -0.041294559836387634]"
420012,NO_FEEDBACK,3,100,16,384000,0.23554210364818573,0.2640428677201271,1.6291451660000007,"[1.960160255432129, 1.1964017152786255, 0.04928547888994217]"
420012,GENERIC_RNN_1H,3,100,16,384000,0.48487338423728943,0.3029453158378601,1.4608653749999974,"[1.0107412338256836, 0.8777195811271667, 0.44553425908088684]"
420013,SENSORY_SELF,3,100,16,384000,0.19136835634708405,0.2389674887061119,1.7311973749999936,"[2.3983314037323, 1.1189415454864502, -0.28450366854667664]"
420013,OUTPUT_SITE_PERSISTENCE,3,100,16,384000,0.19514499604701996,0.24462634474039077,1.738969291999993,"[1.9614704847335815, 1.2128708362579346, -0.06698055565357208]"
420013,NO_FEEDBACK,3,100,16,384000,0.19491687417030334,0.2446741670370102,1.6267885000000035,"[1.960605502128601, 1.2092641592025757, -0.0035449243150651455]"
420013,GENERIC_RNN_1H,3,100,16,384000,0.39609941840171814,0.27901045978069305,1.4414054580000055,"[1.0238783359527588, 0.8840258717536926, 0.46331050992012024]"
420014,SENSORY_SELF,3,100,16,384000,0.25792714953422546,0.23921119272708893,1.7366563749999955,"[2.4829931259155273, 1.094533920288086, -0.3117571771144867]"
420014,OUTPUT_SITE_PERSISTENCE,3,100,16,384000,0.2752997577190399,0.24536500126123428,1.7131518750000083,"[1.9389731884002686, 1.213254690170288, -0.06074714660644531]"
420014,NO_FEEDBACK,3,100,16,384000,0.2750592529773712,0.24526430964469909,1.6345690419999954,"[1.9329900741577148, 1.200913667678833, -0.05734513700008392]"
420014,GENERIC_RNN_1H,3,100,16,384000,0.49841976165771484,0.27915848046541214,1.4809292089999957,"[0.9960405826568604, 0.8729763627052307, 0.4253350496292114]"
420015,SENSORY_SELF,3,100,16,384000,0.3191923499107361,0.2578050374984741,1.7361985000000004,"[2.4762189388275146, 1.0709630250930786, -0.27319613099098206]"
420015,OUTPUT_SITE_PERSISTENCE,3,100,16,384000,0.3385029733181,0.258835731446743,1.7328119169999923,"[1.9398143291473389, 1.2144430875778198, 0.08677484840154648]"
420015,NO_FEEDBACK,3,100,16,384000,0.33831438422203064,0.2588931292295456,1.6286202919999937,"[1.9384733438491821, 1.2118512392044067, 0.04038694128394127]"
420015,GENERIC_RNN_1H,3,100,16,384000,0.5894913077354431,0.30633119493722916,1.4574221249999937,"[0.9912465214729309, 0.880988597869873, 0.4098423719406128]"
420016,SENSORY_SELF,3,100,16,384000,0.17744985222816467,0.2611233100295067,1.7390037499999949,"[2.4076693058013916, 1.128045678138733, -0.3325026035308838]"
420016,OUTPUT_SITE_PERSISTENCE,3,100,16,384000,0.19209729135036469,0.26757650524377824,1.7306893329999866,"[1.9237842559814453, 1.1996976137161255, -0.14572398364543915]"
420016,NO_FEEDBACK,3,100,16,384000,0.19181562960147858,0.2670461446046829,1.6238454159999947,"[1.9093199968338013, 1.1790752410888672, -0.0578482560813427]"
420016,GENERIC_RNN_1H,3,100,16,384000,0.36225050687789917,0.30154420882463456,1.4503775830000052,"[1.0202008485794067, 0.898648202419281, 0.4501965045928955]"
420017,SENSORY_SELF,3,100,16,384000,0.22094784677028656,0.2468935951590538,1.7413735000000088,"[2.4269585609436035, 1.0857956409454346, -0.29600027203559875]"
420017,OUTPUT_SITE_PERSISTENCE,3,100,16,384000,0.23673716187477112,0.2512649819254875,1.696406875000008,"[1.9412347078323364, 1.1981821060180664, 0.06862122565507889]"
420017,NO_FEEDBACK,3,100,16,384000,0.23660364747047424,0.25119416117668153,1.628775250000018,"[1.9540073871612549, 1.2015881538391113, -0.038378503173589706]"
420017,GENERIC_RNN_1H,3,100,16,384000,0.4797625243663788,0.2877599701285362,1.484599916999997,"[1.0062906742095947, 0.8881286978721619, 0.4335624873638153]"
420018,SENSORY_SELF,3,100,16,384000,0.27273187041282654,0.25126708298921585,1.7238518750000082,"[2.5303590297698975, 1.082044243812561, -0.2717618942260742]"
420018,OUTPUT_SITE_PERSISTENCE,3,100,16,384000,0.2815284729003906,0.25576124638319014,1.7305799579999928,"[1.98664391040802, 1.1940133571624756, 0.14412932097911835]"
420018,NO_FEEDBACK,3,100,16,384000,0.2813478708267212,0.25583110749721527,1.6316611670000043,"[1.9885258674621582, 1.1916037797927856, 0.07973189651966095]"
420018,GENERIC_RNN_1H,3,100,16,384000,0.5301569700241089,0.29516185969114306,1.4535636249999868,"[0.9982152581214905, 0.8948809504508972, 0.4193096458911896]"
420019,SENSORY_SELF,3,100,16,384000,0.2748221158981323,0.24524385929107667,1.73529474999998,"[2.377023935317993, 1.09367835521698, -0.31914758682250977]"
420019,OUTPUT_SITE_PERSISTENCE,3,100,16,384000,0.27433139085769653,0.2524483919143677,1.7406104160000098,"[1.9817453622817993, 1.1968436241149902, -0.05434168502688408]"
420019,NO_FEEDBACK,3,100,16,384000,0.27412813901901245,0.2523932412266731,1.6249949589999915,"[1.9884679317474365, 1.191744327545166, 0.104217030107975]"
420019,GENERIC_RNN_1H,3,100,16,384000,0.5547616481781006,0.28959385454654696,1.4460034589999964,"[1.008373498916626, 0.8838825821876526, 0.44209831953048706]"
420020,SENSORY_SELF,3,100,16,384000,0.2513231337070465,0.24424119889736176,1.7367107919999967,"[2.4437925815582275, 1.0906484127044678, -0.29740336537361145]"
420020,OUTPUT_SITE_PERSISTENCE,3,100,16,384000,0.2684306204319,0.2506387397646904,1.707809124999983,"[1.9922072887420654, 1.1892836093902588, -0.0522974468767643]"
420020,NO_FEEDBACK,3,100,16,384000,0.26820483803749084,0.24982308596372604,1.6373593329999778,"[1.9823039770126343, 1.1725435256958008, -0.07074178755283356]"
420020,GENERIC_RNN_1H,3,100,16,384000,0.5090459585189819,0.28816055655479433,1.4753287919999991,"[0.9979400634765625, 0.8751564025878906, 0.4301348030567169]"
420021,SENSORY_SELF,3,100,16,384000,0.2705608308315277,0.2278391197323799,1.7348203329999876,"[2.3152103424072266, 1.0970752239227295, -0.2922016978263855]"
420021,OUTPUT_SITE_PERSISTENCE,3,100,16,384000,0.292507529258728,0.2293930247426033,1.7378032500000131,"[1.9815174341201782, 1.199237585067749, 0.020296990871429443]"
420021,NO_FEEDBACK,3,100,16,384000,0.2924942076206207,0.22952051907777787,1.62181025000001,"[1.9793319702148438, 1.1875193119049072, -0.12540967762470245]"
420021,GENERIC_RNN_1H,3,100,16,384000,0.5165783166885376,0.2694363608956337,1.4518431250000106,"[0.9863121509552002, 0.8790402412414551, 0.41229066252708435]"
420022,SENSORY_SELF,3,100,16,384000,0.32110512256622314,0.29706698656082153,1.7326246659999924,"[2.4454376697540283, 1.1101278066635132, -0.3273010551929474]"
420022,OUTPUT_SITE_PERSISTENCE,3,100,16,384000,0.37486374378204346,0.3029364988207817,1.7190000829999974,"[1.9676203727722168, 1.192427158355713, -0.052394792437553406]"
420022,NO_FEEDBACK,3,100,16,384000,0.37420716881752014,0.3019414350390434,1.626022000000006,"[1.9517673254013062, 1.185376763343811, -0.10120920836925507]"
420022,GENERIC_RNN_1H,3,100,16,384000,0.5849094986915588,0.3415744036436081,1.455170124999995,"[1.0026317834854126, 0.889906108379364, 0.43201911449432373]"
420023,SENSORY_SELF,3,100,16,384000,0.2362384796142578,0.25321487337350845,1.7368201250000084,"[2.4666571617126465, 1.0632661581039429, -0.26771676540374756]"
420023,OUTPUT_SITE_PERSISTENCE,3,100,16,384000,0.23307420313358307,0.2538784399628639,1.7090432920000183,"[1.9147478342056274, 1.1961400508880615, 0.09380674362182617]"
420023,NO_FEEDBACK,3,100,16,384000,0.23326362669467926,0.2539991721510887,1.633425040999981,"[1.9236470460891724, 1.2062944173812866, -0.07138900458812714]"
420023,GENERIC_RNN_1H,3,100,16,384000,0.4713883101940155,0.29464057385921477,1.4871674169999949,"[1.018261432647705, 0.8823844790458679, 0.45488691329956055]"
420024,SENSORY_SELF,3,100,16,384000,0.18506789207458496,0.24333429336547852,1.733081416999994,"[2.529447555541992, 1.1097325086593628, -0.2848614454269409]"
420024,OUTPUT_SITE_PERSISTENCE,3,100,16,384000,0.18298397958278656,0.24736703783273697,1.7318395839999994,"[2.0006442070007324, 1.206944465637207, -0.08874762803316116]"
420024,NO_FEEDBACK,3,100,16,384000,0.18310301005840302,0.2473916456103325,1.6277481250000108,"[1.996933937072754, 1.1920902729034424, -0.02343699149787426]"
420024,GENERIC_RNN_1H,3,100,16,384000,0.42181816697120667,0.28608823716640475,1.45046883400002,"[1.0303165912628174, 0.8938375115394592, 0.4666763246059418]"
420025,SENSORY_SELF,3,100,16,384000,0.23130512237548828,0.2614754199981689,1.7461536670000157,"[2.5014476776123047, 1.0610109567642212, -0.2935035526752472]"
420025,OUTPUT_SITE_PERSISTENCE,3,100,16,384000,0.24387946724891663,0.2677909642457962,1.7410384579999914,"[1.9991613626480103, 1.1674457788467407, -0.027847986668348312]"
420025,NO_FEEDBACK,3,100,16,384000,0.24394504725933075,0.26727482229471206,1.6253286249999803,"[1.9851261377334595, 1.1660891771316528, -0.04023389145731926]"
420025,GENERIC_RNN_1H,3,100,16,384000,0.4202301800251007,0.30062688887119293,1.4493922499999883,"[1.0309555530548096, 0.8955450057983398, 0.46366971731185913]"
420026,SENSORY_SELF,3,100,16,384000,0.33473727107048035,0.2948055773973465,1.7307468749999941,"[2.4600818157196045, 1.0701719522476196, -0.2994135320186615]"
420026,OUTPUT_SITE_PERSISTENCE,3,100,16,384000,0.3953950107097626,0.30138748288154604,1.706983125000022,"[1.9339479207992554, 1.1932835578918457, -0.07769168168306351]"
420026,NO_FEEDBACK,3,100,16,384000,0.39528924226760864,0.30053963512182236,1.632106666999988,"[1.9161932468414307, 1.1730694770812988, -0.11072706431150436]"
420026,GENERIC_RNN_1H,3,100,16,384000,0.5134977102279663,0.3419853538274765,1.481164917000001,"[1.0088810920715332, 0.8985855579376221, 0.4386209547519684]"
420027,SENSORY_SELF,3,100,16,384000,0.3095698356628418,0.24924943894147872,1.7432947079999792,"[2.4038026332855225, 1.1242173910140991, -0.27654537558555603]"
420027,OUTPUT_SITE_PERSISTENCE,3,100,16,384000,0.33175185322761536,0.25320648699998854,1.7410215829999913,"[1.9402077198028564, 1.1867754459381104, -0.062392525374889374]"
420027,NO_FEEDBACK,3,100,16,384000,0.33133894205093384,0.25225121676921847,1.6342667080000126,"[1.926139235496521, 1.1776167154312134, 0.07680874317884445]"
420027,GENERIC_RNN_1H,3,100,16,384000,0.5697615742683411,0.29727777242660525,1.4519359589999965,"[1.0164716243743896, 0.8868657946586609, 0.44740766286849976]"
420028,SENSORY_SELF,3,100,16,384000,0.22449442744255066,0.26763018071651457,1.7335101669999915,"[2.463893413543701, 1.0805649757385254, -0.3056347668170929]"
420028,OUTPUT_SITE_PERSISTENCE,3,100,16,384000,0.24563995003700256,0.2726276025176048,1.7413112499999954,"[1.9278249740600586, 1.1768603324890137, -0.07122544199228287]"
420028,NO_FEEDBACK,3,100,16,384000,0.24541297554969788,0.2718978673219681,1.6192516670000145,"[1.9355897903442383, 1.1566834449768066, -0.0910411849617958]"
420028,GENERIC_RNN_1H,3,100,16,384000,0.4803561866283417,0.31201528310775756,1.4467045000000098,"[0.9971514344215393, 0.8669488430023193, 0.42534175515174866]"
420029,SENSORY_SELF,3,100,16,384000,0.2645854353904724,0.22856010496616364,1.747112291999997,"[2.3406763076782227, 1.1183894872665405, -0.31227248907089233]"
420029,OUTPUT_SITE_PERSISTENCE,3,100,16,384000,0.272310733795166,0.2302611619234085,1.7019527920000144,"[1.954825520515442, 1.2033154964447021, -0.0957145169377327]"
420029,NO_FEEDBACK,3,100,16,384000,0.2722955048084259,0.22994692176580428,1.6219104589999915,"[1.9510366916656494, 1.1870286464691162, 0.044144194573163986]"
420029,GENERIC_RNN_1H,3,100,16,384000,0.5282889008522034,0.2653143972158432,1.478967874999995,"[1.0088990926742554, 0.8693170547485352, 0.444922536611557]"
420030,SENSORY_SELF,3,100,16,384000,0.28395384550094604,0.27146841436624525,1.7301796250000052,"[2.5213680267333984, 1.0610263347625732, -0.30529433488845825]"
420030,OUTPUT_SITE_PERSISTENCE,3,100,16,384000,0.2947969138622284,0.2776362240314484,1.7234837089999928,"[1.9989932775497437, 1.1879140138626099, -0.08917562663555145]"
420030,NO_FEEDBACK,3,100,16,384000,0.2947767674922943,0.27740461081266404,1.624187166000013,"[1.967801570892334, 1.1852587461471558, 0.07660060375928879]"
420030,GENERIC_RNN_1H,3,100,16,384000,0.5245832204818726,0.31949763000011444,1.4526190419999807,"[1.011059284210205, 0.8843953609466553, 0.44234195351600647]"
420031,SENSORY_SELF,3,100,16,384000,0.3020954132080078,0.27444968819618226,1.7462965000000281,"[2.329763650894165, 1.1082671880722046, -0.30772754549980164]"
420031,OUTPUT_SITE_PERSISTENCE,3,100,16,384000,0.3366197645664215,0.2834640398621559,1.7360060419999854,"[1.9698971509933472, 1.207603931427002, -0.04323079064488411]"
420031,NO_FEEDBACK,3,100,16,384000,0.33651846647262573,0.2833903804421425,1.634643208,"[1.962449550628662, 1.2030373811721802, -0.1619895100593567]"
420031,GENERIC_RNN_1H,3,100,16,384000,0.5179927945137024,0.3202864915132523,1.451657042000022,"[1.003467082977295, 0.8926709890365601, 0.4300054609775543]"
