training_seed,regime,arm,parameter_count,updates,batch_size,training_seconds,initial_loss,final_10_update_loss,parameters_json
76000,RANDOM_ACTION,MODE_GAIN,8,200,16,0.33708108300000006,0.055246464908123016,0.032728713005781174,"[7.215310096740723, 7.120494842529297, -2.297999858856201, -2.156521797180176, 1.9577937126159668, -1.9650715589523315, -0.008959360420703888, -0.0034691705368459225]"
76000,RANDOM_ACTION,NO_CONTEXT,6,200,16,0.2531007919999999,0.1071215271949768,0.09908620044589042,"[7.579962253570557, 7.4749979972839355, -1.3120640516281128, -1.2603336572647095, 0.005491979420185089, -0.009908022359013557]"
76000,RANDOM_ACTION,ADDITIVE_RNN_MATCHED,8,200,16,0.2735295,1.4287781715393066,0.05663365349173546,"[2.4342215061187744, 2.4697165489196777, 0.17575502395629883, 0.16872064769268036, 0.00323728215880692, -0.006934482604265213, -0.00410126568749547, -0.006162551697343588]"
76000,RANDOM_ACTION,BILINEAR_RNN_MATCHED,8,200,16,0.27864404200000004,1.4287781715393066,0.05340646095573902,"[2.2912235260009766, 2.3854572772979736, 0.16624782979488373, 0.1687106490135193, 0.030944498255848885, -0.018776312470436096, -0.0031250908505171537, -0.004360450431704521]"
76000,TEACHER_MIXED_CLOSED_LOOP,MODE_GAIN,8,200,16,0.3080869169999998,0.04219905287027359,0.03136592712253332,"[4.454074859619141, 3.485797166824341, -1.5321147441864014, -1.1254945993423462, 0.9476107358932495, -0.7060285806655884, 0.005030744709074497, 0.0022106869146227837]"
76000,TEACHER_MIXED_CLOSED_LOOP,NO_CONTEXT,6,200,16,0.253446834,0.03772224858403206,0.03522258251905441,"[5.093145370483398, 4.709463119506836, -0.8269018530845642, -0.8180012702941895, 0.00034916610457003117, -0.005714009050279856]"
76000,TEACHER_MIXED_CLOSED_LOOP,ADDITIVE_RNN_MATCHED,8,200,16,0.2740335410000001,0.17923608422279358,0.03861526288092136,"[1.7816001176834106, 2.110480308532715, 0.239836186170578, 0.2236001193523407, -0.0008250599494203925, -0.0022054777946323156, 0.0049225627444684505, -0.003584506455808878]"
76000,TEACHER_MIXED_CLOSED_LOOP,BILINEAR_RNN_MATCHED,8,200,16,0.27612620900000007,0.17923608422279358,0.034148885682225225,"[1.8472923040390015, 2.0402371883392334, 0.16106228530406952, 0.1732761710882187, 0.1207553818821907, -0.09192918986082077, 0.00400024326518178, -0.0008673300035297871]"
76001,RANDOM_ACTION,MODE_GAIN,8,200,16,0.3091106670000001,0.06373151391744614,0.03639430142939091,"[7.17085599899292, 7.048035144805908, -2.2763843536376953, -2.2056069374084473, 1.9937455654144287, -1.8917207717895508, -0.00023917737416923046, -0.006299270316958427]"
76001,RANDOM_ACTION,NO_CONTEXT,6,200,16,0.25303254200000014,0.1454171985387802,0.11451069936156273,"[7.531058311462402, 7.430377960205078, -1.2271770238876343, -1.1475343704223633, 0.009096676483750343, -0.014387257397174835]"
76001,RANDOM_ACTION,ADDITIVE_RNN_MATCHED,8,200,16,0.27009583300000006,1.8799593448638916,0.06267760358750821,"[2.452033758163452, 2.47483491897583, 0.16776180267333984, 0.17184025049209595, -0.009567161090672016, 0.01010938547551632, 0.0028736568056046963, -0.0015359257813543081]"
76001,RANDOM_ACTION,BILINEAR_RNN_MATCHED,8,200,16,0.2752802920000006,1.8799593448638916,0.06024943925440311,"[2.3359994888305664, 2.3893635272979736, 0.15568731725215912, 0.16619166731834412, 0.038014624267816544, -0.005576252471655607, 0.0028085648082196712, -0.0021609740797430277]"
76001,TEACHER_MIXED_CLOSED_LOOP,MODE_GAIN,8,200,16,0.3100380420000004,0.04980491101741791,0.036414993554353715,"[3.7086904048919678, 3.680419921875, -1.451377034187317, -1.075474739074707, 0.9683788418769836, -0.5964443683624268, 0.0001627759775146842, 0.0019926228560507298]"
76001,TEACHER_MIXED_CLOSED_LOOP,NO_CONTEXT,6,200,16,0.252369292,0.0445687361061573,0.04064963310956955,"[4.8816399574279785, 4.899731159210205, -0.805427074432373, -0.7641710042953491, -0.006208683364093304, -0.006697355303913355]"
76001,TEACHER_MIXED_CLOSED_LOOP,ADDITIVE_RNN_MATCHED,8,200,16,0.27123870899999947,0.2733348608016968,0.04453460276126862,"[2.0031826496124268, 1.9991203546524048, 0.23294194042682648, 0.23669037222862244, 1.488650741521269e-05, 0.005589230451732874, 0.00010584552364889532, 0.0015440639108419418]"
76001,TEACHER_MIXED_CLOSED_LOOP,BILINEAR_RNN_MATCHED,8,200,16,0.2731587080000004,0.2733348608016968,0.03902957998216152,"[1.9076327085494995, 2.0140249729156494, 0.15552249550819397, 0.20315054059028625, 0.13207882642745972, -0.06707889586687088, -0.0011309756664559245, 0.0025642544496804476]"
76002,RANDOM_ACTION,MODE_GAIN,8,200,16,0.3054926670000002,0.0659336969256401,0.035881254263222216,"[7.076435565948486, 7.064059257507324, -2.2327158451080322, -2.1823527812957764, 1.970192551612854, -2.043349504470825, -0.0007648986647836864, 0.006139428820461035]"
76002,RANDOM_ACTION,NO_CONTEXT,6,200,16,0.25152445799999956,0.1501167118549347,0.1107700489461422,"[7.459218502044678, 7.441930770874023, -1.0410884618759155, -1.2376869916915894, -0.01136760413646698, 0.013095980510115623]"
76002,RANDOM_ACTION,ADDITIVE_RNN_MATCHED,8,200,16,0.2721039169999999,1.9500422477722168,0.06205178163945675,"[2.425337553024292, 2.4346864223480225, 0.1750965565443039, 0.16934531927108765, 0.0162831861525774, 0.0023282114416360855, -0.003217393532395363, -0.000820104731246829]"
76002,RANDOM_ACTION,BILINEAR_RNN_MATCHED,8,200,16,0.2750781670000002,1.9500422477722168,0.059097616374492644,"[2.303830623626709, 2.3336381912231445, 0.17103686928749084, 0.17127519845962524, 0.027205055579543114, -0.0055501749739050865, -0.0017112931236624718, 0.002865931950509548]"
76002,TEACHER_MIXED_CLOSED_LOOP,MODE_GAIN,8,200,16,0.308222625,0.047067027539014816,0.033816045895218846,"[4.316999435424805, 4.5670247077941895, -1.4854116439819336, -1.095773696899414, 1.042155146598816, -0.7781597971916199, -0.005043125711381435, 0.004135178402066231]"
76002,TEACHER_MIXED_CLOSED_LOOP,NO_CONTEXT,6,200,16,0.2500764999999996,0.047408439218997955,0.039513385854661465,"[5.450350284576416, 5.866818428039551, -0.7373721599578857, -0.728468120098114, -0.007099570706486702, 0.005323449615389109]"
76002,TEACHER_MIXED_CLOSED_LOOP,ADDITIVE_RNN_MATCHED,8,200,16,0.2688827500000004,0.2732386291027069,0.04237729851156473,"[2.1590871810913086, 1.8544186353683472, 0.217681422829628, 0.24060988426208496, 0.005159447435289621, -0.007386986631900072, -0.005551207810640335, 0.0017639797879382968]"
76002,TEACHER_MIXED_CLOSED_LOOP,BILINEAR_RNN_MATCHED,8,200,16,0.27760562499999963,0.2732386291027069,0.037058736011385915,"[2.1566784381866455, 1.7766997814178467, 0.14270524680614471, 0.20464816689491272, 0.11749802529811859, -0.08001469820737839, -0.0013790486846119165, 0.0003350895713083446]"
76003,RANDOM_ACTION,MODE_GAIN,8,200,16,0.3093900000000005,0.06941961497068405,0.036460782028734685,"[7.1487860679626465, 7.043591499328613, -2.285083055496216, -2.080172061920166, 1.8888355493545532, -2.067464828491211, 0.00599177461117506, -0.0007897359319031239]"
76003,RANDOM_ACTION,NO_CONTEXT,6,200,16,0.2498744999999989,0.1551179140806198,0.10629633739590645,"[7.473598957061768, 7.461121082305908, -1.2526471614837646, -1.0469586849212646, -0.00517016788944602, 0.0038428413681685925]"
76003,RANDOM_ACTION,ADDITIVE_RNN_MATCHED,8,200,16,0.2752215840000005,2.3155570030212402,0.05963059850037098,"[2.471006393432617, 2.4552624225616455, 0.16831308603286743, 0.173551544547081, -0.008073430508375168, 0.004060187842696905, -0.0031936978921294212, 0.00017623486928641796]"
76003,RANDOM_ACTION,BILINEAR_RNN_MATCHED,8,200,16,0.2750943750000001,2.3155570030212402,0.057135189324617384,"[2.3540167808532715, 2.3532116413116455, 0.15568004548549652, 0.17804759740829468, 0.03702530637383461, -0.005309612490236759, -0.0049258386716246605, -0.0008660920429974794]"
76003,TEACHER_MIXED_CLOSED_LOOP,MODE_GAIN,8,200,16,0.31100612500000047,0.051637329161167145,0.03808006830513477,"[4.168979167938232, 3.6691009998321533, -1.4758353233337402, -0.9801897406578064, 0.9290666580200195, -0.751648485660553, 0.001668393611907959, -0.00478171044960618]"
76003,TEACHER_MIXED_CLOSED_LOOP,NO_CONTEXT,6,200,16,0.2519665419999999,0.04780653119087219,0.04248562641441822,"[4.6148834228515625, 5.244279384613037, -0.8773744702339172, -0.5348284840583801, -0.002395276678726077, -0.004456602036952972]"
76003,TEACHER_MIXED_CLOSED_LOOP,ADDITIVE_RNN_MATCHED,8,200,16,0.2734795839999986,0.19730708003044128,0.044943932071328165,"[1.9055066108703613, 1.9214353561401367, 0.2275785505771637, 0.24642689526081085, -0.003321047406643629, 0.004483200144022703, -0.0010728251654654741, 0.0031706837471574545]"
76003,TEACHER_MIXED_CLOSED_LOOP,BILINEAR_RNN_MATCHED,8,200,16,0.2779079580000001,0.19730708003044128,0.04056346043944359,"[1.906144380569458, 1.8440481424331665, 0.16393496096134186, 0.19926762580871582, 0.11918482929468155, -0.08516144007444382, 0.0006375958910211921, 0.0019113841699436307]"
76004,RANDOM_ACTION,MODE_GAIN,8,200,16,0.30897783300000015,0.05504388362169266,0.03448328375816345,"[7.1655192375183105, 7.107597351074219, -2.1944425106048584, -2.149827241897583, 2.052549123764038, -1.9692397117614746, 0.014153441414237022, 0.008960776031017303]"
76004,RANDOM_ACTION,NO_CONTEXT,6,200,16,0.2514869579999992,0.1124245747923851,0.10252998173236846,"[7.5145792961120605, 7.482999801635742, -1.1350079774856567, -1.2694180011749268, 0.0044343979097902775, -0.005116392858326435]"
76004,RANDOM_ACTION,ADDITIVE_RNN_MATCHED,8,200,16,0.272008915999999,1.8310467004776,0.05517718642950058,"[2.437004327774048, 2.423661708831787, 0.16816559433937073, 0.17319953441619873, 0.004569959361106157, 0.005064602009952068, -0.0007080595241859555, 0.0019482469651848078]"
76004,RANDOM_ACTION,BILINEAR_RNN_MATCHED,8,200,16,0.27041508400000147,1.8310467004776,0.05319497063755989,"[2.2930774688720703, 2.271517038345337, 0.1721009463071823, 0.18017753958702087, 0.015605711378157139, -0.018903804942965508, 0.0023472760803997517, 0.005185301881283522]"
76004,TEACHER_MIXED_CLOSED_LOOP,MODE_GAIN,8,200,16,0.3059189999999994,0.041643887758255005,0.035126583836972716,"[4.874685287475586, 4.1454291343688965, -1.3252919912338257, -1.042759656906128, 1.0335906744003296, -0.81993567943573, 0.006842400413006544, 0.005944629665464163]"
76004,TEACHER_MIXED_CLOSED_LOOP,NO_CONTEXT,6,200,16,0.2503259169999996,0.03796952962875366,0.03997291438281536,"[6.31876277923584, 5.287994861602783, -0.6204182505607605, -0.6290135383605957, 0.008423282764852047, 0.006992139387875795]"
76004,TEACHER_MIXED_CLOSED_LOOP,ADDITIVE_RNN_MATCHED,8,200,16,0.27355033400000117,0.192475825548172,0.040922665223479274,"[1.9970916509628296, 1.8612154722213745, 0.251521497964859, 0.25993242859840393, -0.005257692188024521, -0.0011361930519342422, 0.0018583808559924364, 0.0047599319368600845]"
76004,TEACHER_MIXED_CLOSED_LOOP,BILINEAR_RNN_MATCHED,8,200,16,0.27219520900000127,0.192475825548172,0.03689296059310436,"[1.932339072227478, 1.77678382396698, 0.1674937903881073, 0.21245931088924408, 0.12267924845218658, -0.08169031143188477, 0.0010240527335554361, 0.004363153595477343]"
76005,RANDOM_ACTION,MODE_GAIN,8,200,16,0.30835566699999895,0.07109448313713074,0.03366941772401333,"[7.053625106811523, 7.104307651519775, -2.230039358139038, -2.1860849857330322, 1.9459459781646729, -1.9496536254882812, 0.005304735153913498, 0.0036199826281517744]"
76005,RANDOM_ACTION,NO_CONTEXT,6,200,16,0.25131125000000054,0.1468883901834488,0.10620317980647087,"[7.437033653259277, 7.410630226135254, -1.222294569015503, -1.2029225826263428, 0.015530392527580261, -0.00674461480230093]"
76005,RANDOM_ACTION,ADDITIVE_RNN_MATCHED,8,200,16,0.2737219589999995,2.236574411392212,0.056550822034478185,"[2.427568197250366, 2.4229397773742676, 0.17678044736385345, 0.17335112392902374, -0.011687015183269978, -0.0021568103693425655, 0.0016740100691094995, 0.0030370508320629597]"
76005,RANDOM_ACTION,BILINEAR_RNN_MATCHED,8,200,16,0.2751442090000005,2.236574411392212,0.052829258143901825,"[2.3102214336395264, 2.2849931716918945, 0.17171823978424072, 0.16945962607860565, 0.030821064487099648, -0.0312991626560688, 0.0016761310398578644, 0.0036919773556292057]"
76005,TEACHER_MIXED_CLOSED_LOOP,MODE_GAIN,8,200,16,0.30836662500000145,0.05246907100081444,0.03440893143415451,"[3.216733455657959, 4.428163528442383, -1.3263251781463623, -1.0848923921585083, 0.9561129808425903, -0.6466072797775269, 0.011460179463028908, 0.002195412293076515]"
76005,TEACHER_MIXED_CLOSED_LOOP,NO_CONTEXT,6,200,16,0.2516916250000012,0.045575257390737534,0.039032123237848285,"[5.044646263122559, 5.708661079406738, -0.7385634779930115, -0.7036927342414856, 0.002869079355150461, -0.002934394869953394]"
76005,TEACHER_MIXED_CLOSED_LOOP,ADDITIVE_RNN_MATCHED,8,200,16,0.27334079199999906,0.2493932545185089,0.041249795258045195,"[2.2009239196777344, 1.9474198818206787, 0.2300117015838623, 0.24564555287361145, 0.002749619074165821, 0.012526175938546658, 0.0031229937449097633, 0.002695201663300395]"
76005,TEACHER_MIXED_CLOSED_LOOP,BILINEAR_RNN_MATCHED,8,200,16,0.2751783339999996,0.2493932545185089,0.0366962993517518,"[2.1504862308502197, 1.92246413230896, 0.14697420597076416, 0.20827563107013702, 0.12629033625125885, -0.06628424674272537, 0.0009266259148716927, 0.0018593985587358475]"
76006,RANDOM_ACTION,MODE_GAIN,8,200,16,0.3069060419999996,0.06144335865974426,0.032444152794778344,"[7.170307636260986, 7.13035774230957, -2.304520845413208, -2.3143393993377686, 1.912372350692749, -1.9478163719177246, -0.006363924127072096, 0.006754199508577585]"
76006,RANDOM_ACTION,NO_CONTEXT,6,200,16,0.25388899999999914,0.13959136605262756,0.09968796074390411,"[7.424356460571289, 7.4940595626831055, -1.1471325159072876, -1.3891044855117798, -0.006184089928865433, 0.0033652118872851133]"
76006,RANDOM_ACTION,ADDITIVE_RNN_MATCHED,8,200,16,0.2721447500000007,2.0091071128845215,0.050864733010530475,"[2.4516196250915527, 2.4293155670166016, 0.17404474318027496, 0.16159971058368683, 0.014149212278425694, 0.008286981843411922, -0.00365852122195065, -2.5123008526861668e-05]"
76006,RANDOM_ACTION,BILINEAR_RNN_MATCHED,8,200,16,0.273329833,2.0091071128845215,0.04931928981095553,"[2.340747117996216, 2.336729049682617, 0.1581493616104126, 0.18088869750499725, 0.03653584420681, -0.00587477209046483, -0.004351214040070772, -0.0014653378166258335]"
76006,TEACHER_MIXED_CLOSED_LOOP,MODE_GAIN,8,200,16,0.31262025000000015,0.04488031193614006,0.030495277233421804,"[4.065550327301025, 3.68784761428833, -1.5111579895019531, -1.1509302854537964, 0.9973545670509338, -0.6528001427650452, -0.004830038174986839, 0.0017433010507375002]"
76006,TEACHER_MIXED_CLOSED_LOOP,NO_CONTEXT,6,200,16,0.2501093340000011,0.04585488885641098,0.034782993420958516,"[5.06245231628418, 5.254462718963623, -0.802343487739563, -0.833324134349823, -0.004338506143540144, -0.0015385873848572373]"
76006,TEACHER_MIXED_CLOSED_LOOP,ADDITIVE_RNN_MATCHED,8,200,16,0.26617912500000074,0.3535168170928955,0.0385786360129714,"[2.285376787185669, 2.077150344848633, 0.21508318185806274, 0.22019743919372559, 0.0009870196226984262, 0.010879291221499443, -0.0028913221322000027, -0.001039515482261777]"
76006,TEACHER_MIXED_CLOSED_LOOP,BILINEAR_RNN_MATCHED,8,200,16,0.27663079199999885,0.3535168170928955,0.03322621695697307,"[2.2736129760742188, 2.0236997604370117, 0.1471535861492157, 0.1774516999721527, 0.10973691195249557, -0.08289363235235214, -0.002814867068082094, -0.0002976214746013284]"
76007,RANDOM_ACTION,MODE_GAIN,8,200,16,0.30670366700000073,0.06711268424987793,0.03625563532114029,"[7.099189758300781, 7.179525375366211, -2.24216890335083, -2.208956480026245, 1.994408369064331, -1.9124153852462769, -0.002784521784633398, -0.006485820282250643]"
76007,RANDOM_ACTION,NO_CONTEXT,6,200,16,0.2562038330000007,0.13890372216701508,0.1160360373556614,"[7.476991176605225, 7.528486728668213, -1.233240008354187, -1.2421972751617432, -0.02059231512248516, 0.0019858586601912975]"
76007,RANDOM_ACTION,ADDITIVE_RNN_MATCHED,8,200,16,0.2748426660000014,1.5475842952728271,0.05917535051703453,"[2.487689733505249, 2.4100115299224854, 0.17431509494781494, 0.17704325914382935, 0.015245415270328522, -0.01610150747001171, 0.0007549229776486754, -0.0036858220119029284]"
76007,RANDOM_ACTION,BILINEAR_RNN_MATCHED,8,200,16,0.27501537499999884,1.5475842952728271,0.05806135982275009,"[2.36409592628479, 2.2721216678619385, 0.1638736128807068, 0.17623260617256165, 0.027256302535533905, -0.02646106854081154, 0.0011689307866618037, -0.0034891264513134956]"
76007,TEACHER_MIXED_CLOSED_LOOP,MODE_GAIN,8,200,16,0.3055386250000005,0.0539696030318737,0.035174835659563544,"[4.046933650970459, 4.488630294799805, -1.4172121286392212, -1.1299694776535034, 0.9360777735710144, -0.6862223744392395, -0.0009513054392300546, -0.0038534621708095074]"
76007,TEACHER_MIXED_CLOSED_LOOP,NO_CONTEXT,6,200,16,0.25196762500000247,0.05191795527935028,0.04070190042257309,"[5.211546421051025, 5.513313293457031, -0.7985501885414124, -0.8096426129341125, 0.0029282227624207735, -0.0002963310107588768]"
76007,TEACHER_MIXED_CLOSED_LOOP,ADDITIVE_RNN_MATCHED,8,200,16,0.27366045899999847,0.3166337311267853,0.04303324967622757,"[2.1498069763183594, 1.8706138134002686, 0.22620876133441925, 0.23376686871051788, -0.0020895148627460003, -0.0020680578891187906, 0.001118807471357286, -0.002056884579360485]"
76007,TEACHER_MIXED_CLOSED_LOOP,BILINEAR_RNN_MATCHED,8,200,16,0.2786989999999996,0.3166337311267853,0.037878199853003024,"[2.161437511444092, 1.7332448959350586, 0.14166370034217834, 0.20483636856079102, 0.11691540479660034, -0.08887393027544022, -0.001763093052431941, -0.0015176769811660051]"
76008,RANDOM_ACTION,MODE_GAIN,8,200,16,0.3083714999999998,0.06027321144938469,0.03523194715380669,"[7.1826066970825195, 7.109517574310303, -2.2778408527374268, -2.206697702407837, 2.030052900314331, -1.9510250091552734, -0.01359124667942524, 0.010643059387803078]"
76008,RANDOM_ACTION,NO_CONTEXT,6,200,16,0.25243037499999943,0.11724115908145905,0.11169331595301628,"[7.5487895011901855, 7.477244853973389, -1.1439467668533325, -1.2276465892791748, 0.008869067765772343, 0.006572995334863663]"
76008,RANDOM_ACTION,ADDITIVE_RNN_MATCHED,8,200,16,0.27248954199999886,1.553084135055542,0.05540614575147629,"[2.429250717163086, 2.4147214889526367, 0.1750926375389099, 0.1710028499364853, 0.0029782403726130724, 0.011451706290245056, -0.005574164912104607, -0.004709077998995781]"
76008,RANDOM_ACTION,BILINEAR_RNN_MATCHED,8,200,16,0.27465725000000063,1.553084135055542,0.053835354372859,"[2.304584503173828, 2.3336496353149414, 0.15521885454654694, 0.17456963658332825, 0.048147380352020264, -0.0005697958404198289, -0.005186321679502726, -0.004990317393094301]"
76008,TEACHER_MIXED_CLOSED_LOOP,MODE_GAIN,8,200,16,0.3099248330000002,0.04925057664513588,0.034757763519883154,"[4.275243759155273, 4.17849588394165, -1.473226547241211, -1.0607411861419678, 1.0923123359680176, -0.6933771967887878, -0.012469652108848095, -0.0008269173558801413]"
76008,TEACHER_MIXED_CLOSED_LOOP,NO_CONTEXT,6,200,16,0.2535686659999996,0.04501321539282799,0.0399774681776762,"[5.53289270401001, 5.588249206542969, -0.757326602935791, -0.7290623784065247, -0.013585273176431656, -0.005458329804241657]"
76008,TEACHER_MIXED_CLOSED_LOOP,ADDITIVE_RNN_MATCHED,8,200,16,0.2776414590000016,0.1826615333557129,0.042031577602028844,"[2.0005784034729004, 1.886927604675293, 0.23287543654441833, 0.24054959416389465, 0.001418272964656353, 0.00033211964182555676, -0.0077261971309781075, -0.0033417302183806896]"
76008,TEACHER_MIXED_CLOSED_LOOP,BILINEAR_RNN_MATCHED,8,200,16,0.2731059160000022,0.1826615333557129,0.03768881447613239,"[2.013808250427246, 1.8673332929611206, 0.1397850215435028, 0.19938208162784576, 0.12639382481575012, -0.0755634680390358, -0.004751012660562992, -0.0009407637408003211]"
76009,RANDOM_ACTION,MODE_GAIN,8,200,16,0.3053697920000005,0.06160730496048927,0.037209652364254,"[7.046474456787109, 7.105323314666748, -2.215643882751465, -2.193821668624878, 1.9724767208099365, -1.9282931089401245, 0.011138686910271645, 0.0013526456896215677]"
76009,RANDOM_ACTION,NO_CONTEXT,6,200,16,0.2478044170000011,0.12087585777044296,0.11779948845505714,"[7.374604225158691, 7.524012088775635, -0.9791780114173889, -1.049431324005127, -0.0021723005920648575, -0.017822571098804474]"
76009,RANDOM_ACTION,ADDITIVE_RNN_MATCHED,8,200,16,0.26918033399999786,1.3066327571868896,0.061155426874756814,"[2.4739105701446533, 2.439690113067627, 0.17569923400878906, 0.17185483872890472, 0.0007981816306710243, -0.02361120842397213, 0.0005223297048360109, 0.0014537470415234566]"
76009,RANDOM_ACTION,BILINEAR_RNN_MATCHED,8,200,16,0.27677808299999995,1.3066327571868896,0.0581158060580492,"[2.347977876663208, 2.2876527309417725, 0.1621895283460617, 0.1681240051984787, 0.039151061326265335, -0.02167254500091076, 0.001884866738691926, 0.004023644607514143]"
76009,TEACHER_MIXED_CLOSED_LOOP,MODE_GAIN,8,200,16,0.3120023749999987,0.04851860553026199,0.03977418132126331,"[4.669323921203613, 4.4546122550964355, -1.4082242250442505, -1.0656352043151855, 1.0367871522903442, -0.6549129486083984, 0.005465673748403788, 0.007942082360386848]"
76009,TEACHER_MIXED_CLOSED_LOOP,NO_CONTEXT,6,200,16,0.24839320899999962,0.04145820438861847,0.04507988914847374,"[6.053793907165527, 5.608962535858154, -0.7262465953826904, -0.6918277740478516, 0.012884794734418392, 0.0062922025099396706]"
76009,TEACHER_MIXED_CLOSED_LOOP,ADDITIVE_RNN_MATCHED,8,200,16,0.27016241700000165,0.1562739461660385,0.047614149376749994,"[1.9176279306411743, 1.9307639598846436, 0.2467842698097229, 0.23967783153057098, 0.001280615571886301, 0.002004041336476803, 0.001923574018292129, 0.0013881787890568376]"
76009,TEACHER_MIXED_CLOSED_LOOP,BILINEAR_RNN_MATCHED,8,200,16,0.27227366700000033,0.1562739461660385,0.041996439546346666,"[1.7981258630752563, 1.8948397636413574, 0.1707644760608673, 0.20587953925132751, 0.13380466401576996, -0.06502638012170792, 0.002127351239323616, 0.002477810252457857]"
76010,RANDOM_ACTION,MODE_GAIN,8,200,16,0.31196833300000293,0.0631062388420105,0.03136758655309677,"[7.133397579193115, 7.016236782073975, -2.293860912322998, -2.1680216789245605, 1.8928829431533813, -2.005040407180786, 0.0018868416082113981, 0.0050273193046450615]"
76010,RANDOM_ACTION,NO_CONTEXT,6,200,16,0.2542275000000025,0.12388068437576294,0.10287686288356782,"[7.495898246765137, 7.51059103012085, -1.2427308559417725, -1.2182775735855103, -0.018420137465000153, -0.003646404016762972]"
76010,RANDOM_ACTION,ADDITIVE_RNN_MATCHED,8,200,16,0.27441862499999914,1.947962760925293,0.04737200886011124,"[2.4520089626312256, 2.456568479537964, 0.1636301726102829, 0.17868897318840027, 0.004858979023993015, 0.0001158157829195261, 0.002847146475687623, 0.003536358941346407]"
76010,RANDOM_ACTION,BILINEAR_RNN_MATCHED,8,200,16,0.27652216699999954,1.947962760925293,0.046009546145796776,"[2.269726276397705, 2.364504098892212, 0.16283483803272247, 0.17765846848487854, 0.019679449498653412, -0.015609770081937313, -0.0028751827776432037, 0.004981443751603365]"
76010,TEACHER_MIXED_CLOSED_LOOP,MODE_GAIN,8,200,16,0.30596325000000135,0.05368486046791077,0.03041725754737854,"[4.1765241622924805, 3.427046060562134, -1.4802274703979492, -1.0439027547836304, 0.9368315935134888, -0.6815640926361084, 0.0060025048442184925, 0.006625629495829344]"
76010,TEACHER_MIXED_CLOSED_LOOP,NO_CONTEXT,6,200,16,0.25173699999999855,0.04851679503917694,0.03424781374633312,"[5.194222450256348, 5.077965259552002, -0.8118035793304443, -0.722780168056488, -0.002127691637724638, 0.002407932886853814]"
76010,TEACHER_MIXED_CLOSED_LOOP,ADDITIVE_RNN_MATCHED,8,200,16,0.27466879199999994,0.286303848028183,0.037785304710268974,"[1.9850146770477295, 2.0441975593566895, 0.22943146526813507, 0.24332518875598907, -0.004938444122672081, 0.006645649671554565, -0.0014240150339901447, 0.0024772523902356625]"
76010,TEACHER_MIXED_CLOSED_LOOP,BILINEAR_RNN_MATCHED,8,200,16,0.27930874999999844,0.286303848028183,0.03342048022896051,"[1.9968332052230835, 2.0552918910980225, 0.1504237800836563, 0.18815475702285767, 0.08987578749656677, -0.07637517899274826, 0.00010745960753411055, 0.0028284627478569746]"
76011,RANDOM_ACTION,MODE_GAIN,8,200,16,0.30702583300000086,0.07344214618206024,0.03672519978135824,"[7.209784507751465, 7.078261375427246, -2.2697579860687256, -2.2416157722473145, 1.9446196556091309, -1.9966086149215698, 0.005680418573319912, 0.0010843579657375813]"
76011,RANDOM_ACTION,NO_CONTEXT,6,200,16,0.25294799999999995,0.16056819260120392,0.11748197972774506,"[7.564137935638428, 7.467718124389648, -1.1953985691070557, -1.2150580883026123, -0.0036895377561450005, -0.009117712266743183]"
76011,RANDOM_ACTION,ADDITIVE_RNN_MATCHED,8,200,16,0.27155366699999917,2.171391487121582,0.05836362950503826,"[2.460958957672119, 2.464005470275879, 0.169371098279953, 0.1700935959815979, 0.0016664305003359914, 0.001446940004825592, -0.0027369214221835136, -0.0062195369973778725]"
76011,RANDOM_ACTION,BILINEAR_RNN_MATCHED,8,200,16,0.27548499999999976,2.171391487121582,0.05617253035306931,"[2.347818613052368, 2.383624315261841, 0.15546409785747528, 0.1661333292722702, 0.03901003673672676, -0.019333261996507645, -0.0008275815052911639, -0.006137252785265446]"
76011,TEACHER_MIXED_CLOSED_LOOP,MODE_GAIN,8,200,16,0.30721779199999943,0.057745471596717834,0.03381671253591776,"[3.9887123107910156, 4.4829020500183105, -1.4692745208740234, -1.1865736246109009, 1.0055550336837769, -0.8232883214950562, -0.006491770036518574, -0.006237028166651726]"
76011,TEACHER_MIXED_CLOSED_LOOP,NO_CONTEXT,6,200,16,0.25048120800000007,0.05648649483919144,0.03785186111927032,"[4.958057403564453, 5.592133045196533, -0.8296123743057251, -0.7793921828269958, -0.008454639464616776, -0.009266232140362263]"
76011,TEACHER_MIXED_CLOSED_LOOP,ADDITIVE_RNN_MATCHED,8,200,16,0.27189708400000256,0.41287344694137573,0.04334656819701195,"[1.9080396890640259, 2.3140928745269775, 0.2367226779460907, 0.21997229754924774, 0.0038037612102925777, -0.006093105301260948, -0.0033673327416181564, -0.002075409982353449]"
76011,TEACHER_MIXED_CLOSED_LOOP,BILINEAR_RNN_MATCHED,8,200,16,0.2762683329999973,0.41287344694137573,0.03955298513174057,"[1.92262864112854, 2.258152484893799, 0.15802209079265594, 0.17765268683433533, 0.11505980789661407, -0.07074247300624847, -0.0048858593218028545, -0.000418518902733922]"
76012,RANDOM_ACTION,MODE_GAIN,8,200,16,0.3096773749999997,0.046920061111450195,0.037912959977984426,"[7.189391613006592, 7.112057685852051, -2.2507236003875732, -2.1308326721191406, 1.9854449033737183, -2.1181774139404297, -0.0030380534008145332, 0.010075371712446213]"
76012,RANDOM_ACTION,NO_CONTEXT,6,200,16,0.2537782919999998,0.08433477580547333,0.10069741234183312,"[7.471051216125488, 7.481182098388672, -1.2217317819595337, -1.228885293006897, -0.0078014046885073185, -0.006590863224118948]"
76012,RANDOM_ACTION,ADDITIVE_RNN_MATCHED,8,200,16,0.2731203330000014,2.150752067565918,0.05731843188405037,"[2.400021553039551, 2.4492571353912354, 0.17009477317333221, 0.1715300977230072, 0.016326425597071648, -0.009870827198028564, -0.0012095418060198426, 0.0004952747840434313]"
76012,RANDOM_ACTION,BILINEAR_RNN_MATCHED,8,200,16,0.27969387499999954,2.150752067565918,0.05532889626920223,"[2.257050037384033, 2.3352787494659424, 0.15805581212043762, 0.19790136814117432, 0.0327802449464798, 0.010265445336699486, -9.157968452200294e-05, 0.0024729755241423845]"
76012,TEACHER_MIXED_CLOSED_LOOP,MODE_GAIN,8,200,16,0.3051714170000004,0.03886106610298157,0.03502216730266809,"[4.646153926849365, 4.730245113372803, -1.4640355110168457, -0.9249337315559387, 1.0053749084472656, -0.661432147026062, -0.004403692204505205, 0.0006476482376456261]"
76012,TEACHER_MIXED_CLOSED_LOOP,NO_CONTEXT,6,200,16,0.2530468329999991,0.03485522046685219,0.03883917592465878,"[5.475447654724121, 6.119878768920898, -0.7848604917526245, -0.63575279712677, 0.008256737142801285, 0.007514027878642082]"
76012,TEACHER_MIXED_CLOSED_LOOP,ADDITIVE_RNN_MATCHED,8,200,16,0.2751854999999992,0.1457320749759674,0.0426559466868639,"[1.9758670330047607, 1.9544404745101929, 0.22457216680049896, 0.23997485637664795, -0.011743349023163319, -0.01661817543208599, 0.0024489935021847486, 0.004161406774073839]"
76012,TEACHER_MIXED_CLOSED_LOOP,BILINEAR_RNN_MATCHED,8,200,16,0.2745894170000014,0.1457320749759674,0.03747053034603596,"[1.9233564138412476, 1.7366267442703247, 0.1578945815563202, 0.20672695338726044, 0.10436136275529861, -0.0588674359023571, 0.0015562321059405804, 0.005171897821128368]"
76013,RANDOM_ACTION,MODE_GAIN,8,200,16,0.3042520419999981,0.061196304857730865,0.03091391921043396,"[7.191636562347412, 7.133343696594238, -2.2727210521698, -2.265873670578003, 1.9957836866378784, -1.9384491443634033, -0.00577107910066843, -0.00824052281677723]"
76013,RANDOM_ACTION,NO_CONTEXT,6,200,16,0.2513497909999991,0.12431397289037704,0.09958266168832779,"[7.540154933929443, 7.506314277648926, -1.2134034633636475, -1.2397217750549316, -0.0027628482785075903, -0.00505561288446188]"
76013,RANDOM_ACTION,ADDITIVE_RNN_MATCHED,8,200,16,0.2748215409999979,1.521350383758545,0.04801953881978989,"[2.4672176837921143, 2.4629786014556885, 0.18280741572380066, 0.16343554854393005, -0.00030979205621406436, -0.0036205826327204704, -3.3206495572812855e-05, -0.00044729223009198904]"
76013,RANDOM_ACTION,BILINEAR_RNN_MATCHED,8,200,16,0.2764823330000006,1.521350383758545,0.0460140198469162,"[2.342012405395508, 2.348283052444458, 0.15961851179599762, 0.1598052829504013, 0.03893265128135681, -0.012071298435330391, -0.0007205274887382984, -0.0019354503601789474]"
76013,TEACHER_MIXED_CLOSED_LOOP,MODE_GAIN,8,200,16,0.3064467089999994,0.04682032763957977,0.030525838769972325,"[4.368607044219971, 3.27091383934021, -1.5159043073654175, -1.1155709028244019, 0.978845477104187, -0.7326810956001282, -0.0030220188200473785, -0.007282858714461327]"
76013,TEACHER_MIXED_CLOSED_LOOP,NO_CONTEXT,6,200,16,0.25255966700000343,0.0417076013982296,0.03431431632488966,"[5.093875885009766, 4.5325541496276855, -0.8528815507888794, -0.7321475744247437, 0.002583838999271393, -0.0044558485969901085]"
76013,TEACHER_MIXED_CLOSED_LOOP,ADDITIVE_RNN_MATCHED,8,200,16,0.27454741700000085,0.16918569803237915,0.03600714486092329,"[1.8719277381896973, 1.6512978076934814, 0.23733413219451904, 0.26030537486076355, -0.001115967519581318, -0.0039647482335567474, -0.0023420313373208046, -0.0005819855723530054]"
76013,TEACHER_MIXED_CLOSED_LOOP,BILINEAR_RNN_MATCHED,8,200,16,0.27534158299999945,0.16918569803237915,0.03260756842792034,"[1.7141841650009155, 1.6677342653274536, 0.13522273302078247, 0.21670623123645782, 0.11253385245800018, -0.08156644552946091, -0.003559380304068327, -0.00093087024288252]"
76014,RANDOM_ACTION,MODE_GAIN,8,200,16,0.3096700830000003,0.05890532582998276,0.036009516566991806,"[7.171976566314697, 6.996100425720215, -2.2863447666168213, -2.0891919136047363, 1.9233397245407104, -1.9398008584976196, 0.001664294977672398, 0.0049666292034089565]"
76014,RANDOM_ACTION,NO_CONTEXT,6,200,16,0.2542566660000034,0.13665388524532318,0.09804878458380699,"[7.466867923736572, 7.356080532073975, -1.158632755279541, -1.0547066926956177, -0.006764981895685196, -0.014129565097391605]"
76014,RANDOM_ACTION,ADDITIVE_RNN_MATCHED,8,200,16,0.27323145799999793,2.024477481842041,0.05522209070622921,"[2.458669662475586, 2.4476430416107178, 0.16715088486671448, 0.1718687117099762, 0.008747102692723274, -0.010163534432649612, -0.0021660856436938047, 0.005866635125130415]"
76014,RANDOM_ACTION,BILINEAR_RNN_MATCHED,8,200,16,0.2771236669999979,2.024477481842041,0.05185856968164444,"[2.336179494857788, 2.344287633895874, 0.15935920178890228, 0.17004480957984924, 0.027030685916543007, -0.004023170564323664, -0.002437875373288989, 0.005633691791445017]"
76014,TEACHER_MIXED_CLOSED_LOOP,MODE_GAIN,8,200,16,0.30692708299999794,0.04413549602031708,0.033619932271540164,"[3.6182262897491455, 3.9680731296539307, -1.3069769144058228, -1.0300321578979492, 0.941057026386261, -0.7091313600540161, 0.002716737799346447, 0.006117670796811581]"
76014,TEACHER_MIXED_CLOSED_LOOP,NO_CONTEXT,6,200,16,0.25360691699999904,0.035898756235837936,0.0374180605635047,"[4.797267913818359, 5.306684494018555, -0.7455310225486755, -0.6408951878547668, 0.005757500883191824, 0.0019016426522284746]"
76014,TEACHER_MIXED_CLOSED_LOOP,ADDITIVE_RNN_MATCHED,8,200,16,0.2734689169999953,0.2850504219532013,0.0413636215031147,"[1.895768404006958, 2.0597422122955322, 0.23999547958374023, 0.23769888281822205, -0.0075567178428173065, -0.006892130710184574, 0.0007679911213926971, 0.010181189514696598]"
76014,TEACHER_MIXED_CLOSED_LOOP,BILINEAR_RNN_MATCHED,8,200,16,0.27637512499999417,0.2850504219532013,0.03571449536830187,"[1.8049427270889282, 2.012213706970215, 0.17118489742279053, 0.1961909979581833, 0.10877980291843414, -0.07707849144935608, -0.00166597671341151, 0.006881075911223888]"
76015,RANDOM_ACTION,MODE_GAIN,8,200,16,0.31042616599999917,0.05285869911313057,0.035048949904739855,"[7.121557712554932, 7.119017601013184, -2.21930193901062, -2.2010276317596436, 2.0769708156585693, -1.94577157497406, 0.010052647441625595, 0.009938597679138184]"
76015,RANDOM_ACTION,NO_CONTEXT,6,200,16,0.2508989999999969,0.08701086044311523,0.11559686362743378,"[7.4843058586120605, 7.537765026092529, -1.2521392107009888, -1.2958197593688965, -0.007884595543146133, 0.0016907830722630024]"
76015,RANDOM_ACTION,ADDITIVE_RNN_MATCHED,8,200,16,0.2739062089999962,0.9755959510803223,0.060009396821260455,"[2.434157371520996, 2.435927629470825, 0.1765177845954895, 0.1694389432668686, 0.00599012291058898, -0.007377138361334801, -0.0023431521840393543, 0.003975938074290752]"
76015,RANDOM_ACTION,BILINEAR_RNN_MATCHED,8,200,16,0.277017708999999,0.9755959510803223,0.05792776644229889,"[2.3460354804992676, 2.320863962173462, 0.16735266149044037, 0.17417286336421967, 0.03250163048505783, -0.02081896923482418, 0.00016679801046848297, 0.0017840772634372115]"
76015,TEACHER_MIXED_CLOSED_LOOP,MODE_GAIN,8,200,16,0.3075899580000012,0.03970780968666077,0.03439471982419491,"[3.764547109603882, 3.8033719062805176, -1.3519861698150635, -1.157848834991455, 0.9725963473320007, -0.7389962673187256, 0.002248707227408886, 0.007409855257719755]"
76015,TEACHER_MIXED_CLOSED_LOOP,NO_CONTEXT,6,200,16,0.25320270800000344,0.03328268229961395,0.039937368407845494,"[5.034609794616699, 4.748570919036865, -0.7091572880744934, -0.7892585396766663, -0.008563734591007233, 0.008424215018749237]"
76015,TEACHER_MIXED_CLOSED_LOOP,ADDITIVE_RNN_MATCHED,8,200,16,0.2723967089999988,0.13191565871238708,0.04180053062736988,"[1.755835771560669, 1.8115944862365723, 0.26259756088256836, 0.24769273400306702, 0.0026599520351737738, 0.005638791713863611, -0.0036229905672371387, 0.004801823757588863]"
76015,TEACHER_MIXED_CLOSED_LOOP,BILINEAR_RNN_MATCHED,8,200,16,0.2748036670000005,0.13191565871238708,0.03730673566460609,"[1.7766846418380737, 1.75196373462677, 0.175543412566185, 0.20410539209842682, 0.13247030973434448, -0.0929449275135994, -0.00423396285623312, 0.0038989041931927204]"
76016,RANDOM_ACTION,MODE_GAIN,8,200,16,0.30827283300000374,0.06195440515875816,0.03829392082989216,"[7.216662406921387, 7.099309921264648, -2.2450852394104004, -2.2068026065826416, 2.027498960494995, -2.0010390281677246, -0.005220519378781319, -0.0043791513890028]"
76016,RANDOM_ACTION,NO_CONTEXT,6,200,16,0.25481287499999894,0.132135808467865,0.12049138247966766,"[7.538712978363037, 7.492900371551514, -1.192837119102478, -0.9958978891372681, 0.012818785384297371, 0.020294200628995895]"
76016,RANDOM_ACTION,ADDITIVE_RNN_MATCHED,8,200,16,0.27552766699999864,2.202406406402588,0.06426815986633301,"[2.4290363788604736, 2.4242963790893555, 0.17092172801494598, 0.185153067111969, -0.002694919938221574, 0.006141172721982002, -0.0018132035620510578, -0.005271624773740768]"
76016,RANDOM_ACTION,BILINEAR_RNN_MATCHED,8,200,16,0.27947887500000235,2.202406406402588,0.06251668483018875,"[2.3038244247436523, 2.3311870098114014, 0.14954280853271484, 0.17824144661426544, 0.03402985632419586, -0.028292307630181313, 0.0014084094436839223, -0.005543181672692299]"
76016,TEACHER_MIXED_CLOSED_LOOP,MODE_GAIN,8,200,16,0.3110826250000045,0.059417854994535446,0.0420872613787651,"[4.787792682647705, 4.7012505531311035, -1.4193193912506104, -1.0428718328475952, 1.1094722747802734, -0.6935982704162598, 0.0036395955830812454, 0.0009970839601010084]"
76016,TEACHER_MIXED_CLOSED_LOOP,NO_CONTEXT,6,200,16,0.25349312499999854,0.05363564193248749,0.04785570837557316,"[5.6346330642700195, 5.815508842468262, -0.7221320867538452, -0.6467838287353516, -0.0018578830640763044, -0.010509710758924484]"
76016,TEACHER_MIXED_CLOSED_LOOP,ADDITIVE_RNN_MATCHED,8,200,16,0.2728785840000043,0.26160144805908203,0.05028931573033333,"[1.931809902191162, 1.988700270652771, 0.2467995285987854, 0.25026923418045044, 0.0016606139251962304, -1.0117626516148448e-05, -0.0005436650244519114, 0.0008768001571297646]"
76016,TEACHER_MIXED_CLOSED_LOOP,BILINEAR_RNN_MATCHED,8,200,16,0.27703770899999824,0.26160144805908203,0.04520389623939991,"[1.9008697271347046, 1.9405226707458496, 0.16731010377407074, 0.21212074160575867, 0.12725333869457245, -0.08274172991514206, -0.0010268279584124684, 0.0014579114504158497]"
76017,RANDOM_ACTION,MODE_GAIN,8,200,16,0.30648324999999943,0.060511671006679535,0.037812025472521785,"[7.1989898681640625, 7.154697418212891, -2.252582311630249, -2.176248550415039, 1.9321213960647583, -2.056567907333374, 0.004098492208868265, 0.00074378727003932]"
76017,RANDOM_ACTION,NO_CONTEXT,6,200,16,0.2525675419999942,0.11654121428728104,0.10777791664004326,"[7.547950267791748, 7.534465312957764, -1.2891572713851929, -1.0382834672927856, 0.010637374594807625, -0.022510070353746414]"
76017,RANDOM_ACTION,ADDITIVE_RNN_MATCHED,8,200,16,0.2714388750000012,1.825530767440796,0.05525174178183079,"[2.4483537673950195, 2.437331199645996, 0.16482727229595184, 0.17759360373020172, -0.0004482740769162774, -0.014378199353814125, -0.0007607032312080264, 0.0013152272440493107]"
76017,RANDOM_ACTION,BILINEAR_RNN_MATCHED,8,200,16,0.274992417,1.825530767440796,0.053498518839478496,"[2.3040544986724854, 2.3319995403289795, 0.1658751666545868, 0.17395652830600739, 0.016466904431581497, -0.022881312295794487, 0.00026522757252678275, 0.0003787481691688299]"
76017,TEACHER_MIXED_CLOSED_LOOP,MODE_GAIN,8,200,16,0.3072381249999978,0.0470903217792511,0.03357326034456491,"[4.911613941192627, 4.175983905792236, -1.4480886459350586, -1.0784672498703003, 0.9735354781150818, -0.7694027423858643, 0.003479643492028117, -0.008212925866246223]"
76017,TEACHER_MIXED_CLOSED_LOOP,NO_CONTEXT,6,200,16,0.2514990000000026,0.04542894661426544,0.0378452979028225,"[5.747638702392578, 5.5241289138793945, -0.7995733618736267, -0.6323858499526978, 0.003684605937451124, -0.012728078290820122]"
76017,TEACHER_MIXED_CLOSED_LOOP,ADDITIVE_RNN_MATCHED,8,200,16,0.2722252500000053,0.21650344133377075,0.039898425340652466,"[1.9613763093948364, 1.9361473321914673, 0.24057774245738983, 0.23790191113948822, 0.0005733351572416723, -0.004124571569263935, -0.0007816092111170292, -0.005474357400089502]"
76017,TEACHER_MIXED_CLOSED_LOOP,BILINEAR_RNN_MATCHED,8,200,16,0.27484570800000085,0.21650344133377075,0.03521883171051741,"[1.9739598035812378, 1.789276361465454, 0.16156163811683655, 0.19581378996372223, 0.11462339758872986, -0.08854500204324722, -0.005470039322972298, -0.004104429390281439]"
76018,RANDOM_ACTION,MODE_GAIN,8,200,16,0.30937516599999526,0.05254480987787247,0.035878021828830244,"[7.156638145446777, 7.07727575302124, -2.197219133377075, -2.2075915336608887, 2.064528465270996, -2.009681224822998, 0.0022023627534508705, -0.0022613434121012688]"
76018,RANDOM_ACTION,NO_CONTEXT,6,200,16,0.24922325,0.10168907046318054,0.10888945385813713,"[7.443331718444824, 7.5026044845581055, -1.0755218267440796, -1.2052675485610962, -0.0039711203426122665, -0.01343921385705471]"
76018,RANDOM_ACTION,ADDITIVE_RNN_MATCHED,8,200,16,0.27294112500000267,1.561172604560852,0.056906423345208165,"[2.45255446434021, 2.4058728218078613, 0.18216761946678162, 0.1777535080909729, -0.001335014938376844, -0.005919304676353931, -0.0009269014117307961, -0.00371611793525517]"
76018,RANDOM_ACTION,BILINEAR_RNN_MATCHED,8,200,16,0.27656499999999795,1.561172604560852,0.054646756127476694,"[2.30220103263855, 2.2651455402374268, 0.18265554308891296, 0.17274516820907593, 0.01733466610312462, -0.039549022912979126, 0.0005155850085429847, -0.003409945871680975]"
76018,TEACHER_MIXED_CLOSED_LOOP,MODE_GAIN,8,200,16,0.30913020799999913,0.04094235599040985,0.03726766686886549,"[5.170838356018066, 5.013449668884277, -1.469749093055725, -1.1880931854248047, 1.127633810043335, -0.8009880185127258, 0.00835723988711834, -0.0025249929167330265]"
76018,TEACHER_MIXED_CLOSED_LOOP,NO_CONTEXT,6,200,16,0.24678233400000238,0.04054757207632065,0.042580528371036055,"[5.919851779937744, 6.031211853027344, -0.6398574709892273, -0.7215499877929688, -0.000711978180333972, 0.00032974500209093094]"
76018,TEACHER_MIXED_CLOSED_LOOP,ADDITIVE_RNN_MATCHED,8,200,16,0.26888025000000226,0.20406906306743622,0.04346554763615131,"[1.916540503501892, 1.9208483695983887, 0.24745678901672363, 0.2430160939693451, 0.0005890897009521723, 0.007382197771221399, -0.0017536096274852753, -0.0011149499332532287]"
76018,TEACHER_MIXED_CLOSED_LOOP,BILINEAR_RNN_MATCHED,8,200,16,0.27720250000000135,0.20406906306743622,0.03832432888448238,"[1.8111251592636108, 1.7362908124923706, 0.19219112396240234, 0.20744797587394714, 0.1432574987411499, -0.08804774284362793, -0.004925599787384272, -0.0018946918426081538]"
76019,RANDOM_ACTION,MODE_GAIN,8,200,16,0.309126415999998,0.05619358271360397,0.033186224102973935,"[7.141080379486084, 7.13114070892334, -2.245335817337036, -2.2003118991851807, 2.0270211696624756, -1.9511637687683105, -0.0009855746757239103, -0.009702194482088089]"
76019,RANDOM_ACTION,NO_CONTEXT,6,200,16,0.25040112500000333,0.1370188295841217,0.1056087665259838,"[7.502269268035889, 7.520771503448486, -1.172552466392517, -1.274490475654602, 0.004345167428255081, -0.004335253499448299]"
76019,RANDOM_ACTION,ADDITIVE_RNN_MATCHED,8,200,16,0.2696752499999988,1.5510363578796387,0.053274060413241384,"[2.4332005977630615, 2.438701868057251, 0.17230790853500366, 0.17923355102539062, 0.005908752791583538, 0.006811217404901981, 0.0001075963955372572, -0.002735824789851904]"
76019,RANDOM_ACTION,BILINEAR_RNN_MATCHED,8,200,16,0.27819491700000043,1.5510363578796387,0.05153555348515511,"[2.3291139602661133, 2.323334217071533, 0.15064087510108948, 0.16308006644248962, 0.044093355536460876, -0.032555416226387024, 0.00036461162380874157, -0.0007898195181041956]"
76019,TEACHER_MIXED_CLOSED_LOOP,MODE_GAIN,8,200,16,0.31067837499999484,0.047838807106018066,0.035245622880756854,"[3.9276270866394043, 3.7599425315856934, -1.4808193445205688, -1.0891196727752686, 1.041379451751709, -0.766879677772522, 0.001498617697507143, -0.0005273292772471905]"
76019,TEACHER_MIXED_CLOSED_LOOP,NO_CONTEXT,6,200,16,0.24791995899999364,0.04396580532193184,0.03987181708216667,"[4.9692511558532715, 4.865625381469727, -0.7099695801734924, -0.6889228820800781, -0.009397659450769424, 0.0025536264292895794]"
76019,TEACHER_MIXED_CLOSED_LOOP,ADDITIVE_RNN_MATCHED,8,200,16,0.26908654100000007,0.2608124315738678,0.041645553521811964,"[2.0760693550109863, 1.7692738771438599, 0.24297669529914856, 0.2623917758464813, 0.005186310037970543, 0.0003342662821523845, 0.0011782438959926367, -0.00015088252257555723]"
76019,TEACHER_MIXED_CLOSED_LOOP,BILINEAR_RNN_MATCHED,8,200,16,0.2745519999999999,0.2608124315738678,0.036945503950119016,"[2.1483983993530273, 1.768721342086792, 0.15184643864631653, 0.20455801486968994, 0.13144207000732422, -0.08572964370250702, 0.0010101442458108068, 0.000878401449881494]"
76020,RANDOM_ACTION,MODE_GAIN,8,200,16,0.3082583750000012,0.0638231635093689,0.03501539919525385,"[7.09188985824585, 7.072361469268799, -2.2559213638305664, -2.210266351699829, 2.003117322921753, -1.974521279335022, -0.006984544452279806, -0.012689360417425632]"
76020,RANDOM_ACTION,NO_CONTEXT,6,200,16,0.2511787919999975,0.14012999832630157,0.09583285376429558,"[7.444279670715332, 7.422700881958008, -1.2207348346710205, -1.2157163619995117, 0.006845712661743164, 0.000508000492118299]"
76020,RANDOM_ACTION,ADDITIVE_RNN_MATCHED,8,200,16,0.2688574579999994,2.4363515377044678,0.06019997373223305,"[2.4574337005615234, 2.4238133430480957, 0.1698584109544754, 0.1626817286014557, -0.019084785133600235, 0.019774489104747772, -0.003726585768163204, -0.0047922320663928986]"
76020,RANDOM_ACTION,BILINEAR_RNN_MATCHED,8,200,16,0.274022875,2.4363515377044678,0.05690301619470119,"[2.334841251373291, 2.3029017448425293, 0.16166722774505615, 0.17049336433410645, 0.027152109891176224, -0.005163819994777441, -0.006357801612466574, -0.002776063047349453]"
76020,TEACHER_MIXED_CLOSED_LOOP,MODE_GAIN,8,200,16,0.3145774590000059,0.045812446624040604,0.03532460443675518,"[4.769972801208496, 4.634891510009766, -1.4858371019363403, -1.0710077285766602, 1.0856536626815796, -0.6661592125892639, -0.003823770210146904, -0.008776330389082432]"
76020,TEACHER_MIXED_CLOSED_LOOP,NO_CONTEXT,6,200,16,0.2547923340000011,0.04903846234083176,0.03911481685936451,"[5.5625410079956055, 5.835788726806641, -0.7840521335601807, -0.7437901496887207, -0.004204330965876579, -0.008038862608373165]"
76020,TEACHER_MIXED_CLOSED_LOOP,ADDITIVE_RNN_MATCHED,8,200,16,0.27217795800000033,0.2636744976043701,0.041740989312529564,"[2.139118194580078, 2.0265657901763916, 0.23605294525623322, 0.23294487595558167, -0.004960972815752029, -0.011428260244429111, -0.004304303787648678, -0.004306418355554342]"
76020,TEACHER_MIXED_CLOSED_LOOP,BILINEAR_RNN_MATCHED,8,200,16,0.27732679100000013,0.2636744976043701,0.037959127128124236,"[2.122789144515991, 1.9377003908157349, 0.15518660843372345, 0.18901793658733368, 0.11792130023241043, -0.060378268361091614, -0.006827550008893013, -0.004686811938881874]"
76021,RANDOM_ACTION,MODE_GAIN,8,200,16,0.30621849999999995,0.06463256478309631,0.03365664631128311,"[7.205413341522217, 7.1463518142700195, -2.309121608734131, -2.1645102500915527, 1.9896999597549438, -1.9351614713668823, -0.015154910273849964, -0.002737893722951412]"
76021,RANDOM_ACTION,NO_CONTEXT,6,200,16,0.2501677499999957,0.13586339354515076,0.09702935107052327,"[7.496518135070801, 7.530699729919434, -1.3080064058303833, -1.1590025424957275, 0.0001195492222905159, 0.007161598186939955]"
76021,RANDOM_ACTION,ADDITIVE_RNN_MATCHED,8,200,16,0.27094804200000056,1.9617085456848145,0.051224105060100555,"[2.466475486755371, 2.4360389709472656, 0.16084443032741547, 0.16849905252456665, -0.014710787683725357, 0.002402151469141245, -0.0058296918869018555, -0.00017198757268488407]"
76021,RANDOM_ACTION,BILINEAR_RNN_MATCHED,8,200,16,0.2732637920000016,1.9617085456848145,0.048734505847096446,"[2.346729278564453, 2.2967336177825928, 0.1515541821718216, 0.16274982690811157, 0.02765287645161152, -0.01976771280169487, -0.0077325450256466866, -0.0009919996373355389]"
76021,TEACHER_MIXED_CLOSED_LOOP,MODE_GAIN,8,200,16,0.3055555839999968,0.048895638436079025,0.031679831072688104,"[4.239329814910889, 3.9375991821289062, -1.5187671184539795, -1.0985527038574219, 0.9354392290115356, -0.6803094148635864, -0.006643227301537991, 0.006701373495161533]"
76021,TEACHER_MIXED_CLOSED_LOOP,NO_CONTEXT,6,200,16,0.24900645799999666,0.04588932543992996,0.036661732383072375,"[4.539130210876465, 5.106049537658691, -0.8355883955955505, -0.6734371781349182, -0.012619527988135815, -0.001750771887600422]"
76021,TEACHER_MIXED_CLOSED_LOOP,ADDITIVE_RNN_MATCHED,8,200,16,0.2670109160000038,0.20991754531860352,0.03907588515430689,"[2.128105401992798, 1.7890726327896118, 0.2175779789686203, 0.24980564415454865, -0.00568200321868062, 0.00781266950070858, -0.0055680349469184875, 0.0011309749679639935]"
76021,TEACHER_MIXED_CLOSED_LOOP,BILINEAR_RNN_MATCHED,8,200,16,0.27284741699999415,0.20991754531860352,0.03352881111204624,"[2.008127212524414, 1.7271537780761719, 0.14674176275730133, 0.20807404816150665, 0.12094665318727493, -0.0843120813369751, -0.004011087119579315, -0.0007385715143755078]"
76022,RANDOM_ACTION,MODE_GAIN,8,200,16,0.3075714579999982,0.0556274838745594,0.03427027519792318,"[7.151828765869141, 7.003054141998291, -2.2462708950042725, -2.1959517002105713, 1.9754114151000977, -1.9576987028121948, 0.00257292203605175, 0.003674177685752511]"
76022,RANDOM_ACTION,NO_CONTEXT,6,200,16,0.25179237500000085,0.11411526054143906,0.11074323132634163,"[7.516577243804932, 7.441661357879639, -1.2031000852584839, -1.2484134435653687, -0.007679743226617575, 0.004473469685763121]"
76022,RANDOM_ACTION,ADDITIVE_RNN_MATCHED,8,200,16,0.2709978329999956,2.063101291656494,0.05565858744084835,"[2.454571485519409, 2.4819202423095703, 0.17072966694831848, 0.16370198130607605, 3.0557624995708466e-05, -0.006649903021752834, 0.006038242019712925, 0.000330478505929932]"
76022,RANDOM_ACTION,BILINEAR_RNN_MATCHED,8,200,16,0.2698191659999978,2.063101291656494,0.05300255753099918,"[2.32995867729187, 2.3755576610565186, 0.14279384911060333, 0.1711103320121765, 0.0423714779317379, -0.01118437945842743, 0.00619924021884799, 0.0011570238275453448]"
76022,TEACHER_MIXED_CLOSED_LOOP,MODE_GAIN,8,200,16,0.3064486250000016,0.04483215510845184,0.036810987442731855,"[4.352955341339111, 3.694662094116211, -1.4848544597625732, -1.1120730638504028, 1.0220909118652344, -0.7164042592048645, 0.00497068278491497, 0.0035603053402155638]"
76022,TEACHER_MIXED_CLOSED_LOOP,NO_CONTEXT,6,200,16,0.25363204100000303,0.03492899239063263,0.04130217581987381,"[5.367879867553711, 5.044320106506348, -0.7964778542518616, -0.6925562024116516, 0.013605021871626377, 0.002524836454540491]"
76022,TEACHER_MIXED_CLOSED_LOOP,ADDITIVE_RNN_MATCHED,8,200,16,0.2728825829999977,0.1971365362405777,0.04464525002986193,"[2.195017099380493, 1.9288207292556763, 0.21875524520874023, 0.23798733949661255, -0.0009920904412865639, 0.01706709899008274, 0.003713991492986679, 0.000631912553217262]"
76022,TEACHER_MIXED_CLOSED_LOOP,BILINEAR_RNN_MATCHED,8,200,16,0.2738811249999955,0.1971365362405777,0.04025279991328716,"[2.0790843963623047, 1.8875610828399658, 0.1423320323228836, 0.186679407954216, 0.1035941019654274, -0.08308884501457214, 0.0038395647425204515, 0.0009019775316119194]"
76023,RANDOM_ACTION,MODE_GAIN,8,200,16,0.30651474999999806,0.07703638076782227,0.03516524955630303,"[7.172109603881836, 7.118122577667236, -2.272552728652954, -2.2184956073760986, 2.057150363922119, -2.037994861602783, -0.01000930741429329, 0.008507762104272842]"
76023,RANDOM_ACTION,NO_CONTEXT,6,200,16,0.2540489580000056,0.14679844677448273,0.12006852850317955,"[7.420078277587891, 7.580744743347168, -1.2293058633804321, -1.3283703327178955, -0.0182083360850811, 0.008216840215027332]"
76023,RANDOM_ACTION,ADDITIVE_RNN_MATCHED,8,200,16,0.27460525000000047,1.620704174041748,0.05994378961622715,"[2.423947811126709, 2.459035873413086, 0.17485539615154266, 0.16876953840255737, 0.017701538279652596, 0.0013211966725066304, -0.0035243884194642305, 0.003222112078219652]"
76023,RANDOM_ACTION,BILINEAR_RNN_MATCHED,8,200,16,0.27280787499999803,1.620704174041748,0.05831551812589168,"[2.3287949562072754, 2.363358736038208, 0.15323613584041595, 0.15939044952392578, 0.03377162665128708, -0.029856547713279724, -0.002236983273178339, 0.003459715284407139]"
76023,TEACHER_MIXED_CLOSED_LOOP,MODE_GAIN,8,200,16,0.30556441699999937,0.0490957573056221,0.03743818588554859,"[3.950533628463745, 4.06719970703125, -1.344963550567627, -1.1285594701766968, 1.01618492603302, -0.7570797801017761, -0.010000455193221569, 0.006605403497815132]"
76023,TEACHER_MIXED_CLOSED_LOOP,NO_CONTEXT,6,200,16,0.25019116600000046,0.043588388711214066,0.0421913281083107,"[5.408963680267334, 5.068717002868652, -0.7062506079673767, -0.7079975008964539, -0.011994177475571632, 0.013546764850616455]"
76023,TEACHER_MIXED_CLOSED_LOOP,ADDITIVE_RNN_MATCHED,8,200,16,0.2755715830000014,0.20115014910697937,0.043759237974882126,"[2.0110280513763428, 1.7963801622390747, 0.23969633877277374, 0.24893122911453247, 0.00733140530064702, 7.739569991827011e-05, -0.0035361070185899734, 0.003921587951481342]"
76023,TEACHER_MIXED_CLOSED_LOOP,BILINEAR_RNN_MATCHED,8,200,16,0.2758086660000032,0.20115014910697937,0.04009251706302166,"[1.9450314044952393, 1.763228178024292, 0.1678377389907837, 0.20405453443527222, 0.12303398549556732, -0.08268798887729645, -0.0035442356020212173, 0.005061056464910507]"
76024,RANDOM_ACTION,MODE_GAIN,8,200,16,0.30708791700000404,0.05368643254041672,0.034583849087357524,"[7.073792934417725, 7.045647621154785, -2.2568519115448, -2.1794867515563965, 1.933286190032959, -1.916648030281067, -0.002469730330631137, -0.0058094169944524765]"
76024,RANDOM_ACTION,NO_CONTEXT,6,200,16,0.25181708299999883,0.11221885681152344,0.0985700398683548,"[7.466252326965332, 7.474196910858154, -1.1985070705413818, -1.2714167833328247, 0.0074899159371852875, 0.005150534212589264]"
76024,RANDOM_ACTION,ADDITIVE_RNN_MATCHED,8,200,16,0.2716932920000019,1.7940332889556885,0.05433970130980015,"[2.464027166366577, 2.4111135005950928, 0.16693784296512604, 0.17749500274658203, -0.01598062738776207, 0.013060999102890491, 0.002593367826193571, -0.006958945654332638]"
76024,RANDOM_ACTION,BILINEAR_RNN_MATCHED,8,200,16,0.27776504200000574,1.7940332889556885,0.05124241597950459,"[2.3338420391082764, 2.274848222732544, 0.15817421674728394, 0.16835801303386688, 0.037573929876089096, -0.031160453334450722, -0.0020105030853301287, -0.0025913577992469072]"
76024,TEACHER_MIXED_CLOSED_LOOP,MODE_GAIN,8,200,16,0.30554016699999664,0.03834840655326843,0.03250040281563997,"[4.293095111846924, 3.998138904571533, -1.4716525077819824, -1.2060937881469727, 1.0547764301300049, -0.7626506686210632, 0.0008875354542396963, -0.005844317842274904]"
76024,TEACHER_MIXED_CLOSED_LOOP,NO_CONTEXT,6,200,16,0.2479680000000002,0.036725711077451706,0.03652371149510145,"[5.2181830406188965, 5.19209098815918, -0.7489230632781982, -0.7793008685112, -0.011627079918980598, -0.0015670033171772957]"
76024,TEACHER_MIXED_CLOSED_LOOP,ADDITIVE_RNN_MATCHED,8,200,16,0.27205704200000014,0.2359807789325714,0.03951223939657211,"[2.1465816497802734, 1.7341296672821045, 0.2277218997478485, 0.2557278871536255, -0.005244316067546606, -0.00097628403455019, -0.003275622148066759, -0.0037713046185672283]"
76024,TEACHER_MIXED_CLOSED_LOOP,BILINEAR_RNN_MATCHED,8,200,16,0.2774219579999979,0.2359807789325714,0.03529238533228636,"[2.1252076625823975, 1.689347267150879, 0.147449791431427, 0.20452921092510223, 0.11612912267446518, -0.09946555644273758, -0.003002854995429516, -0.0049304659478366375]"
76025,RANDOM_ACTION,MODE_GAIN,8,200,16,0.3102491660000055,0.0744841918349266,0.034761149995028974,"[7.256802082061768, 7.010956764221191, -2.3098888397216797, -2.222559928894043, 1.997310757637024, -1.9598671197891235, 0.005647445563226938, 0.0016118789790198207]"
76025,RANDOM_ACTION,NO_CONTEXT,6,200,16,0.2496817500000006,0.17014917731285095,0.10232741832733154,"[7.588294506072998, 7.437587261199951, -1.2654622793197632, -1.1652804613113403, 0.00564842764288187, -0.02664998546242714]"
76025,RANDOM_ACTION,ADDITIVE_RNN_MATCHED,8,200,16,0.26707245799999413,2.293576240539551,0.054232611507177356,"[2.4170827865600586, 2.473590135574341, 0.1749015897512436, 0.16504548490047455, -0.00080952636199072, -0.004006857518106699, 0.002772195963189006, 0.004689615685492754]"
76025,RANDOM_ACTION,BILINEAR_RNN_MATCHED,8,200,16,0.2724003750000037,2.293576240539551,0.05247298516333103,"[2.3043394088745117, 2.383735418319702, 0.1588958203792572, 0.16109824180603027, 0.0491224080324173, -0.01452984381467104, 0.002103272592648864, 0.0038241820875555277]"
76025,TEACHER_MIXED_CLOSED_LOOP,MODE_GAIN,8,200,16,0.30698137499999945,0.05431681498885155,0.03428146746009588,"[4.018704891204834, 4.540857315063477, -1.4720412492752075, -1.2644555568695068, 1.0216196775436401, -0.7887669205665588, 0.010588787496089935, 0.012770452536642551]"
76025,TEACHER_MIXED_CLOSED_LOOP,NO_CONTEXT,6,200,16,0.2497779579999957,0.0520738922059536,0.03876518253237009,"[5.077579498291016, 5.5703301429748535, -0.8147671818733215, -0.7901172637939453, 0.0024729017168283463, 0.012004649266600609]"
76025,TEACHER_MIXED_CLOSED_LOOP,ADDITIVE_RNN_MATCHED,8,200,16,0.27036754200000246,0.2742139995098114,0.04277846999466419,"[2.095590591430664, 2.1045937538146973, 0.22169630229473114, 0.21958237886428833, 0.0022793286480009556, 0.002831279532983899, -0.0008518295362591743, 0.009252108633518219]"
76025,TEACHER_MIXED_CLOSED_LOOP,BILINEAR_RNN_MATCHED,8,200,16,0.27574837499999916,0.2742139995098114,0.037729210965335366,"[2.0970308780670166, 2.0267300605773926, 0.14235994219779968, 0.16751866042613983, 0.1186072826385498, -0.0671708881855011, -9.271933231502771e-05, 0.00874317530542612]"
76026,RANDOM_ACTION,MODE_GAIN,8,200,16,0.30583595800000296,0.061859503388404846,0.03637676127254963,"[7.087835311889648, 7.1913323402404785, -2.2547268867492676, -2.1857640743255615, 1.952873945236206, -1.870741605758667, 0.0026377271860837936, -0.006565272808074951]"
76026,RANDOM_ACTION,NO_CONTEXT,6,200,16,0.2504199999999983,0.13093377649784088,0.1062535211443901,"[7.59556245803833, 7.560113430023193, -1.3187793493270874, -1.396466851234436, 0.008167005144059658, -0.00031041447073221207]"
76026,RANDOM_ACTION,ADDITIVE_RNN_MATCHED,8,200,16,0.27367808300000007,1.3477742671966553,0.05975562892854214,"[2.4691693782806396, 2.4300529956817627, 0.16780900955200195, 0.1652534157037735, -0.0038502600509673357, -0.006426339969038963, -0.0006118742749094963, 0.0021876280661672354]"
76026,RANDOM_ACTION,BILINEAR_RNN_MATCHED,8,200,16,0.2754394170000012,1.3477742671966553,0.058431065455079076,"[2.3891260623931885, 2.3070974349975586, 0.15086236596107483, 0.16053451597690582, 0.03894352540373802, -0.03281249478459358, -0.00013923016376793385, 0.0010954970493912697]"
76026,TEACHER_MIXED_CLOSED_LOOP,MODE_GAIN,8,200,16,0.31048712500000164,0.03816710785031319,0.0380059028044343,"[3.2060632705688477, 2.5891549587249756, -1.3963496685028076, -1.0676770210266113, 1.0305532217025757, -0.659148097038269, -0.005632012151181698, 0.013246576301753521]"
76026,TEACHER_MIXED_CLOSED_LOOP,NO_CONTEXT,6,200,16,0.24902424999999795,0.03124427981674671,0.041699095629155636,"[4.172645568847656, 3.3570239543914795, -0.8106037974357605, -0.7673467993736267, 0.004043288994580507, 0.012419461272656918]"
76026,TEACHER_MIXED_CLOSED_LOOP,ADDITIVE_RNN_MATCHED,8,200,16,0.2719792090000013,0.16725781559944153,0.0444686658680439,"[1.9474427700042725, 1.6435810327529907, 0.22680895030498505, 0.25063061714172363, -0.0001757539575919509, 0.008382944390177727, 0.0012475063558667898, 0.0048954370431602]"
76026,TEACHER_MIXED_CLOSED_LOOP,BILINEAR_RNN_MATCHED,8,200,16,0.2764544999999998,0.16725781559944153,0.03923343326896429,"[1.954657793045044, 1.658338189125061, 0.1479443907737732, 0.19615770876407623, 0.12968702614307404, -0.09416089206933975, 0.0012590973637998104, 0.001796895987354219]"
76027,RANDOM_ACTION,MODE_GAIN,8,200,16,0.3068988750000017,0.05586148798465729,0.0343165485188365,"[7.165787696838379, 7.050949573516846, -2.2025387287139893, -2.2129218578338623, 2.05483341217041, -1.8187888860702515, -0.00884520448744297, 0.0010656507220119238]"
76027,RANDOM_ACTION,NO_CONTEXT,6,200,16,0.25352541699999875,0.10984626412391663,0.10407105013728142,"[7.540789604187012, 7.471784591674805, -1.2144299745559692, -1.269995093345642, -0.011455513536930084, 0.01892980746924877]"
76027,RANDOM_ACTION,ADDITIVE_RNN_MATCHED,8,200,16,0.2717708750000014,1.5403549671173096,0.05777182690799236,"[2.4314990043640137, 2.445319652557373, 0.1748020052909851, 0.16819752752780914, -0.0005502859130501747, 0.016415584832429886, -0.011887380853295326, -0.0008742433274164796]"
76027,RANDOM_ACTION,BILINEAR_RNN_MATCHED,8,200,16,0.27814937500000525,1.5403549671173096,0.05551702082157135,"[2.3125972747802734, 2.3404910564422607, 0.16610072553157806, 0.15612299740314484, 0.028530726209282875, -0.03632074221968651, -0.0093374690040946, -0.002089548157528043]"
76027,TEACHER_MIXED_CLOSED_LOOP,MODE_GAIN,8,200,16,0.30702795800000615,0.04529160261154175,0.031996297650039196,"[4.599571704864502, 3.598719596862793, -1.5266025066375732, -1.3541698455810547, 1.0794007778167725, -0.8432358503341675, -0.008339115418493748, 0.004759793635457754]"
76027,TEACHER_MIXED_CLOSED_LOOP,NO_CONTEXT,6,200,16,0.24891891699999746,0.04211299121379852,0.03729854840785265,"[5.33015775680542, 3.75468111038208, -0.7416620254516602, -0.8711099624633789, -0.01613888144493103, 0.011218998581171036]"
76027,TEACHER_MIXED_CLOSED_LOOP,ADDITIVE_RNN_MATCHED,8,200,16,0.2677390419999952,0.1854032725095749,0.04120085835456848,"[1.8909993171691895, 1.8167448043823242, 0.2343985140323639, 0.22357866168022156, -0.0009458692511543632, -0.0038746390491724014, -0.0037186206318438053, 0.0017486871220171452]"
76027,TEACHER_MIXED_CLOSED_LOOP,BILINEAR_RNN_MATCHED,8,200,16,0.2761361670000042,0.1854032725095749,0.03529046960175038,"[1.8392183780670166, 1.801233172416687, 0.13909262418746948, 0.17349806427955627, 0.12757237255573273, -0.10772705078125, -0.002216742839664221, 0.002310193609446287]"
76028,RANDOM_ACTION,MODE_GAIN,8,200,16,0.30744895800000194,0.0507870651781559,0.0389846857637167,"[7.156008243560791, 7.108532428741455, -2.2356114387512207, -2.172551393508911, 1.9674749374389648, -1.9688376188278198, -0.012370063923299313, 0.0030277222394943237]"
76028,RANDOM_ACTION,NO_CONTEXT,6,200,16,0.24750100000001396,0.10635755211114883,0.11136274486780166,"[7.5150861740112305, 7.442704677581787, -1.2491729259490967, -1.1424572467803955, 0.019288547337055206, -0.01136004738509655]"
76028,RANDOM_ACTION,ADDITIVE_RNN_MATCHED,8,200,16,0.2708052499999951,1.7533628940582275,0.05660328231751919,"[2.4527430534362793, 2.4471492767333984, 0.16780225932598114, 0.17109675705432892, -0.018994024023413658, 0.0020300971809774637, -0.0012377835810184479, 8.0149678979069e-05]"
76028,RANDOM_ACTION,BILINEAR_RNN_MATCHED,8,200,16,0.2729186249999884,1.7533628940582275,0.05505548007786274,"[2.3433122634887695, 2.3481500148773193, 0.15370719134807587, 0.18659071624279022, 0.023489365354180336, 0.003667514305561781, -0.002017245627939701, -7.418397581204772e-05]"
76028,TEACHER_MIXED_CLOSED_LOOP,MODE_GAIN,8,200,16,0.30385979199999724,0.04875030368566513,0.03613619264215231,"[4.1539740562438965, 4.680583477020264, -1.4796819686889648, -1.1426606178283691, 0.9813668727874756, -0.7762144207954407, 0.00520025659352541, 0.003004283644258976]"
76028,TEACHER_MIXED_CLOSED_LOOP,NO_CONTEXT,6,200,16,0.24990250000000458,0.04292728751897812,0.04033820927143097,"[5.011335849761963, 5.78705358505249, -0.8679486513137817, -0.6872020959854126, 0.01072433777153492, -0.005482076667249203]"
76028,TEACHER_MIXED_CLOSED_LOOP,ADDITIVE_RNN_MATCHED,8,200,16,0.27546925000000044,0.13020479679107666,0.0428176861256361,"[1.9204667806625366, 1.9735829830169678, 0.23246587812900543, 0.24405701458454132, -0.0042555914260447025, -0.009206448681652546, 0.003516792319715023, -0.0025142861995846033]"
76028,TEACHER_MIXED_CLOSED_LOOP,BILINEAR_RNN_MATCHED,8,200,16,0.27483120799999483,0.13020479679107666,0.03801496215164661,"[1.8291136026382446, 1.9032831192016602, 0.15999598801136017, 0.19791445136070251, 0.12365193665027618, -0.08804032951593399, 0.0015700721414759755, -0.0009563206695020199]"
76029,RANDOM_ACTION,MODE_GAIN,8,200,16,0.30743637499999465,0.054569732397794724,0.03494699150323868,"[7.185058116912842, 7.106311321258545, -2.2879161834716797, -2.1689560413360596, 1.9896464347839355, -1.9193767309188843, -0.0011653496185317636, -0.007513498887419701]"
76029,RANDOM_ACTION,NO_CONTEXT,6,200,16,0.25438416600000835,0.09035493433475494,0.10285416543483734,"[7.528780937194824, 7.497464656829834, -1.3412137031555176, -1.0466820001602173, -0.011265906505286694, -0.009424082934856415]"
76029,RANDOM_ACTION,ADDITIVE_RNN_MATCHED,8,200,16,0.2758335420000009,0.9945716261863708,0.055958478897809985,"[2.4611780643463135, 2.423633098602295, 0.1740158498287201, 0.17171207070350647, -0.0019336555851623416, -0.012518348172307014, 0.001835874281823635, 0.00171659083571285]"
76029,RANDOM_ACTION,BILINEAR_RNN_MATCHED,8,200,16,0.2773509999999959,0.9945716261863708,0.05304617881774902,"[2.3419554233551025, 2.321286678314209, 0.15791398286819458, 0.16688092052936554, 0.030493266880512238, -0.03178464248776436, -6.803020369261503e-05, -0.00014405243564397097]"
76029,TEACHER_MIXED_CLOSED_LOOP,MODE_GAIN,8,200,16,0.3031689999999969,0.04049030318856239,0.036970346607267855,"[3.612788438796997, 3.571986198425293, -1.4141374826431274, -1.1947200298309326, 0.9649861454963684, -0.7610956430435181, 0.002526763128116727, -0.0010609824676066637]"
76029,TEACHER_MIXED_CLOSED_LOOP,NO_CONTEXT,6,200,16,0.2565539999999942,0.03506093844771385,0.04139687828719616,"[4.193697929382324, 4.2857441902160645, -0.8227517008781433, -0.7265816926956177, 0.0017970581538975239, 0.007065277546644211]"
76029,TEACHER_MIXED_CLOSED_LOOP,ADDITIVE_RNN_MATCHED,8,200,16,0.26958774999999946,0.12375316023826599,0.04489459656178951,"[1.7287795543670654, 1.9569276571273804, 0.2560357451438904, 0.24043534696102142, -0.008629076182842255, -0.013508809730410576, 0.0001231450296472758, 0.002464348217472434]"
76029,TEACHER_MIXED_CLOSED_LOOP,BILINEAR_RNN_MATCHED,8,200,16,0.273104165999996,0.12375316023826599,0.039743800088763236,"[1.7184414863586426, 1.8835283517837524, 0.17498908936977386, 0.19007064402103424, 0.12228426337242126, -0.09389068186283112, 0.0010992190800607204, 0.0019046948291361332]"
